ID,Üniversite,Yerleşke Adı,İl,Lat,Lng
1001-merkez-kampus,"ABANT İZZET BAYSAL ÜNİVERSİTESİ","Merkez Kampüs","DEVLET ÜNIVERSITESI",,
1001-bolu-meslek-yuksekokulu,"ABANT İZZET BAYSAL ÜNİVERSİTESİ","BOLU MESLEK YÜKSEKOKULU","DEVLET ÜNIVERSITESI",,
1001-bolu-tekni-k-bi-li-mler-meslek-yuksekokulu,"ABANT İZZET BAYSAL ÜNİVERSİTESİ","BOLU TEKNİK BİLİMLER MESLEK YÜKSEKOKULU","DEVLET ÜNIVERSITESI",,
1001-gerede-meslek-yuksekokulu,"ABANT İZZET BAYSAL ÜNİVERSİTESİ","GEREDE MESLEK YÜKSEKOKULU","DEVLET ÜNIVERSITESI",,
1001-mehmet-tanrikulu-saglik-hi-zmetleri-meslek-yuksekokulu,"ABANT İZZET BAYSAL ÜNİVERSİTESİ","MEHMET TANRIKULU SAĞLIK HİZMETLERİ MESLEK YÜKSEKOKULU","DEVLET ÜNIVERSITESI",,
1001-mengen-meslek-yuksekokulu,"ABANT İZZET BAYSAL ÜNİVERSİTESİ","MENGEN MESLEK YÜKSEKOKULU","DEVLET ÜNIVERSITESI",,
1001-mudurnu-sureyya-astarci-meslek-yuksekokulu,"ABANT İZZET BAYSAL ÜNİVERSİTESİ","MUDURNU SÜREYYA ASTARCI MESLEK YÜKSEKOKULU","DEVLET ÜNIVERSITESI",,
1001-yeni-caga-yasar-celi-k-meslek-yuksekokulu,"ABANT İZZET BAYSAL ÜNİVERSİTESİ","YENİÇAĞA YAŞAR ÇELİK MESLEK YÜKSEKOKULU","DEVLET ÜNIVERSITESI",,
1002-merkez-kampus,"ADIYAMAN ÜNİVERSİTESİ","Merkez Kampüs","DEVLET ÜNIVERSITESI",,
1002-zi-raat-fakultesi-kahta,"ADIYAMAN ÜNİVERSİTESİ","ZİRAAT FAKÜLTESİ (Kahta)","DEVLET ÜNIVERSITESI",,
1002-besni-ali-erdemoglu-meslek-yuksekokulu,"ADIYAMAN ÜNİVERSİTESİ","BESNİ ALİ ERDEMOĞLU MESLEK YÜKSEKOKULU","DEVLET ÜNIVERSITESI",,
1002-golbasi-meslek-yuksekokulu,"ADIYAMAN ÜNİVERSİTESİ","GÖLBAŞI MESLEK YÜKSEKOKULU","DEVLET ÜNIVERSITESI",,
1002-kahta-meslek-yuksekokulu,"ADIYAMAN ÜNİVERSİTESİ","KAHTA MESLEK YÜKSEKOKULU","DEVLET ÜNIVERSITESI",,
1002-saglik-hi-zmetleri-meslek-yuksekokulu,"ADIYAMAN ÜNİVERSİTESİ","SAĞLIK HİZMETLERİ MESLEK YÜKSEKOKULU","DEVLET ÜNIVERSITESI",,
1002-sosyal-bi-li-mler-meslek-yuksekokulu,"ADIYAMAN ÜNİVERSİTESİ","SOSYAL BİLİMLER MESLEK YÜKSEKOKULU","DEVLET ÜNIVERSITESI",,
1002-tekni-k-bi-li-mler-meslek-yuksekokulu,"ADIYAMAN ÜNİVERSİTESİ","TEKNİK BİLİMLER MESLEK YÜKSEKOKULU","DEVLET ÜNIVERSITESI",,
1003-merkez-kampus,"ADNAN MENDERES ÜNİVERSİTESİ","Merkez Kampüs","DEVLET ÜNIVERSITESI",,
1003-aydin-meslek-yuksekokulu,"ADNAN MENDERES ÜNİVERSİTESİ","AYDIN MESLEK YÜKSEKOKULU","DEVLET ÜNIVERSITESI",,
1003-aydin-saglik-hi-zmetleri-meslek-yuksekokulu,"ADNAN MENDERES ÜNİVERSİTESİ","AYDIN SAĞLIK HİZMETLERİ MESLEK YÜKSEKOKULU","DEVLET ÜNIVERSITESI",,
1003-bozdogan-meslek-yuksekokulu,"ADNAN MENDERES ÜNİVERSİTESİ","BOZDOĞAN MESLEK YÜKSEKOKULU","DEVLET ÜNIVERSITESI",,
1003-ci-ne-meslek-yuksekokulu,"ADNAN MENDERES ÜNİVERSİTESİ","ÇİNE MESLEK YÜKSEKOKULU","DEVLET ÜNIVERSITESI",,
1003-di-di-m-meslek-yuksekokulu,"ADNAN MENDERES ÜNİVERSİTESİ","DİDİM MESLEK YÜKSEKOKULU","DEVLET ÜNIVERSITESI",,
1003-germenci-k-yamanturk-meslek-yuksekokulu,"ADNAN MENDERES ÜNİVERSİTESİ","GERMENCİK YAMANTÜRK MESLEK YÜKSEKOKULU","DEVLET ÜNIVERSITESI",,
1003-karacasu-memnune-i-nci-meslek-yuksekokulu,"ADNAN MENDERES ÜNİVERSİTESİ","KARACASU MEMNUNE İNCİ MESLEK YÜKSEKOKULU","DEVLET ÜNIVERSITESI",,
1003-kocarli-meslek-yuksekokulu,"ADNAN MENDERES ÜNİVERSİTESİ","KOÇARLI MESLEK YÜKSEKOKULU","DEVLET ÜNIVERSITESI",,
1003-kosk-meslek-yuksekokulu,"ADNAN MENDERES ÜNİVERSİTESİ","KÖŞK MESLEK YÜKSEKOKULU","DEVLET ÜNIVERSITESI",,
1003-kusadasi-davutlar-meslek-yuksekokulu,"ADNAN MENDERES ÜNİVERSİTESİ","KUŞADASI DAVUTLAR MESLEK YÜKSEKOKULU","DEVLET ÜNIVERSITESI",,
1003-nazi-lli-meslek-yuksekokulu,"ADNAN MENDERES ÜNİVERSİTESİ","NAZİLLİ MESLEK YÜKSEKOKULU","DEVLET ÜNIVERSITESI",,
1003-nazi-lli-saglik-hi-zmetleri-meslek-yuksekokulu,"ADNAN MENDERES ÜNİVERSİTESİ","NAZİLLİ SAĞLIK HİZMETLERİ MESLEK YÜKSEKOKULU","DEVLET ÜNIVERSITESI",,
1003-soke-meslek-yuksekokulu,"ADNAN MENDERES ÜNİVERSİTESİ","SÖKE MESLEK YÜKSEKOKULU","DEVLET ÜNIVERSITESI",,
1003-soke-saglik-hi-zmetleri-meslek-yuksekokulu,"ADNAN MENDERES ÜNİVERSİTESİ","SÖKE SAĞLIK HİZMETLERİ MESLEK YÜKSEKOKULU","DEVLET ÜNIVERSITESI",,
1003-sultanhi-sar-meslek-yuksekokulu,"ADNAN MENDERES ÜNİVERSİTESİ","SULTANHİSAR MESLEK YÜKSEKOKULU","DEVLET ÜNIVERSITESI",,
1003-yeni-pazar-meslek-yuksekokulu,"ADNAN MENDERES ÜNİVERSİTESİ","YENİPAZAR MESLEK YÜKSEKOKULU","DEVLET ÜNIVERSITESI",,
1004-di-nar-uygulamali-bi-li-mler-yuksekokulu,"AFYON KOCATEPE ÜNİVERSİTESİ","DİNAR UYGULAMALI BİLİMLER YÜKSEKOKULU","AFYONKARAHİSAR",,
1004-sandikli-uygulamali-bi-li-mler-yuksekokulu,"AFYON KOCATEPE ÜNİVERSİTESİ","SANDIKLI UYGULAMALI BİLİMLER YÜKSEKOKULU","AFYONKARAHİSAR",,
1004-basmakci-meslek-yuksekokulu,"AFYON KOCATEPE ÜNİVERSİTESİ","BAŞMAKÇI MESLEK YÜKSEKOKULU","AFYONKARAHİSAR",,
1004-bayat-meslek-yuksekokulu,"AFYON KOCATEPE ÜNİVERSİTESİ","BAYAT MESLEK YÜKSEKOKULU","AFYONKARAHİSAR",,
1004-bi-li-si-m-teknoloji-leri-meslek-yuksekokulu,"AFYON KOCATEPE ÜNİVERSİTESİ","BİLİŞİM TEKNOLOJİLERİ MESLEK YÜKSEKOKULU","AFYONKARAHİSAR",,
1004-cay-meslek-yuksekokulu,"AFYON KOCATEPE ÜNİVERSİTESİ","ÇAY MESLEK YÜKSEKOKULU","AFYONKARAHİSAR",,
1004-dazkiri-meslek-yuksekokulu,"AFYON KOCATEPE ÜNİVERSİTESİ","DAZKIRI MESLEK YÜKSEKOKULU","AFYONKARAHİSAR",,
1004-di-nar-meslek-yuksekokulu,"AFYON KOCATEPE ÜNİVERSİTESİ","DİNAR MESLEK YÜKSEKOKULU","AFYONKARAHİSAR",,
1004-emi-rdag-meslek-yuksekokulu,"AFYON KOCATEPE ÜNİVERSİTESİ","EMİRDAĞ MESLEK YÜKSEKOKULU","AFYONKARAHİSAR",,
1004-i-scehi-sar-meslek-yuksekokulu,"AFYON KOCATEPE ÜNİVERSİTESİ","İSCEHİSAR MESLEK YÜKSEKOKULU","AFYONKARAHİSAR",,
1004-si-nanpasa-meslek-yuksekokulu,"AFYON KOCATEPE ÜNİVERSİTESİ","SİNANPAŞA MESLEK YÜKSEKOKULU","AFYONKARAHİSAR",,
1004-sultandagi-meslek-yuksekokulu,"AFYON KOCATEPE ÜNİVERSİTESİ","SULTANDAĞI MESLEK YÜKSEKOKULU","AFYONKARAHİSAR",,
1004-suhut-meslek-yuksekokulu,"AFYON KOCATEPE ÜNİVERSİTESİ","ŞUHUT MESLEK YÜKSEKOKULU","AFYONKARAHİSAR",,
1005-celal-oruc-hayvansal-ureti-m-yuksekokulu-eleskirt,"AĞRI İBRAHİM ÇEÇEN ÜNİVERSİTESİ","CELAL ORUÇ HAYVANSAL ÜRETİM YÜKSEKOKULU (Eleşkirt)","DEVLET ÜNIVERSITESI",,
1005-merkez-kampus,"AĞRI İBRAHİM ÇEÇEN ÜNİVERSİTESİ","Merkez Kampüs","DEVLET ÜNIVERSITESI",,
1005-patnos-sosyal-hi-zmetler-yuksekokulu,"AĞRI İBRAHİM ÇEÇEN ÜNİVERSİTESİ","PATNOS SOSYAL HİZMETLER YÜKSEKOKULU","DEVLET ÜNIVERSITESI",,
1005-turi-zm-i-sletmeci-li-gi-ve-otelci-li-k-yuksekokulu,"AĞRI İBRAHİM ÇEÇEN ÜNİVERSİTESİ","TURİZM İŞLETMECİLİĞİ VE OTELCİLİK YÜKSEKOKULU","DEVLET ÜNIVERSITESI",,
1005-dogubayazit-ahmed-i-hani-meslek-yuksekokulu,"AĞRI İBRAHİM ÇEÇEN ÜNİVERSİTESİ","DOĞUBAYAZIT AHMED-İ HANİ MESLEK YÜKSEKOKULU","DEVLET ÜNIVERSITESI",,
1005-eleski-rt-meslek-yuksekokulu,"AĞRI İBRAHİM ÇEÇEN ÜNİVERSİTESİ","ELEŞKİRT MESLEK YÜKSEKOKULU","DEVLET ÜNIVERSITESI",,
1005-meslek-yuksekokulu,"AĞRI İBRAHİM ÇEÇEN ÜNİVERSİTESİ","MESLEK YÜKSEKOKULU","DEVLET ÜNIVERSITESI",,
1005-patnos-meslek-yuksekokulu,"AĞRI İBRAHİM ÇEÇEN ÜNİVERSİTESİ","PATNOS MESLEK YÜKSEKOKULU","DEVLET ÜNIVERSITESI",,
1005-si-vi-l-havacilik-meslek-yuksekokulu,"AĞRI İBRAHİM ÇEÇEN ÜNİVERSİTESİ","SİVİL HAVACILIK MESLEK YÜKSEKOKULU","DEVLET ÜNIVERSITESI",,
1006-merkez-kampus,"AHİ EVRAN ÜNİVERSİTESİ","Merkez Kampüs","DEVLET ÜNIVERSITESI",,
1006-fi-zi-k-tedavi-ve-rehabi-li-tasyon-yuksekokulu,"AHİ EVRAN ÜNİVERSİTESİ","FİZİK TEDAVİ VE REHABİLİTASYON YÜKSEKOKULU","DEVLET ÜNIVERSITESI",,
1006-kaman-uygulamali-bi-li-mler-yuksekokulu,"AHİ EVRAN ÜNİVERSİTESİ","KAMAN UYGULAMALI BİLİMLER YÜKSEKOKULU","DEVLET ÜNIVERSITESI",,
1006-ci-cekdagi-meslek-yuksekokulu,"AHİ EVRAN ÜNİVERSİTESİ","ÇİÇEKDAĞI MESLEK YÜKSEKOKULU","DEVLET ÜNIVERSITESI",,
1006-mucur-meslek-yuksekokulu,"AHİ EVRAN ÜNİVERSİTESİ","MUCUR MESLEK YÜKSEKOKULU","DEVLET ÜNIVERSITESI",,
1006-saglik-hi-zmetleri-meslek-yuksekokulu,"AHİ EVRAN ÜNİVERSİTESİ","SAĞLIK HİZMETLERİ MESLEK YÜKSEKOKULU","DEVLET ÜNIVERSITESI",,
1006-sosyal-bi-li-mler-meslek-yuksekokulu,"AHİ EVRAN ÜNİVERSİTESİ","SOSYAL BİLİMLER MESLEK YÜKSEKOKULU","DEVLET ÜNIVERSITESI",,
1006-tekni-k-bi-li-mler-meslek-yuksekokulu,"AHİ EVRAN ÜNİVERSİTESİ","TEKNİK BİLİMLER MESLEK YÜKSEKOKULU","DEVLET ÜNIVERSITESI",,
1007-demre-dr-hasan-unal-meslek-yuksekokulu,"AKDENİZ ÜNİVERSİTESİ","DEMRE DR. HASAN ÜNAL MESLEK YÜKSEKOKULU","ANTALYA",,
1007-elmali-meslek-yuksekokulu,"AKDENİZ ÜNİVERSİTESİ","ELMALI MESLEK YÜKSEKOKULU","ANTALYA",,
1007-fi-ni-ke-meslek-yuksekokulu,"AKDENİZ ÜNİVERSİTESİ","FİNİKE MESLEK YÜKSEKOKULU","ANTALYA",,
1007-goynuk-mutfak-sanatlari-meslek-yuksekokulu,"AKDENİZ ÜNİVERSİTESİ","GÖYNÜK MUTFAK SANATLARI MESLEK YÜKSEKOKULU","ANTALYA",,
1007-korkuteli-meslek-yuksekokulu,"AKDENİZ ÜNİVERSİTESİ","KORKUTELİ MESLEK YÜKSEKOKULU","ANTALYA",,
1007-kumluca-meslek-yuksekokulu,"AKDENİZ ÜNİVERSİTESİ","KUMLUCA MESLEK YÜKSEKOKULU","ANTALYA",,
1007-saglik-hi-zmetleri-meslek-yuksekokulu,"AKDENİZ ÜNİVERSİTESİ","SAĞLIK HİZMETLERİ MESLEK YÜKSEKOKULU","ANTALYA",,
1008-merkez-kampus,"AKSARAY ÜNİVERSİTESİ","Merkez Kampüs","DEVLET ÜNIVERSITESI",,
1008-aksaray-sosyal-bi-li-mler-meslek-yuksekokulu,"AKSARAY ÜNİVERSİTESİ","AKSARAY SOSYAL BİLİMLER MESLEK YÜKSEKOKULU","DEVLET ÜNIVERSITESI",,
1008-aksaray-tekni-k-bi-li-mler-meslek-yuksekokulu,"AKSARAY ÜNİVERSİTESİ","AKSARAY TEKNİK BİLİMLER MESLEK YÜKSEKOKULU","DEVLET ÜNIVERSITESI",,
1008-eski-l-meslek-yuksekokulu,"AKSARAY ÜNİVERSİTESİ","ESKİL MESLEK YÜKSEKOKULU","DEVLET ÜNIVERSITESI",,
1008-guzelyurt-meslek-yuksekokulu,"AKSARAY ÜNİVERSİTESİ","GÜZELYURT MESLEK YÜKSEKOKULU","DEVLET ÜNIVERSITESI",,
1008-ortakoy-meslek-yuksekokulu,"AKSARAY ÜNİVERSİTESİ","ORTAKÖY MESLEK YÜKSEKOKULU","DEVLET ÜNIVERSITESI",,
1008-saglik-hi-zmetleri-meslek-yuksekokulu,"AKSARAY ÜNİVERSİTESİ","SAĞLIK HİZMETLERİ MESLEK YÜKSEKOKULU","DEVLET ÜNIVERSITESI",,
1009-merkez-kampus,"AMASYA ÜNİVERSİTESİ","Merkez Kampüs","DEVLET ÜNIVERSITESI",,
1009-amasya-sosyal-bi-li-mler-meslek-yuksekokulu,"AMASYA ÜNİVERSİTESİ","AMASYA SOSYAL BİLİMLER MESLEK YÜKSEKOKULU","DEVLET ÜNIVERSITESI",,
1009-amasya-tekni-k-bi-li-mler-meslek-yuksekokulu,"AMASYA ÜNİVERSİTESİ","AMASYA TEKNİK BİLİMLER MESLEK YÜKSEKOKULU","DEVLET ÜNIVERSITESI",,
1009-gumushacikoy-hasan-duman-meslek-yuksekokulu,"AMASYA ÜNİVERSİTESİ","GÜMÜŞHACIKÖY HASAN DUMAN MESLEK YÜKSEKOKULU","DEVLET ÜNIVERSITESI",,
1009-merzi-fon-meslek-yuksekokulu,"AMASYA ÜNİVERSİTESİ","MERZİFON MESLEK YÜKSEKOKULU","DEVLET ÜNIVERSITESI",,
1009-sabuncuoglu-serefeddi-n-saglik-hi-zmetleri-meslek-yuksekokulu,"AMASYA ÜNİVERSİTESİ","SABUNCUOĞLU ŞEREFEDDİN SAĞLIK HİZMETLERİ MESLEK YÜKSEKOKULU","DEVLET ÜNIVERSITESI",,
1009-suluova-meslek-yuksekokulu,"AMASYA ÜNİVERSİTESİ","SULUOVA MESLEK YÜKSEKOKULU","DEVLET ÜNIVERSITESI",,
1009-tasarim-meslek-yuksekokulu,"AMASYA ÜNİVERSİTESİ","TASARIM MESLEK YÜKSEKOKULU","DEVLET ÜNIVERSITESI",,
1009-tasova-yuksel-akin-meslek-yuksekokulu,"AMASYA ÜNİVERSİTESİ","TAŞOVA YÜKSEL AKIN MESLEK YÜKSEKOKULU","DEVLET ÜNIVERSITESI",,
1010-engelli-ler-entegre-yuksekokulu,"ANADOLU ÜNİVERSİTESİ","ENGELLİLER ENTEGRE YÜKSEKOKULU","ESKİŞEHİR",,
1010-eski-sehi-r-meslek-yuksekokulu,"ANADOLU ÜNİVERSİTESİ","ESKİŞEHİR MESLEK YÜKSEKOKULU","ESKİŞEHİR",,
1011-merkez-kampus,"ANKARA ÜNİVERSİTESİ","Merkez Kampüs","DEVLET ÜNIVERSITESI",,
1011-1-organi-ze-sanayi-bolgesi-meslek-yuksekokulu,"ANKARA ÜNİVERSİTESİ","1. ORGANİZE SANAYİ BÖLGESİ MESLEK YÜKSEKOKULU","DEVLET ÜNIVERSITESI",,
1011-acik-ve-uzaktan-egi-ti-m-fakultesi,"ANKARA ÜNİVERSİTESİ","AÇIK VE UZAKTAN EĞİTİM FAKÜLTESİ","DEVLET ÜNIVERSITESI",,
1011-akyurt-meslek-yuksekokulu,"ANKARA ÜNİVERSİTESİ","AKYURT MESLEK YÜKSEKOKULU","DEVLET ÜNIVERSITESI",,
1011-ayas-meslek-yuksekokulu,"ANKARA ÜNİVERSİTESİ","AYAŞ MESLEK YÜKSEKOKULU","DEVLET ÜNIVERSITESI",,
1011-bala-meslek-yuksekokulu,"ANKARA ÜNİVERSİTESİ","BALA MESLEK YÜKSEKOKULU","DEVLET ÜNIVERSITESI",,
1011-beypazari-meslek-yuksekokulu,"ANKARA ÜNİVERSİTESİ","BEYPAZARI MESLEK YÜKSEKOKULU","DEVLET ÜNIVERSITESI",,
1011-bi-li-si-m-teknoloji-leri-meslek-yuksekokulu,"ANKARA ÜNİVERSİTESİ","BİLİŞİM TEKNOLOJİLERİ MESLEK YÜKSEKOKULU","DEVLET ÜNIVERSITESI",,
1011-elmadag-meslek-yuksekokulu,"ANKARA ÜNİVERSİTESİ","ELMADAĞ MESLEK YÜKSEKOKULU","DEVLET ÜNIVERSITESI",,
1011-kizilcahamam-saglik-hi-zmetleri-meslek-yuksekokulu,"ANKARA ÜNİVERSİTESİ","KIZILCAHAMAM SAĞLIK HİZMETLERİ MESLEK YÜKSEKOKULU","DEVLET ÜNIVERSITESI",,
1011-nallihan-meslek-yuksekokulu,"ANKARA ÜNİVERSİTESİ","NALLIHAN MESLEK YÜKSEKOKULU","DEVLET ÜNIVERSITESI",,
1011-saglik-hi-zmetleri-meslek-yuksekokulu,"ANKARA ÜNİVERSİTESİ","SAĞLIK HİZMETLERİ MESLEK YÜKSEKOKULU","DEVLET ÜNIVERSITESI",,
1011-si-ber-guvenli-k-meslek-yuksekokulu,"ANKARA ÜNİVERSİTESİ","SİBER GÜVENLİK MESLEK YÜKSEKOKULU","DEVLET ÜNIVERSITESI",,
1011-tekni-k-bi-li-mler-meslek-yuksekokulu,"ANKARA ÜNİVERSİTESİ","TEKNİK BİLİMLER MESLEK YÜKSEKOKULU","DEVLET ÜNIVERSITESI",,
1012-merkez-kampus,"ARDAHAN ÜNİVERSİTESİ","Merkez Kampüs","DEVLET ÜNIVERSITESI",,
1012-turi-zm-i-sletmeci-li-gi-ve-otelci-li-k-yuksekokulu,"ARDAHAN ÜNİVERSİTESİ","TURİZM İŞLETMECİLİĞİ VE OTELCİLİK YÜKSEKOKULU","DEVLET ÜNIVERSITESI",,
1012-ni-hat-deli-balta-gole-meslek-yuksekokulu,"ARDAHAN ÜNİVERSİTESİ","NİHAT DELİBALTA GÖLE MESLEK YÜKSEKOKULU","DEVLET ÜNIVERSITESI",,
1012-posof-meslek-yuksekokulu,"ARDAHAN ÜNİVERSİTESİ","POSOF MESLEK YÜKSEKOKULU","DEVLET ÜNIVERSITESI",,
1012-saglik-hi-zmetleri-meslek-yuksekokulu,"ARDAHAN ÜNİVERSİTESİ","SAĞLIK HİZMETLERİ MESLEK YÜKSEKOKULU","DEVLET ÜNIVERSITESI",,
1012-sosyal-bi-li-mler-meslek-yuksekokulu,"ARDAHAN ÜNİVERSİTESİ","SOSYAL BİLİMLER MESLEK YÜKSEKOKULU","DEVLET ÜNIVERSITESI",,
1012-tekni-k-bi-li-mler-meslek-yuksekokulu,"ARDAHAN ÜNİVERSİTESİ","TEKNİK BİLİMLER MESLEK YÜKSEKOKULU","DEVLET ÜNIVERSITESI",,
1013-merkez-kampus,"ARTVİN ÇORUH ÜNİVERSİTESİ","Merkez Kampüs","DEVLET ÜNIVERSITESI",,
1013-i-lahi-yat-fakultesi-hopa,"ARTVİN ÇORUH ÜNİVERSİTESİ","İLAHİYAT FAKÜLTESİ (Hopa)","DEVLET ÜNIVERSITESI",,
1013-sanat-ve-tasarim-fakultesi-arhavi,"ARTVİN ÇORUH ÜNİVERSİTESİ","SANAT VE TASARIM FAKÜLTESİ (Arhavi)","DEVLET ÜNIVERSITESI",,
1013-arhavi-meslek-yuksekokulu,"ARTVİN ÇORUH ÜNİVERSİTESİ","ARHAVİ MESLEK YÜKSEKOKULU","DEVLET ÜNIVERSITESI",,
1013-borcka-acarlar-meslek-yuksekokulu,"ARTVİN ÇORUH ÜNİVERSİTESİ","BORÇKA ACARLAR MESLEK YÜKSEKOKULU","DEVLET ÜNIVERSITESI",,
1013-hopa-meslek-yuksekokulu,"ARTVİN ÇORUH ÜNİVERSİTESİ","HOPA MESLEK YÜKSEKOKULU","DEVLET ÜNIVERSITESI",,
1013-savsat-meslek-yuksekokulu,"ARTVİN ÇORUH ÜNİVERSİTESİ","ŞAVŞAT MESLEK YÜKSEKOKULU","DEVLET ÜNIVERSITESI",,
1013-yusufeli-meslek-yuksekokulu,"ARTVİN ÇORUH ÜNİVERSİTESİ","YUSUFELİ MESLEK YÜKSEKOKULU","DEVLET ÜNIVERSITESI",,
1014-uygulamali-bi-li-mler-fakultesi-oltu,"ATATÜRK ÜNİVERSİTESİ","UYGULAMALI BİLİMLER FAKÜLTESİ (Oltu)","ERZURUM",,
1014-acik-ve-uzaktan-ogreti-m-fakultesi,"ATATÜRK ÜNİVERSİTESİ","AÇIK VE UZAKTAN ÖĞRETİM FAKÜLTESİ","ERZURUM",,
1014-hinis-meslek-yuksekokulu,"ATATÜRK ÜNİVERSİTESİ","HINIS MESLEK YÜKSEKOKULU","ERZURUM",,
1014-horasan-meslek-yuksekokulu,"ATATÜRK ÜNİVERSİTESİ","HORASAN MESLEK YÜKSEKOKULU","ERZURUM",,
1014-i-spi-r-hamza-polat-meslek-yuksekokulu,"ATATÜRK ÜNİVERSİTESİ","İSPİR HAMZA POLAT MESLEK YÜKSEKOKULU","ERZURUM",,
1014-narman-meslek-yuksekokulu,"ATATÜRK ÜNİVERSİTESİ","NARMAN MESLEK YÜKSEKOKULU","ERZURUM",,
1014-pasi-nler-meslek-yuksekokulu,"ATATÜRK ÜNİVERSİTESİ","PASİNLER MESLEK YÜKSEKOKULU","ERZURUM",,
1014-sosyal-bi-li-mler-meslek-yuksekokulu,"ATATÜRK ÜNİVERSİTESİ","SOSYAL BİLİMLER MESLEK YÜKSEKOKULU","ERZURUM",,
1014-tekni-k-bi-li-mler-meslek-yuksekokulu,"ATATÜRK ÜNİVERSİTESİ","TEKNİK BİLİMLER MESLEK YÜKSEKOKULU","ERZURUM",,
1014-tortum-meslek-yuksekokulu,"ATATÜRK ÜNİVERSİTESİ","TORTUM MESLEK YÜKSEKOKULU","ERZURUM",,
1015-merkez-kampus,"BALIKESİR ÜNİVERSİTESİ","Merkez Kampüs","DEVLET ÜNIVERSITESI",,
1015-edremi-t-si-vi-l-havacilik-yuksekokulu,"BALIKESİR ÜNİVERSİTESİ","EDREMİT SİVİL HAVACILIK YÜKSEKOKULU","DEVLET ÜNIVERSITESI",,
1015-altinoluk-meslek-yuksekokulu,"BALIKESİR ÜNİVERSİTESİ","ALTINOLUK MESLEK YÜKSEKOKULU","DEVLET ÜNIVERSITESI",,
1015-balikesi-r-meslek-yuksekokulu,"BALIKESİR ÜNİVERSİTESİ","BALIKESİR MESLEK YÜKSEKOKULU","DEVLET ÜNIVERSITESI",,
1015-bi-gadi-c-meslek-yuksekokulu,"BALIKESİR ÜNİVERSİTESİ","BİGADİÇ MESLEK YÜKSEKOKULU","DEVLET ÜNIVERSITESI",,
1015-burhani-ye-meslek-yuksekokulu,"BALIKESİR ÜNİVERSİTESİ","BURHANİYE MESLEK YÜKSEKOKULU","DEVLET ÜNIVERSITESI",,
1015-dursunbey-meslek-yuksekokulu,"BALIKESİR ÜNİVERSİTESİ","DURSUNBEY MESLEK YÜKSEKOKULU","DEVLET ÜNIVERSITESI",,
1015-edremi-t-meslek-yuksekokulu,"BALIKESİR ÜNİVERSİTESİ","EDREMİT MESLEK YÜKSEKOKULU","DEVLET ÜNIVERSITESI",,
1015-i-vri-ndi-saglik-hi-zmetleri-meslek-yuksekokulu,"BALIKESİR ÜNİVERSİTESİ","İVRİNDİ SAĞLIK HİZMETLERİ MESLEK YÜKSEKOKULU","DEVLET ÜNIVERSITESI",,
1015-kepsut-meslek-yuksekokulu,"BALIKESİR ÜNİVERSİTESİ","KEPSUT MESLEK YÜKSEKOKULU","DEVLET ÜNIVERSITESI",,
1015-savastepe-meslek-yuksekokulu,"BALIKESİR ÜNİVERSİTESİ","SAVAŞTEPE MESLEK YÜKSEKOKULU","DEVLET ÜNIVERSITESI",,
1015-susurluk-tarim-ve-orman-meslek-yuksekokulu,"BALIKESİR ÜNİVERSİTESİ","SUSURLUK TARIM VE ORMAN MESLEK YÜKSEKOKULU","DEVLET ÜNIVERSITESI",,
1016-merkez-kampus,"BARTIN ÜNİVERSİTESİ","Merkez Kampüs","DEVLET ÜNIVERSITESI",,
1016-bartin-meslek-yuksekokulu,"BARTIN ÜNİVERSİTESİ","BARTIN MESLEK YÜKSEKOKULU","DEVLET ÜNIVERSITESI",,
1016-bartin-organi-ze-sanayi-bolgesi-meslek-yuksekokulu,"BARTIN ÜNİVERSİTESİ","BARTIN ORGANİZE SANAYİ BÖLGESİ MESLEK YÜKSEKOKULU","DEVLET ÜNIVERSITESI",,
1016-bartin-saglik-hi-zmetleri-meslek-yuksekokulu,"BARTIN ÜNİVERSİTESİ","BARTIN SAĞLIK HİZMETLERİ MESLEK YÜKSEKOKULU","DEVLET ÜNIVERSITESI",,
1016-ulus-meslek-yuksekokulu,"BARTIN ÜNİVERSİTESİ","ULUS MESLEK YÜKSEKOKULU","DEVLET ÜNIVERSITESI",,
1017-merkez-kampus,"BATMAN ÜNİVERSİTESİ","Merkez Kampüs","DEVLET ÜNIVERSITESI",,
1017-besi-ri-organi-ze-sanayi-bolgesi-meslek-yuksekokulu,"BATMAN ÜNİVERSİTESİ","BEŞİRİ ORGANİZE SANAYİ BÖLGESİ MESLEK YÜKSEKOKULU","DEVLET ÜNIVERSITESI",,
1017-hasankeyf-meslek-yuksekokulu,"BATMAN ÜNİVERSİTESİ","HASANKEYF MESLEK YÜKSEKOKULU","DEVLET ÜNIVERSITESI",,
1017-kozluk-meslek-yuksekokulu,"BATMAN ÜNİVERSİTESİ","KOZLUK MESLEK YÜKSEKOKULU","DEVLET ÜNIVERSITESI",,
1017-saglik-hi-zmetleri-meslek-yuksekokulu,"BATMAN ÜNİVERSİTESİ","SAĞLIK HİZMETLERİ MESLEK YÜKSEKOKULU","DEVLET ÜNIVERSITESI",,
1017-sason-meslek-yuksekokulu,"BATMAN ÜNİVERSİTESİ","SASON MESLEK YÜKSEKOKULU","DEVLET ÜNIVERSITESI",,
1017-sosyal-bi-li-mler-meslek-yuksekokulu,"BATMAN ÜNİVERSİTESİ","SOSYAL BİLİMLER MESLEK YÜKSEKOKULU","DEVLET ÜNIVERSITESI",,
1017-tekni-k-bi-li-mler-meslek-yuksekokulu,"BATMAN ÜNİVERSİTESİ","TEKNİK BİLİMLER MESLEK YÜKSEKOKULU","DEVLET ÜNIVERSITESI",,
1018-merkez-kampus,"BAYBURT ÜNİVERSİTESİ","Merkez Kampüs","DEVLET ÜNIVERSITESI",,
1018-aydintepe-meslek-yuksekokulu,"BAYBURT ÜNİVERSİTESİ","AYDINTEPE MESLEK YÜKSEKOKULU","DEVLET ÜNIVERSITESI",,
1018-demi-rozu-meslek-yuksekokulu,"BAYBURT ÜNİVERSİTESİ","DEMİRÖZÜ MESLEK YÜKSEKOKULU","DEVLET ÜNIVERSITESI",,
1018-saglik-hi-zmetleri-meslek-yuksekokulu,"BAYBURT ÜNİVERSİTESİ","SAĞLIK HİZMETLERİ MESLEK YÜKSEKOKULU","DEVLET ÜNIVERSITESI",,
1018-sosyal-bi-li-mler-meslek-yuksekokulu,"BAYBURT ÜNİVERSİTESİ","SOSYAL BİLİMLER MESLEK YÜKSEKOKULU","DEVLET ÜNIVERSITESI",,
1018-tekni-k-bi-li-mler-meslek-yuksekokulu,"BAYBURT ÜNİVERSİTESİ","TEKNİK BİLİMLER MESLEK YÜKSEKOKULU","DEVLET ÜNIVERSITESI",,
1019-merkez-kampus,"BİLECİK ŞEYH EDEBALİ ÜNİVERSİTESİ","Merkez Kampüs","DEVLET ÜNIVERSITESI",,
1019-bozuyuk-meslek-yuksekokulu,"BİLECİK ŞEYH EDEBALİ ÜNİVERSİTESİ","BOZÜYÜK MESLEK YÜKSEKOKULU","DEVLET ÜNIVERSITESI",,
1019-golpazari-meslek-yuksekokulu,"BİLECİK ŞEYH EDEBALİ ÜNİVERSİTESİ","GÖLPAZARI MESLEK YÜKSEKOKULU","DEVLET ÜNIVERSITESI",,
1019-meslek-yuksekokulu,"BİLECİK ŞEYH EDEBALİ ÜNİVERSİTESİ","MESLEK YÜKSEKOKULU","DEVLET ÜNIVERSITESI",,
1019-osmaneli-meslek-yuksekokulu,"BİLECİK ŞEYH EDEBALİ ÜNİVERSİTESİ","OSMANELİ MESLEK YÜKSEKOKULU","DEVLET ÜNIVERSITESI",,
1019-pazaryeri-meslek-yuksekokulu,"BİLECİK ŞEYH EDEBALİ ÜNİVERSİTESİ","PAZARYERİ MESLEK YÜKSEKOKULU","DEVLET ÜNIVERSITESI",,
1019-saglik-hi-zmetleri-meslek-yuksekokulu,"BİLECİK ŞEYH EDEBALİ ÜNİVERSİTESİ","SAĞLIK HİZMETLERİ MESLEK YÜKSEKOKULU","DEVLET ÜNIVERSITESI",,
1019-sogut-meslek-yuksekokulu,"BİLECİK ŞEYH EDEBALİ ÜNİVERSİTESİ","SÖĞÜT MESLEK YÜKSEKOKULU","DEVLET ÜNIVERSITESI",,
1020-merkez-kampus,"BİNGÖL ÜNİVERSİTESİ","Merkez Kampüs","DEVLET ÜNIVERSITESI",,
1020-bi-li-si-m-teknoloji-leri-meslek-yuksekokulu,"BİNGÖL ÜNİVERSİTESİ","BİLİŞİM TEKNOLOJİLERİ MESLEK YÜKSEKOKULU","DEVLET ÜNIVERSITESI",,
1020-bi-ngol-sosyal-bi-li-mler-meslek-yuksekokulu,"BİNGÖL ÜNİVERSİTESİ","BİNGÖL SOSYAL BİLİMLER MESLEK YÜKSEKOKULU","DEVLET ÜNIVERSITESI",,
1020-bi-ngol-tekni-k-bi-li-mler-meslek-yuksekokulu,"BİNGÖL ÜNİVERSİTESİ","BİNGÖL TEKNİK BİLİMLER MESLEK YÜKSEKOKULU","DEVLET ÜNIVERSITESI",,
1020-genc-meslek-yuksekokulu,"BİNGÖL ÜNİVERSİTESİ","GENÇ MESLEK YÜKSEKOKULU","DEVLET ÜNIVERSITESI",,
1020-gida-tarim-ve-hayvancilik-meslek-yuksekokulu,"BİNGÖL ÜNİVERSİTESİ","GIDA, TARIM VE HAYVANCILIK MESLEK YÜKSEKOKULU","DEVLET ÜNIVERSITESI",,
1020-saglik-hi-zmetleri-meslek-yuksekokulu,"BİNGÖL ÜNİVERSİTESİ","SAĞLIK HİZMETLERİ MESLEK YÜKSEKOKULU","DEVLET ÜNIVERSITESI",,
1020-solhan-saglik-hi-zmetleri-meslek-yuksekokulu,"BİNGÖL ÜNİVERSİTESİ","SOLHAN SAĞLIK HİZMETLERİ MESLEK YÜKSEKOKULU","DEVLET ÜNIVERSITESI",,
1021-merkez-kampus,"BİTLİS EREN ÜNİVERSİTESİ","Merkez Kampüs","DEVLET ÜNIVERSITESI",,
1021-kanik-uygulamali-bi-li-mler-yuksekokulu-ahlat,"BİTLİS EREN ÜNİVERSİTESİ","KANIK UYGULAMALI BİLİMLER YÜKSEKOKULU (Ahlat)","DEVLET ÜNIVERSITESI",,
1021-adi-lcevaz-meslek-yuksekokulu,"BİTLİS EREN ÜNİVERSİTESİ","ADİLCEVAZ MESLEK YÜKSEKOKULU","DEVLET ÜNIVERSITESI",,
1021-ahlat-meslek-yuksekokulu,"BİTLİS EREN ÜNİVERSİTESİ","AHLAT MESLEK YÜKSEKOKULU","DEVLET ÜNIVERSITESI",,
1021-guroymak-meslek-yuksekokulu,"BİTLİS EREN ÜNİVERSİTESİ","GÜROYMAK MESLEK YÜKSEKOKULU","DEVLET ÜNIVERSITESI",,
1021-hi-zan-meslek-yuksekokulu,"BİTLİS EREN ÜNİVERSİTESİ","HİZAN MESLEK YÜKSEKOKULU","DEVLET ÜNIVERSITESI",,
1021-organi-ze-sanayi-bolgesi-meslek-yuksekokulu,"BİTLİS EREN ÜNİVERSİTESİ","ORGANİZE SANAYİ BÖLGESİ MESLEK YÜKSEKOKULU","DEVLET ÜNIVERSITESI",,
1021-saglik-hi-zmetleri-meslek-yuksekokulu,"BİTLİS EREN ÜNİVERSİTESİ","SAĞLIK HİZMETLERİ MESLEK YÜKSEKOKULU","DEVLET ÜNIVERSITESI",,
1021-sosyal-bi-li-mler-meslek-yuksekokulu,"BİTLİS EREN ÜNİVERSİTESİ","SOSYAL BİLİMLER MESLEK YÜKSEKOKULU","DEVLET ÜNIVERSITESI",,
1021-tatvan-meslek-yuksekokulu,"BİTLİS EREN ÜNİVERSİTESİ","TATVAN MESLEK YÜKSEKOKULU","DEVLET ÜNIVERSITESI",,
1021-tekni-k-bi-li-mler-meslek-yuksekokulu,"BİTLİS EREN ÜNİVERSİTESİ","TEKNİK BİLİMLER MESLEK YÜKSEKOKULU","DEVLET ÜNIVERSITESI",,
1023-akdagmadeni-saglik-yuksekokulu,"BOZOK ÜNİVERSİTESİ","AKDAĞMADENİ SAĞLIK YÜKSEKOKULU","DEVLET ÜNIVERSITESI",,
1023-merkez-kampus,"BOZOK ÜNİVERSİTESİ","Merkez Kampüs","DEVLET ÜNIVERSITESI",,
1023-sarikaya-fi-zyoterapi-ve-rehabi-li-tasyon-yuksekokulu,"BOZOK ÜNİVERSİTESİ","SARIKAYA FİZYOTERAPİ VE REHABİLİTASYON YÜKSEKOKULU","DEVLET ÜNIVERSITESI",,
1023-akdagmadeni-meslek-yuksekokulu,"BOZOK ÜNİVERSİTESİ","AKDAĞMADENİ MESLEK YÜKSEKOKULU","DEVLET ÜNIVERSITESI",,
1023-bogazliyan-meslek-yuksekokulu,"BOZOK ÜNİVERSİTESİ","BOĞAZLIYAN MESLEK YÜKSEKOKULU","DEVLET ÜNIVERSITESI",,
1023-cekerek-fuat-oktay-saglik-hi-zmetleri-meslek-yuksekokulu,"BOZOK ÜNİVERSİTESİ","ÇEKEREK FUAT OKTAY SAĞLIK HİZMETLERİ MESLEK YÜKSEKOKULU","DEVLET ÜNIVERSITESI",,
1023-saglik-hi-zmetleri-meslek-yuksekokulu,"BOZOK ÜNİVERSİTESİ","SAĞLIK HİZMETLERİ MESLEK YÜKSEKOKULU","DEVLET ÜNIVERSITESI",,
1023-sorgun-meslek-yuksekokulu,"BOZOK ÜNİVERSİTESİ","SORGUN MESLEK YÜKSEKOKULU","DEVLET ÜNIVERSITESI",,
1023-sefaatli-meslek-yuksekokulu,"BOZOK ÜNİVERSİTESİ","ŞEFAATLİ MESLEK YÜKSEKOKULU","DEVLET ÜNIVERSITESI",,
1023-yerkoy-meslek-yuksekokulu,"BOZOK ÜNİVERSİTESİ","YERKÖY MESLEK YÜKSEKOKULU","DEVLET ÜNIVERSITESI",,
1023-yozgat-meslek-yuksekokulu,"BOZOK ÜNİVERSİTESİ","YOZGAT MESLEK YÜKSEKOKULU","DEVLET ÜNIVERSITESI",,
1024-merkez-kampus,"BURSA TEKNİK ÜNİVERSİTESİ","Merkez Kampüs","DEVLET ÜNIVERSITESI",,
1025-merkez-kampus,"MANİSA CELÂL BAYAR ÜNİVERSİTESİ","Merkez Kampüs","DEVLET ÜNIVERSITESI",,
1025-egi-ti-m-fakultesi-demirci,"MANİSA CELÂL BAYAR ÜNİVERSİTESİ","EĞİTİM FAKÜLTESİ (Demirci)","DEVLET ÜNIVERSITESI",,
1025-tutun-eksperli-gi-yuksekokulu,"MANİSA CELÂL BAYAR ÜNİVERSİTESİ","TÜTÜN EKSPERLİĞİ YÜKSEKOKULU","DEVLET ÜNIVERSITESI",,
1025-ahmetli-meslek-yuksekokulu,"MANİSA CELÂL BAYAR ÜNİVERSİTESİ","AHMETLİ MESLEK YÜKSEKOKULU","DEVLET ÜNIVERSITESI",,
1025-akhi-sar-meslek-yuksekokulu,"MANİSA CELÂL BAYAR ÜNİVERSİTESİ","AKHİSAR MESLEK YÜKSEKOKULU","DEVLET ÜNIVERSITESI",,
1025-alasehi-r-meslek-yuksekokulu,"MANİSA CELÂL BAYAR ÜNİVERSİTESİ","ALAŞEHİR MESLEK YÜKSEKOKULU","DEVLET ÜNIVERSITESI",,
1025-demi-rci-meslek-yuksekokulu,"MANİSA CELÂL BAYAR ÜNİVERSİTESİ","DEMİRCİ MESLEK YÜKSEKOKULU","DEVLET ÜNIVERSITESI",,
1025-gordes-meslek-yuksekokulu,"MANİSA CELÂL BAYAR ÜNİVERSİTESİ","GÖRDES MESLEK YÜKSEKOKULU","DEVLET ÜNIVERSITESI",,
1025-kirkagac-meslek-yuksekokulu,"MANİSA CELÂL BAYAR ÜNİVERSİTESİ","KIRKAĞAÇ MESLEK YÜKSEKOKULU","DEVLET ÜNIVERSITESI",,
1025-koprubasi-meslek-yuksekokulu,"MANİSA CELÂL BAYAR ÜNİVERSİTESİ","KÖPRÜBAŞI MESLEK YÜKSEKOKULU","DEVLET ÜNIVERSITESI",,
1025-kula-meslek-yuksekokulu,"MANİSA CELÂL BAYAR ÜNİVERSİTESİ","KULA MESLEK YÜKSEKOKULU","DEVLET ÜNIVERSITESI",,
1025-mani-sa-saglik-hi-zmetleri-meslek-yuksekokulu,"MANİSA CELÂL BAYAR ÜNİVERSİTESİ","MANİSA SAĞLIK HİZMETLERİ MESLEK YÜKSEKOKULU","DEVLET ÜNIVERSITESI",,
1025-mani-sa-tekni-k-bi-li-mler-meslek-yuksekokulu,"MANİSA CELÂL BAYAR ÜNİVERSİTESİ","MANİSA TEKNİK BİLİMLER MESLEK YÜKSEKOKULU","DEVLET ÜNIVERSITESI",,
1025-sarigol-meslek-yuksekokulu,"MANİSA CELÂL BAYAR ÜNİVERSİTESİ","SARIGÖL MESLEK YÜKSEKOKULU","DEVLET ÜNIVERSITESI",,
1025-saruhanli-meslek-yuksekokulu,"MANİSA CELÂL BAYAR ÜNİVERSİTESİ","SARUHANLI MESLEK YÜKSEKOKULU","DEVLET ÜNIVERSITESI",,
1026-merkez-kampus,"CUMHURİYET ÜNİVERSİTESİ","Merkez Kampüs","DEVLET ÜNIVERSITESI",,
1026-susehri-saglik-yuksekokulu,"CUMHURİYET ÜNİVERSİTESİ","SUŞEHRİ SAĞLIK YÜKSEKOKULU","DEVLET ÜNIVERSITESI",,
1026-sarkisla-uygulamali-bi-li-mler-yuksekokulu,"CUMHURİYET ÜNİVERSİTESİ","ŞARKIŞLA UYGULAMALI BİLİMLER YÜKSEKOKULU","DEVLET ÜNIVERSITESI",,
1026-zara-veysel-dursun-uygulamali-bi-li-mler-yuksekokulu,"CUMHURİYET ÜNİVERSİTESİ","ZARA VEYSEL DURSUN UYGULAMALI BİLİMLER YÜKSEKOKULU","DEVLET ÜNIVERSITESI",,
1026-di-vri-gi-nuri-demi-rag-meslek-yuksekokulu,"CUMHURİYET ÜNİVERSİTESİ","DİVRİĞİ NURİ DEMİRAĞ MESLEK YÜKSEKOKULU","DEVLET ÜNIVERSITESI",,
1026-gemerek-meslek-yuksekokulu,"CUMHURİYET ÜNİVERSİTESİ","GEMEREK MESLEK YÜKSEKOKULU","DEVLET ÜNIVERSITESI",,
1026-gurun-meslek-yuksekokulu,"CUMHURİYET ÜNİVERSİTESİ","GÜRÜN MESLEK YÜKSEKOKULU","DEVLET ÜNIVERSITESI",,
1026-hafi-k-kamer-ornek-meslek-yuksekokulu,"CUMHURİYET ÜNİVERSİTESİ","HAFİK KAMER ÖRNEK MESLEK YÜKSEKOKULU","DEVLET ÜNIVERSITESI",,
1026-i-mranli-meslek-yuksekokulu,"CUMHURİYET ÜNİVERSİTESİ","İMRANLI MESLEK YÜKSEKOKULU","DEVLET ÜNIVERSITESI",,
1026-kangal-meslek-yuksekokulu,"CUMHURİYET ÜNİVERSİTESİ","KANGAL MESLEK YÜKSEKOKULU","DEVLET ÜNIVERSITESI",,
1026-koyulhi-sar-meslek-yuksekokulu,"CUMHURİYET ÜNİVERSİTESİ","KOYULHİSAR MESLEK YÜKSEKOKULU","DEVLET ÜNIVERSITESI",,
1026-saglik-hi-zmetleri-meslek-yuksekokulu,"CUMHURİYET ÜNİVERSİTESİ","SAĞLIK HİZMETLERİ MESLEK YÜKSEKOKULU","DEVLET ÜNIVERSITESI",,
1026-susehri-ti-mur-karabal-meslek-yuksekokulu,"CUMHURİYET ÜNİVERSİTESİ","SUŞEHRİ TİMUR KARABAL MESLEK YÜKSEKOKULU","DEVLET ÜNIVERSITESI",,
1026-sarkisla-asik-veysel-meslek-yuksekokulu,"CUMHURİYET ÜNİVERSİTESİ","ŞARKIŞLA AŞIK VEYSEL MESLEK YÜKSEKOKULU","DEVLET ÜNIVERSITESI",,
1026-yildizeli-meslek-yuksekokulu,"CUMHURİYET ÜNİVERSİTESİ","YILDIZELİ MESLEK YÜKSEKOKULU","DEVLET ÜNIVERSITESI",,
1026-zara-ahmet-cuhadaroglu-meslek-yuksekokulu,"CUMHURİYET ÜNİVERSİTESİ","ZARA AHMET ÇUHADAROĞLU MESLEK YÜKSEKOKULU","DEVLET ÜNIVERSITESI",,
1027-merkez-kampus,"ÇANAKKALE ONSEKİZ MART ÜNİVERSİTESİ","Merkez Kampüs","DEVLET ÜNIVERSITESI",,
1027-gokceada-uygulamali-bi-li-mler-yuksekokulu,"ÇANAKKALE ONSEKİZ MART ÜNİVERSİTESİ","GÖKÇEADA UYGULAMALI BİLİMLER YÜKSEKOKULU","DEVLET ÜNIVERSITESI",,
1027-ayvacik-meslek-yuksekokulu,"ÇANAKKALE ONSEKİZ MART ÜNİVERSİTESİ","AYVACIK MESLEK YÜKSEKOKULU","DEVLET ÜNIVERSITESI",,
1027-bayrami-c-meslek-yuksekokulu,"ÇANAKKALE ONSEKİZ MART ÜNİVERSİTESİ","BAYRAMİÇ MESLEK YÜKSEKOKULU","DEVLET ÜNIVERSITESI",,
1027-bi-ga-meslek-yuksekokulu,"ÇANAKKALE ONSEKİZ MART ÜNİVERSİTESİ","BİGA MESLEK YÜKSEKOKULU","DEVLET ÜNIVERSITESI",,
1027-can-meslek-yuksekokulu,"ÇANAKKALE ONSEKİZ MART ÜNİVERSİTESİ","ÇAN MESLEK YÜKSEKOKULU","DEVLET ÜNIVERSITESI",,
1027-canakkale-saglik-hi-zmetleri-meslek-yuksekokulu,"ÇANAKKALE ONSEKİZ MART ÜNİVERSİTESİ","ÇANAKKALE SAĞLIK HİZMETLERİ MESLEK YÜKSEKOKULU","DEVLET ÜNIVERSITESI",,
1027-canakkale-sosyal-bi-li-mler-meslek-yuksekokulu,"ÇANAKKALE ONSEKİZ MART ÜNİVERSİTESİ","ÇANAKKALE SOSYAL BİLİMLER MESLEK YÜKSEKOKULU","DEVLET ÜNIVERSITESI",,
1027-canakkale-tekni-k-bi-li-mler-meslek-yuksekokulu,"ÇANAKKALE ONSEKİZ MART ÜNİVERSİTESİ","ÇANAKKALE TEKNİK BİLİMLER MESLEK YÜKSEKOKULU","DEVLET ÜNIVERSITESI",,
1027-deni-zci-li-k-meslek-yuksekokulu,"ÇANAKKALE ONSEKİZ MART ÜNİVERSİTESİ","DENİZCİLİK MESLEK YÜKSEKOKULU","DEVLET ÜNIVERSITESI",,
1027-ezi-ne-gida-i-hti-sas-organi-ze-sanayi-bolgesi-meslek-yuksekokulu,"ÇANAKKALE ONSEKİZ MART ÜNİVERSİTESİ","EZİNE GIDA İHTİSAS ORGANİZE SANAYİ BÖLGESİ MESLEK YÜKSEKOKULU","DEVLET ÜNIVERSITESI",,
1027-geli-bolu-pi-ri-rei-s-meslek-yuksekokulu,"ÇANAKKALE ONSEKİZ MART ÜNİVERSİTESİ","GELİBOLU PİRİ REİS MESLEK YÜKSEKOKULU","DEVLET ÜNIVERSITESI",,
1027-gokceada-meslek-yuksekokulu,"ÇANAKKALE ONSEKİZ MART ÜNİVERSİTESİ","GÖKÇEADA MESLEK YÜKSEKOKULU","DEVLET ÜNIVERSITESI",,
1027-lapseki-meslek-yuksekokulu,"ÇANAKKALE ONSEKİZ MART ÜNİVERSİTESİ","LAPSEKİ MESLEK YÜKSEKOKULU","DEVLET ÜNIVERSITESI",,
1027-yeni-ce-meslek-yuksekokulu,"ÇANAKKALE ONSEKİZ MART ÜNİVERSİTESİ","YENİCE MESLEK YÜKSEKOKULU","DEVLET ÜNIVERSITESI",,
1028-merkez-kampus,"ÇANKIRI KARATEKİN ÜNİVERSİTESİ","Merkez Kampüs","DEVLET ÜNIVERSITESI",,
1028-turi-zm-fakultesi-ilgaz,"ÇANKIRI KARATEKİN ÜNİVERSİTESİ","TURİZM FAKÜLTESİ (Ilgaz)","DEVLET ÜNIVERSITESI",,
1028-cerkes-meslek-yuksekokulu,"ÇANKIRI KARATEKİN ÜNİVERSİTESİ","ÇERKEŞ MESLEK YÜKSEKOKULU","DEVLET ÜNIVERSITESI",,
1028-eldi-van-saglik-hi-zmetleri-meslek-yuksekokulu,"ÇANKIRI KARATEKİN ÜNİVERSİTESİ","ELDİVAN SAĞLIK HİZMETLERİ MESLEK YÜKSEKOKULU","DEVLET ÜNIVERSITESI",,
1028-gida-ve-tarim-meslek-yuksekokulu,"ÇANKIRI KARATEKİN ÜNİVERSİTESİ","GIDA VE TARIM MESLEK YÜKSEKOKULU","DEVLET ÜNIVERSITESI",,
1028-kursunlu-meslek-yuksekokulu,"ÇANKIRI KARATEKİN ÜNİVERSİTESİ","KURŞUNLU MESLEK YÜKSEKOKULU","DEVLET ÜNIVERSITESI",,
1028-sosyal-bi-li-mler-meslek-yuksekokulu,"ÇANKIRI KARATEKİN ÜNİVERSİTESİ","SOSYAL BİLİMLER MESLEK YÜKSEKOKULU","DEVLET ÜNIVERSITESI",,
1028-sabanozu-meslek-yuksekokulu,"ÇANKIRI KARATEKİN ÜNİVERSİTESİ","ŞABANÖZÜ MESLEK YÜKSEKOKULU","DEVLET ÜNIVERSITESI",,
1029-abdi-sutcu-saglik-hi-zmetleri-meslek-yuksekokulu,"ÇUKUROVA ÜNİVERSİTESİ","ABDİ SÜTCÜ SAĞLIK HİZMETLERİ MESLEK YÜKSEKOKULU","ADANA",,
1029-adana-organi-ze-sanayi-bolgesi-tekni-k-bi-li-mler-meslek-yuksekokulu,"ÇUKUROVA ÜNİVERSİTESİ","ADANA ORGANİZE SANAYİ BÖLGESİ TEKNİK BİLİMLER MESLEK YÜKSEKOKULU","ADANA",,
1029-aladag-meslek-yuksekokulu,"ÇUKUROVA ÜNİVERSİTESİ","ALADAĞ MESLEK YÜKSEKOKULU","ADANA",,
1029-ceyhan-meslek-yuksekokulu,"ÇUKUROVA ÜNİVERSİTESİ","CEYHAN MESLEK YÜKSEKOKULU","ADANA",,
1029-i-mamoglu-meslek-yuksekokulu,"ÇUKUROVA ÜNİVERSİTESİ","İMAMOĞLU MESLEK YÜKSEKOKULU","ADANA",,
1029-pozanti-meslek-yuksekokulu,"ÇUKUROVA ÜNİVERSİTESİ","POZANTI MESLEK YÜKSEKOKULU","ADANA",,
1029-tufanbeyli-meslek-yuksekokulu,"ÇUKUROVA ÜNİVERSİTESİ","TUFANBEYLİ MESLEK YÜKSEKOKULU","ADANA",,
1030-si-vi-l-havacilik-yuksekokulu,"DİCLE ÜNİVERSİTESİ","SİVİL HAVACILIK YÜKSEKOKULU","DİYARBAKIR",,
1030-ataturk-saglik-hi-zmetleri-meslek-yuksekokulu,"DİCLE ÜNİVERSİTESİ","ATATÜRK SAĞLIK HİZMETLERİ MESLEK YÜKSEKOKULU","DİYARBAKIR",,
1030-cermi-k-meslek-yuksekokulu,"DİCLE ÜNİVERSİTESİ","ÇERMİK MESLEK YÜKSEKOKULU","DİYARBAKIR",,
1030-di-yarbakir-tarim-meslek-yuksekokulu,"DİCLE ÜNİVERSİTESİ","DİYARBAKIR TARIM MESLEK YÜKSEKOKULU","DİYARBAKIR",,
1030-di-yarbakir-tekni-k-bi-li-mler-meslek-yuksekokulu,"DİCLE ÜNİVERSİTESİ","DİYARBAKIR TEKNİK BİLİMLER MESLEK YÜKSEKOKULU","DİYARBAKIR",,
1030-ergani-meslek-yuksekokulu,"DİCLE ÜNİVERSİTESİ","ERGANİ MESLEK YÜKSEKOKULU","DİYARBAKIR",,
1031-efes-meslek-yuksekokulu-selcuk,"DOKUZ EYLÜL ÜNİVERSİTESİ","EFES MESLEK YÜKSEKOKULU (Selçuk)","İZMİR",,
1031-ki-raz-meslek-yuksekokulu,"DOKUZ EYLÜL ÜNİVERSİTESİ","KİRAZ MESLEK YÜKSEKOKULU","İZMİR",,
1031-torbali-meslek-yuksekokulu,"DOKUZ EYLÜL ÜNİVERSİTESİ","TORBALI MESLEK YÜKSEKOKULU","İZMİR",,
1032-merkez-kampus,"DUMLUPINAR ÜNİVERSİTESİ","Merkez Kampüs","DEVLET ÜNIVERSITESI",,
1032-cavdarhi-sar-meslek-yuksekokulu,"DUMLUPINAR ÜNİVERSİTESİ","ÇAVDARHİSAR MESLEK YÜKSEKOKULU","DEVLET ÜNIVERSITESI",,
1032-domani-c-hayme-ana-meslek-yuksekokulu,"DUMLUPINAR ÜNİVERSİTESİ","DOMANİÇ HAYME ANA MESLEK YÜKSEKOKULU","DEVLET ÜNIVERSITESI",,
1032-gedi-z-meslek-yuksekokulu,"DUMLUPINAR ÜNİVERSİTESİ","GEDİZ MESLEK YÜKSEKOKULU","DEVLET ÜNIVERSITESI",,
1032-hi-sarcik-meslek-yuksekokulu,"DUMLUPINAR ÜNİVERSİTESİ","HİSARCIK MESLEK YÜKSEKOKULU","DEVLET ÜNIVERSITESI",,
1032-kutahya-guzel-sanatlar-meslek-yuksekokulu,"DUMLUPINAR ÜNİVERSİTESİ","KÜTAHYA GÜZEL SANATLAR MESLEK YÜKSEKOKULU","DEVLET ÜNIVERSITESI",,
1032-kutahya-sosyal-bi-li-mler-meslek-yuksekokulu,"DUMLUPINAR ÜNİVERSİTESİ","KÜTAHYA SOSYAL BİLİMLER MESLEK YÜKSEKOKULU","DEVLET ÜNIVERSITESI",,
1032-kutahya-tekni-k-bi-li-mler-meslek-yuksekokulu,"DUMLUPINAR ÜNİVERSİTESİ","KÜTAHYA TEKNİK BİLİMLER MESLEK YÜKSEKOKULU","DEVLET ÜNIVERSITESI",,
1032-pazarlar-meslek-yuksekokulu,"DUMLUPINAR ÜNİVERSİTESİ","PAZARLAR MESLEK YÜKSEKOKULU","DEVLET ÜNIVERSITESI",,
1032-si-mav-meslek-yuksekokulu,"DUMLUPINAR ÜNİVERSİTESİ","SİMAV MESLEK YÜKSEKOKULU","DEVLET ÜNIVERSITESI",,
1032-saphane-meslek-yuksekokulu,"DUMLUPINAR ÜNİVERSİTESİ","ŞAPHANE MESLEK YÜKSEKOKULU","DEVLET ÜNIVERSITESI",,
1032-tavsanli-meslek-yuksekokulu,"DUMLUPINAR ÜNİVERSİTESİ","TAVŞANLI MESLEK YÜKSEKOKULU","DEVLET ÜNIVERSITESI",,
1033-merkez-kampus,"DÜZCE ÜNİVERSİTESİ","Merkez Kampüs","DEVLET ÜNIVERSITESI",,
1033-akcakoca-meslek-yuksekokulu,"DÜZCE ÜNİVERSİTESİ","AKÇAKOCA MESLEK YÜKSEKOKULU","DEVLET ÜNIVERSITESI",,
1033-dr-engi-n-pak-cumayeri-meslek-yuksekokulu,"DÜZCE ÜNİVERSİTESİ","DR. ENGİN PAK CUMAYERİ MESLEK YÜKSEKOKULU","DEVLET ÜNIVERSITESI",,
1033-golyaka-meslek-yuksekokulu,"DÜZCE ÜNİVERSİTESİ","GÖLYAKA MESLEK YÜKSEKOKULU","DEVLET ÜNIVERSITESI",,
1033-gumusova-meslek-yuksekokulu,"DÜZCE ÜNİVERSİTESİ","GÜMÜŞOVA MESLEK YÜKSEKOKULU","DEVLET ÜNIVERSITESI",,
1033-kaynasli-meslek-yuksekokulu,"DÜZCE ÜNİVERSİTESİ","KAYNAŞLI MESLEK YÜKSEKOKULU","DEVLET ÜNIVERSITESI",,
1033-ormancilik-meslek-yuksekokulu,"DÜZCE ÜNİVERSİTESİ","ORMANCILIK MESLEK YÜKSEKOKULU","DEVLET ÜNIVERSITESI",,
1033-saglik-hi-zmetleri-meslek-yuksekokulu,"DÜZCE ÜNİVERSİTESİ","SAĞLIK HİZMETLERİ MESLEK YÜKSEKOKULU","DEVLET ÜNIVERSITESI",,
1033-sosyal-bi-li-mler-meslek-yuksekokulu,"DÜZCE ÜNİVERSİTESİ","SOSYAL BİLİMLER MESLEK YÜKSEKOKULU","DEVLET ÜNIVERSITESI",,
1034-ali-aga-meslek-yuksekokulu,"EGE ÜNİVERSİTESİ","ALİAĞA MESLEK YÜKSEKOKULU","İZMİR",,
1034-ataturk-saglik-hi-zmetleri-meslek-yuksekokulu,"EGE ÜNİVERSİTESİ","ATATÜRK SAĞLIK HİZMETLERİ MESLEK YÜKSEKOKULU","İZMİR",,
1034-bayindir-meslek-yuksekokulu,"EGE ÜNİVERSİTESİ","BAYINDIR MESLEK YÜKSEKOKULU","İZMİR",,
1034-bergama-meslek-yuksekokulu,"EGE ÜNİVERSİTESİ","BERGAMA MESLEK YÜKSEKOKULU","İZMİR",,
1034-si-ber-guvenli-k-meslek-yuksekokulu,"EGE ÜNİVERSİTESİ","SİBER GÜVENLİK MESLEK YÜKSEKOKULU","İZMİR",,
1034-ti-re-kutsan-meslek-yuksekokulu,"EGE ÜNİVERSİTESİ","TİRE KUTSAN MESLEK YÜKSEKOKULU","İZMİR",,
1035-hali-l-bayraktar-saglik-hi-zmetleri-meslek-yuksekokulu,"ERCİYES ÜNİVERSİTESİ","HALİL BAYRAKTAR SAĞLIK HİZMETLERİ MESLEK YÜKSEKOKULU","KAYSERİ",,
1036-ali-cavi-t-celebi-oglu-si-vi-l-havacilik-yuksekokulu,"ERZİNCAN BİNALİ YILDIRIM ÜNİVERSİTESİ","ALİ CAVİT ÇELEBİOĞLU SİVİL HAVACILIK YÜKSEKOKULU","DEVLET ÜNIVERSITESI",,
1036-merkez-kampus,"ERZİNCAN BİNALİ YILDIRIM ÜNİVERSİTESİ","Merkez Kampüs","DEVLET ÜNIVERSITESI",,
1036-kemali-ye-haci-ali-akin-uygulamali-bi-li-mler-yuksekokulu,"ERZİNCAN BİNALİ YILDIRIM ÜNİVERSİTESİ","KEMALİYE HACI ALİ AKIN UYGULAMALI BİLİMLER YÜKSEKOKULU","DEVLET ÜNIVERSITESI",,
1036-cayirli-meslek-yuksekokulu,"ERZİNCAN BİNALİ YILDIRIM ÜNİVERSİTESİ","ÇAYIRLI MESLEK YÜKSEKOKULU","DEVLET ÜNIVERSITESI",,
1036-i-li-c-dursun-yildirim-meslek-yuksekokulu,"ERZİNCAN BİNALİ YILDIRIM ÜNİVERSİTESİ","İLİÇ DURSUN YILDIRIM MESLEK YÜKSEKOKULU","DEVLET ÜNIVERSITESI",,
1036-kemah-meslek-yuksekokulu,"ERZİNCAN BİNALİ YILDIRIM ÜNİVERSİTESİ","KEMAH MESLEK YÜKSEKOKULU","DEVLET ÜNIVERSITESI",,
1036-kemali-ye-haci-ali-akin-meslek-yuksekokulu,"ERZİNCAN BİNALİ YILDIRIM ÜNİVERSİTESİ","KEMALİYE HACI ALİ AKIN MESLEK YÜKSEKOKULU","DEVLET ÜNIVERSITESI",,
1036-meslek-yuksekokulu,"ERZİNCAN BİNALİ YILDIRIM ÜNİVERSİTESİ","MESLEK YÜKSEKOKULU","DEVLET ÜNIVERSITESI",,
1036-refahi-ye-bahar-yildirim-saglik-hi-zmetleri-meslek-yuksekokulu,"ERZİNCAN BİNALİ YILDIRIM ÜNİVERSİTESİ","REFAHİYE BAHAR YILDIRIM SAĞLIK HİZMETLERİ MESLEK YÜKSEKOKULU","DEVLET ÜNIVERSITESI",,
1036-refahi-ye-meslek-yuksekokulu,"ERZİNCAN BİNALİ YILDIRIM ÜNİVERSİTESİ","REFAHİYE MESLEK YÜKSEKOKULU","DEVLET ÜNIVERSITESI",,
1036-saglik-hi-zmetleri-meslek-yuksekokulu,"ERZİNCAN BİNALİ YILDIRIM ÜNİVERSİTESİ","SAĞLIK HİZMETLERİ MESLEK YÜKSEKOKULU","DEVLET ÜNIVERSITESI",,
1036-tercan-meslek-yuksekokulu,"ERZİNCAN BİNALİ YILDIRIM ÜNİVERSİTESİ","TERCAN MESLEK YÜKSEKOKULU","DEVLET ÜNIVERSITESI",,
1036-turi-zm-ve-otelci-li-k-meslek-yuksekokulu,"ERZİNCAN BİNALİ YILDIRIM ÜNİVERSİTESİ","TURİZM VE OTELCİLİK MESLEK YÜKSEKOKULU","DEVLET ÜNIVERSITESI",,
1036-uzumlu-meslek-yuksekokulu,"ERZİNCAN BİNALİ YILDIRIM ÜNİVERSİTESİ","ÜZÜMLÜ MESLEK YÜKSEKOKULU","DEVLET ÜNIVERSITESI",,
1037-merkez-kampus,"ERZURUM TEKNİK ÜNİVERSİTESİ","Merkez Kampüs","DEVLET ÜNIVERSITESI",,
1038-merkez-kampus,"ESKİŞEHİR OSMANGAZİ ÜNİVERSİTESİ","Merkez Kampüs","DEVLET ÜNIVERSITESI",,
1038-eski-sehi-r-meslek-yuksekokulu,"ESKİŞEHİR OSMANGAZİ ÜNİVERSİTESİ","ESKİŞEHİR MESLEK YÜKSEKOKULU","DEVLET ÜNIVERSITESI",,
1038-mahmudi-ye-atcilik-meslek-yuksekokulu,"ESKİŞEHİR OSMANGAZİ ÜNİVERSİTESİ","MAHMUDİYE ATÇILIK MESLEK YÜKSEKOKULU","DEVLET ÜNIVERSITESI",,
1038-saglik-hi-zmetleri-meslek-yuksekokulu,"ESKİŞEHİR OSMANGAZİ ÜNİVERSİTESİ","SAĞLIK HİZMETLERİ MESLEK YÜKSEKOKULU","DEVLET ÜNIVERSITESI",,
1038-si-vri-hi-sar-meslek-yuksekokulu,"ESKİŞEHİR OSMANGAZİ ÜNİVERSİTESİ","SİVRİHİSAR MESLEK YÜKSEKOKULU","DEVLET ÜNIVERSITESI",,
1039-si-vi-l-havacilik-yuksekokulu,"FIRAT ÜNİVERSİTESİ","SİVİL HAVACILIK YÜKSEKOKULU","ELAZIĞ",,
1039-baski-l-meslek-yuksekokulu,"FIRAT ÜNİVERSİTESİ","BASKİL MESLEK YÜKSEKOKULU","ELAZIĞ",,
1039-elazig-organi-ze-sanayi-bolgesi-meslek-yuksekokulu,"FIRAT ÜNİVERSİTESİ","ELAZIĞ ORGANİZE SANAYİ BÖLGESİ MESLEK YÜKSEKOKULU","ELAZIĞ",,
1039-karakocan-meslek-yuksekokulu,"FIRAT ÜNİVERSİTESİ","KARAKOÇAN MESLEK YÜKSEKOKULU","ELAZIĞ",,
1039-kovancilar-meslek-yuksekokulu,"FIRAT ÜNİVERSİTESİ","KOVANCILAR MESLEK YÜKSEKOKULU","ELAZIĞ",,
1039-saglik-hi-zmetleri-meslek-yuksekokulu,"FIRAT ÜNİVERSİTESİ","SAĞLIK HİZMETLERİ MESLEK YÜKSEKOKULU","ELAZIĞ",,
1039-si-vri-ce-meslek-yuksekokulu,"FIRAT ÜNİVERSİTESİ","SİVRİCE MESLEK YÜKSEKOKULU","ELAZIĞ",,
1039-sosyal-bi-li-mler-meslek-yuksekokulu,"FIRAT ÜNİVERSİTESİ","SOSYAL BİLİMLER MESLEK YÜKSEKOKULU","ELAZIĞ",,
1039-tekni-k-bi-li-mler-meslek-yuksekokulu,"FIRAT ÜNİVERSİTESİ","TEKNİK BİLİMLER MESLEK YÜKSEKOKULU","ELAZIĞ",,
1041-tekni-k-bi-li-mler-meslek-yuksekokulu,"GAZİ ÜNİVERSİTESİ","TEKNİK BİLİMLER MESLEK YÜKSEKOKULU","ANKARA",,
1042-merkez-kampus,"GAZİANTEP ÜNİVERSİTESİ","Merkez Kampüs","DEVLET ÜNIVERSITESI",,
1042-araban-meslek-yuksekokulu,"GAZİANTEP ÜNİVERSİTESİ","ARABAN MESLEK YÜKSEKOKULU","DEVLET ÜNIVERSITESI",,
1042-i-slahi-ye-meslek-yuksekokulu,"GAZİANTEP ÜNİVERSİTESİ","İSLAHİYE MESLEK YÜKSEKOKULU","DEVLET ÜNIVERSITESI",,
1042-naci-topcuoglu-meslek-yuksekokulu,"GAZİANTEP ÜNİVERSİTESİ","NACİ TOPÇUOĞLU MESLEK YÜKSEKOKULU","DEVLET ÜNIVERSITESI",,
1042-ni-zi-p-meslek-yuksekokulu,"GAZİANTEP ÜNİVERSİTESİ","NİZİP MESLEK YÜKSEKOKULU","DEVLET ÜNIVERSITESI",,
1042-nurdagi-meslek-yuksekokulu,"GAZİANTEP ÜNİVERSİTESİ","NURDAĞI MESLEK YÜKSEKOKULU","DEVLET ÜNIVERSITESI",,
1042-oguzeli-meslek-yuksekokulu,"GAZİANTEP ÜNİVERSİTESİ","OĞUZELİ MESLEK YÜKSEKOKULU","DEVLET ÜNIVERSITESI",,
1042-saglik-hi-zmetleri-meslek-yuksekokulu,"GAZİANTEP ÜNİVERSİTESİ","SAĞLIK HİZMETLERİ MESLEK YÜKSEKOKULU","DEVLET ÜNIVERSITESI",,
1042-sosyal-bi-li-mler-meslek-yuksekokulu,"GAZİANTEP ÜNİVERSİTESİ","SOSYAL BİLİMLER MESLEK YÜKSEKOKULU","DEVLET ÜNIVERSITESI",,
1042-tekni-k-bi-li-mler-meslek-yuksekokulu,"GAZİANTEP ÜNİVERSİTESİ","TEKNİK BİLİMLER MESLEK YÜKSEKOKULU","DEVLET ÜNIVERSITESI",,
1042-turi-zm-ve-otelci-li-k-meslek-yuksekokulu,"GAZİANTEP ÜNİVERSİTESİ","TURİZM VE OTELCİLİK MESLEK YÜKSEKOKULU","DEVLET ÜNIVERSITESI",,
1043-merkez-kampus,"GAZİOSMANPAŞA ÜNİVERSİTESİ","Merkez Kampüs","DEVLET ÜNIVERSITESI",,
1043-zi-le-di-ncerler-turi-zm-i-sletmeci-li-gi-ve-otelci-li-k-yuksekokulu,"GAZİOSMANPAŞA ÜNİVERSİTESİ","ZİLE DİNÇERLER TURİZM İŞLETMECİLİĞİ VE OTELCİLİK YÜKSEKOKULU","DEVLET ÜNIVERSITESI",,
1043-almus-meslek-yuksekokulu,"GAZİOSMANPAŞA ÜNİVERSİTESİ","ALMUS MESLEK YÜKSEKOKULU","DEVLET ÜNIVERSITESI",,
1043-artova-meslek-yuksekokulu,"GAZİOSMANPAŞA ÜNİVERSİTESİ","ARTOVA MESLEK YÜKSEKOKULU","DEVLET ÜNIVERSITESI",,
1043-erbaa-meslek-yuksekokulu,"GAZİOSMANPAŞA ÜNİVERSİTESİ","ERBAA MESLEK YÜKSEKOKULU","DEVLET ÜNIVERSITESI",,
1043-erbaa-saglik-hi-zmetleri-meslek-yuksekokulu,"GAZİOSMANPAŞA ÜNİVERSİTESİ","ERBAA SAĞLIK HİZMETLERİ MESLEK YÜKSEKOKULU","DEVLET ÜNIVERSITESI",,
1043-ni-ksar-meslek-yuksekokulu,"GAZİOSMANPAŞA ÜNİVERSİTESİ","NİKSAR MESLEK YÜKSEKOKULU","DEVLET ÜNIVERSITESI",,
1043-organi-ze-sanayi-bolgesi-meslek-yuksekokulu,"GAZİOSMANPAŞA ÜNİVERSİTESİ","ORGANİZE SANAYİ BÖLGESİ MESLEK YÜKSEKOKULU","DEVLET ÜNIVERSITESI",,
1043-pazar-meslek-yuksekokulu,"GAZİOSMANPAŞA ÜNİVERSİTESİ","PAZAR MESLEK YÜKSEKOKULU","DEVLET ÜNIVERSITESI",,
1043-resadi-ye-meslek-yuksekokulu,"GAZİOSMANPAŞA ÜNİVERSİTESİ","REŞADİYE MESLEK YÜKSEKOKULU","DEVLET ÜNIVERSITESI",,
1043-tokat-meslek-yuksekokulu,"GAZİOSMANPAŞA ÜNİVERSİTESİ","TOKAT MESLEK YÜKSEKOKULU","DEVLET ÜNIVERSITESI",,
1043-tokat-saglik-hi-zmetleri-meslek-yuksekokulu,"GAZİOSMANPAŞA ÜNİVERSİTESİ","TOKAT SAĞLIK HİZMETLERİ MESLEK YÜKSEKOKULU","DEVLET ÜNIVERSITESI",,
1043-turhal-saglik-hi-zmetleri-meslek-yuksekokulu,"GAZİOSMANPAŞA ÜNİVERSİTESİ","TURHAL SAĞLIK HİZMETLERİ MESLEK YÜKSEKOKULU","DEVLET ÜNIVERSITESI",,
1043-zi-le-meslek-yuksekokulu,"GAZİOSMANPAŞA ÜNİVERSİTESİ","ZİLE MESLEK YÜKSEKOKULU","DEVLET ÜNIVERSITESI",,
1044-merkez-kampus,"GEBZE TEKNİK ÜNİVERSİTESİ","Merkez Kampüs","DEVLET ÜNIVERSITESI",,
1044-si-ber-guvenli-k-meslek-yuksekokulu,"GEBZE TEKNİK ÜNİVERSİTESİ","SİBER GÜVENLİK MESLEK YÜKSEKOKULU","DEVLET ÜNIVERSITESI",,
1045-bulancak-kadi-r-karabas-uygulamali-bi-li-mler-yuksekokulu,"GİRESUN ÜNİVERSİTESİ","BULANCAK KADİR KARABAŞ UYGULAMALI BİLİMLER YÜKSEKOKULU","DEVLET ÜNIVERSITESI",,
1045-merkez-kampus,"GİRESUN ÜNİVERSİTESİ","Merkez Kampüs","DEVLET ÜNIVERSITESI",,
1045-gorele-uygulamali-bi-li-mler-yuksekokulu,"GİRESUN ÜNİVERSİTESİ","GÖRELE UYGULAMALI BİLİMLER YÜKSEKOKULU","DEVLET ÜNIVERSITESI",,
1045-saglik-bi-li-mleri-fakultesi-piraziz,"GİRESUN ÜNİVERSİTESİ","SAĞLIK BİLİMLERİ FAKÜLTESİ (Piraziz)","DEVLET ÜNIVERSITESI",,
1045-si-vi-l-havacilik-yuksekokulu,"GİRESUN ÜNİVERSİTESİ","SİVİL HAVACILIK YÜKSEKOKULU","DEVLET ÜNIVERSITESI",,
1045-sebi-nkarahi-sar-uygulamali-bi-li-mler-yuksekokulu,"GİRESUN ÜNİVERSİTESİ","ŞEBİNKARAHİSAR UYGULAMALI BİLİMLER YÜKSEKOKULU","DEVLET ÜNIVERSITESI",,
1045-alucra-turan-bulutcu-meslek-yuksekokulu,"GİRESUN ÜNİVERSİTESİ","ALUCRA TURAN BULUTÇU MESLEK YÜKSEKOKULU","DEVLET ÜNIVERSITESI",,
1045-bulancak-meslek-yuksekokulu,"GİRESUN ÜNİVERSİTESİ","BULANCAK MESLEK YÜKSEKOKULU","DEVLET ÜNIVERSITESI",,
1045-dereli-meslek-yuksekokulu-kesap,"GİRESUN ÜNİVERSİTESİ","DERELİ MESLEK YÜKSEKOKULU (Keşap)","DEVLET ÜNIVERSITESI",,
1045-espi-ye-meslek-yuksekokulu,"GİRESUN ÜNİVERSİTESİ","ESPİYE MESLEK YÜKSEKOKULU","DEVLET ÜNIVERSITESI",,
1045-eynesi-l-kami-l-nalbant-meslek-yuksekokulu,"GİRESUN ÜNİVERSİTESİ","EYNESİL KAMİL NALBANT MESLEK YÜKSEKOKULU","DEVLET ÜNIVERSITESI",,
1045-kesap-meslek-yuksekokulu,"GİRESUN ÜNİVERSİTESİ","KEŞAP MESLEK YÜKSEKOKULU","DEVLET ÜNIVERSITESI",,
1045-sebi-nkarahi-sar-meslek-yuksekokulu,"GİRESUN ÜNİVERSİTESİ","ŞEBİNKARAHİSAR MESLEK YÜKSEKOKULU","DEVLET ÜNIVERSITESI",,
1045-sebi-nkarahi-sar-saglik-hi-zmetleri-meslek-yuksekokulu,"GİRESUN ÜNİVERSİTESİ","ŞEBİNKARAHİSAR SAĞLIK HİZMETLERİ MESLEK YÜKSEKOKULU","DEVLET ÜNIVERSITESI",,
1045-ti-rebolu-mehmet-bayrak-meslek-yuksekokulu,"GİRESUN ÜNİVERSİTESİ","TİREBOLU MEHMET BAYRAK MESLEK YÜKSEKOKULU","DEVLET ÜNIVERSITESI",,
1047-merkez-kampus,"GÜMÜŞHANE ÜNİVERSİTESİ","Merkez Kampüs","DEVLET ÜNIVERSITESI",,
1047-uygulamali-bi-li-mler-yuksekokulu,"GÜMÜŞHANE ÜNİVERSİTESİ","UYGULAMALI BİLİMLER YÜKSEKOKULU","DEVLET ÜNIVERSITESI",,
1047-gumushane-meslek-yuksekokulu,"GÜMÜŞHANE ÜNİVERSİTESİ","GÜMÜŞHANE MESLEK YÜKSEKOKULU","DEVLET ÜNIVERSITESI",,
1047-gumushane-saglik-hi-zmetleri-meslek-yuksekokulu,"GÜMÜŞHANE ÜNİVERSİTESİ","GÜMÜŞHANE SAĞLIK HİZMETLERİ MESLEK YÜKSEKOKULU","DEVLET ÜNIVERSITESI",,
1047-i-rfan-can-kose-meslek-yuksekokulu,"GÜMÜŞHANE ÜNİVERSİTESİ","İRFAN CAN KÖSE MESLEK YÜKSEKOKULU","DEVLET ÜNIVERSITESI",,
1047-kelki-t-sema-dogan-saglik-hi-zmetleri-meslek-yuksekokulu,"GÜMÜŞHANE ÜNİVERSİTESİ","KELKİT SEMA DOĞAN SAĞLIK HİZMETLERİ MESLEK YÜKSEKOKULU","DEVLET ÜNIVERSITESI",,
1047-kurtun-meslek-yuksekokulu,"GÜMÜŞHANE ÜNİVERSİTESİ","KÜRTÜN MESLEK YÜKSEKOKULU","DEVLET ÜNIVERSITESI",,
1047-si-ran-dursun-keles-saglik-hi-zmetleri-meslek-yuksekokulu,"GÜMÜŞHANE ÜNİVERSİTESİ","ŞİRAN DURSUN KELEŞ SAĞLIK HİZMETLERİ MESLEK YÜKSEKOKULU","DEVLET ÜNIVERSITESI",,
1047-si-ran-mustafa-beyaz-meslek-yuksekokulu,"GÜMÜŞHANE ÜNİVERSİTESİ","ŞİRAN MUSTAFA BEYAZ MESLEK YÜKSEKOKULU","DEVLET ÜNIVERSITESI",,
1047-torul-meslek-yuksekokulu,"GÜMÜŞHANE ÜNİVERSİTESİ","TORUL MESLEK YÜKSEKOKULU","DEVLET ÜNIVERSITESI",,
1048-baskent-organi-ze-sanayi-bolgesi-tekni-k-bi-li-mler-meslek-yuksekokulu,"HACETTEPE ÜNİVERSİTESİ","BAŞKENT ORGANİZE SANAYİ BÖLGESİ TEKNİK BİLİMLER MESLEK YÜKSEKOKULU","ANKARA",,
1049-merkez-kampus,"HAKKARİ ÜNİVERSİTESİ","Merkez Kampüs","DEVLET ÜNIVERSITESI",,
1049-colemeri-k-meslek-yuksekokulu,"HAKKARİ ÜNİVERSİTESİ","ÇÖLEMERİK MESLEK YÜKSEKOKULU","DEVLET ÜNIVERSITESI",,
1049-saglik-hi-zmetleri-meslek-yuksekokulu,"HAKKARİ ÜNİVERSİTESİ","SAĞLIK HİZMETLERİ MESLEK YÜKSEKOKULU","DEVLET ÜNIVERSITESI",,
1049-yuksekova-meslek-yuksekokulu,"HAKKARİ ÜNİVERSİTESİ","YÜKSEKOVA MESLEK YÜKSEKOKULU","DEVLET ÜNIVERSITESI",,
1050-akcakale-meslek-yuksekokulu,"HARRAN ÜNİVERSİTESİ","AKÇAKALE MESLEK YÜKSEKOKULU","ŞANLIURFA",,
1050-bi-reci-k-meslek-yuksekokulu,"HARRAN ÜNİVERSİTESİ","BİRECİK MESLEK YÜKSEKOKULU","ŞANLIURFA",,
1050-bozova-meslek-yuksekokulu,"HARRAN ÜNİVERSİTESİ","BOZOVA MESLEK YÜKSEKOKULU","ŞANLIURFA",,
1050-ceylanpinar-tarim-meslek-yuksekokulu,"HARRAN ÜNİVERSİTESİ","CEYLANPINAR TARIM MESLEK YÜKSEKOKULU","ŞANLIURFA",,
1050-halfeti-meslek-yuksekokulu,"HARRAN ÜNİVERSİTESİ","HALFETİ MESLEK YÜKSEKOKULU","ŞANLIURFA",,
1050-organi-ze-sanayi-bolgesi-meslek-yuksekokulu,"HARRAN ÜNİVERSİTESİ","ORGANİZE SANAYİ BÖLGESİ MESLEK YÜKSEKOKULU","ŞANLIURFA",,
1050-suruc-meslek-yuksekokulu,"HARRAN ÜNİVERSİTESİ","SURUÇ MESLEK YÜKSEKOKULU","ŞANLIURFA",,
1050-sanliurfa-saglik-hi-zmetleri-meslek-yuksekokulu,"HARRAN ÜNİVERSİTESİ","ŞANLIURFA SAĞLIK HİZMETLERİ MESLEK YÜKSEKOKULU","ŞANLIURFA",,
1050-sanliurfa-tekni-k-bi-li-mler-meslek-yuksekokulu,"HARRAN ÜNİVERSİTESİ","ŞANLIURFA TEKNİK BİLİMLER MESLEK YÜKSEKOKULU","ŞANLIURFA",,
1051-osmancik-omer-deri-ndere-meslek-yuksekokulu,"HİTİT ÜNİVERSİTESİ","OSMANCIK ÖMER DERİNDERE MESLEK YÜKSEKOKULU","ÇORUM",,
1051-saglik-hi-zmetleri-meslek-yuksekokulu,"HİTİT ÜNİVERSİTESİ","SAĞLIK HİZMETLERİ MESLEK YÜKSEKOKULU","ÇORUM",,
1052-merkez-kampus,"IĞDIR ÜNİVERSİTESİ","Merkez Kampüs","DEVLET ÜNIVERSITESI",,
1052-igdir-meslek-yuksekokulu,"IĞDIR ÜNİVERSİTESİ","IĞDIR MESLEK YÜKSEKOKULU","DEVLET ÜNIVERSITESI",,
1052-igdir-tekni-k-bi-li-mler-meslek-yuksekokulu,"IĞDIR ÜNİVERSİTESİ","IĞDIR TEKNİK BİLİMLER MESLEK YÜKSEKOKULU","DEVLET ÜNIVERSITESI",,
1052-saglik-hi-zmetleri-meslek-yuksekokulu,"IĞDIR ÜNİVERSİTESİ","SAĞLIK HİZMETLERİ MESLEK YÜKSEKOKULU","DEVLET ÜNIVERSITESI",,
1052-tuzluca-meslek-yuksekokulu,"IĞDIR ÜNİVERSİTESİ","TUZLUCA MESLEK YÜKSEKOKULU","DEVLET ÜNIVERSITESI",,
1053-malatya-meslek-yuksekokulu,"İNÖNÜ ÜNİVERSİTESİ","MALATYA MESLEK YÜKSEKOKULU","MALATYA",,
1053-malatya-osb-meslek-yuksekokulu,"İNÖNÜ ÜNİVERSİTESİ","MALATYA OSB MESLEK YÜKSEKOKULU","MALATYA",,
1054-merkez-kampus,"İSTANBUL MEDENİYET ÜNİVERSİTESİ","Merkez Kampüs","DEVLET ÜNIVERSITESI",,
1055-merkez-kampus,"İSTANBUL TEKNİK ÜNİVERSİTESİ","Merkez Kampüs","DEVLET ÜNIVERSITESI",,
1055-i-tu-kktc-egi-ti-m-arastirma-yerleskesi-gazi-magusa,"İSTANBUL TEKNİK ÜNİVERSİTESİ","İTÜ-KKTC EĞİTİM ARAŞTIRMA YERLEŞKESİ (GAZİMAĞUSA)","DEVLET ÜNIVERSITESI",,
1055-si-ber-guvenli-k-meslek-yuksekokulu,"İSTANBUL TEKNİK ÜNİVERSİTESİ","SİBER GÜVENLİK MESLEK YÜKSEKOKULU","DEVLET ÜNIVERSITESI",,
1056-merkez-kampus,"İSTANBUL ÜNİVERSİTESİ","Merkez Kampüs","DEVLET ÜNIVERSITESI",,
1056-acik-ve-uzaktan-egi-ti-m-fakultesi,"İSTANBUL ÜNİVERSİTESİ","AÇIK VE UZAKTAN EĞİTİM FAKÜLTESİ","DEVLET ÜNIVERSITESI",,
1057-merkez-kampus,"İZMİR KATİP ÇELEBİ ÜNİVERSİTESİ","Merkez Kampüs","DEVLET ÜNIVERSITESI",,
1057-saglik-hi-zmetleri-meslek-yuksekokulu,"İZMİR KATİP ÇELEBİ ÜNİVERSİTESİ","SAĞLIK HİZMETLERİ MESLEK YÜKSEKOKULU","DEVLET ÜNIVERSITESI",,
1059-kagizman-uygulamali-bi-li-mler-yuksekokulu,"KAFKAS ÜNİVERSİTESİ","KAĞIZMAN UYGULAMALI BİLİMLER YÜKSEKOKULU","KARS",,
1059-ataturk-saglik-hi-zmetleri-meslek-yuksekokulu,"KAFKAS ÜNİVERSİTESİ","ATATÜRK SAĞLIK HİZMETLERİ MESLEK YÜKSEKOKULU","KARS",,
1059-guzel-sanatlar-meslek-yuksekokulu,"KAFKAS ÜNİVERSİTESİ","GÜZEL SANATLAR MESLEK YÜKSEKOKULU","KARS",,
1059-kagizman-meslek-yuksekokulu,"KAFKAS ÜNİVERSİTESİ","KAĞIZMAN MESLEK YÜKSEKOKULU","KARS",,
1059-kars-meslek-yuksekokulu,"KAFKAS ÜNİVERSİTESİ","KARS MESLEK YÜKSEKOKULU","KARS",,
1059-kazim-karabeki-r-tekni-k-bi-li-mler-meslek-yuksekokulu,"KAFKAS ÜNİVERSİTESİ","KAZIM KARABEKİR TEKNİK BİLİMLER MESLEK YÜKSEKOKULU","KARS",,
1059-sarikamis-meslek-yuksekokulu,"KAFKAS ÜNİVERSİTESİ","SARIKAMIŞ MESLEK YÜKSEKOKULU","KARS",,
1059-sosyal-bi-li-mler-meslek-yuksekokulu,"KAFKAS ÜNİVERSİTESİ","SOSYAL BİLİMLER MESLEK YÜKSEKOKULU","KARS",,
1059-susuz-meslek-yuksekokulu,"KAFKAS ÜNİVERSİTESİ","SUSUZ MESLEK YÜKSEKOKULU","KARS",,
1060-afsi-n-saglik-yuksekokulu,"SÜTÇÜ İMAM ÜNİVERSİTESİ","AFŞİN SAĞLIK YÜKSEKOKULU","DEVLET ÜNIVERSITESI",,
1060-merkez-kampus,"SÜTÇÜ İMAM ÜNİVERSİTESİ","Merkez Kampüs","DEVLET ÜNIVERSITESI",,
1060-goksun-uygulamali-bi-li-mler-yuksekokulu,"SÜTÇÜ İMAM ÜNİVERSİTESİ","GÖKSUN UYGULAMALI BİLİMLER YÜKSEKOKULU","DEVLET ÜNIVERSITESI",,
1060-afsi-n-meslek-yuksekokulu,"SÜTÇÜ İMAM ÜNİVERSİTESİ","AFŞİN MESLEK YÜKSEKOKULU","DEVLET ÜNIVERSITESI",,
1060-andirin-meslek-yuksekokulu,"SÜTÇÜ İMAM ÜNİVERSİTESİ","ANDIRIN MESLEK YÜKSEKOKULU","DEVLET ÜNIVERSITESI",,
1060-goksun-meslek-yuksekokulu,"SÜTÇÜ İMAM ÜNİVERSİTESİ","GÖKSUN MESLEK YÜKSEKOKULU","DEVLET ÜNIVERSITESI",,
1060-kahramanmaras-saglik-hi-zmetleri-meslek-yuksekokulu,"SÜTÇÜ İMAM ÜNİVERSİTESİ","KAHRAMANMARAŞ SAĞLIK HİZMETLERİ MESLEK YÜKSEKOKULU","DEVLET ÜNIVERSITESI",,
1060-pazarcik-meslek-yuksekokulu,"SÜTÇÜ İMAM ÜNİVERSİTESİ","PAZARCIK MESLEK YÜKSEKOKULU","DEVLET ÜNIVERSITESI",,
1060-sosyal-bi-li-mler-meslek-yuksekokulu,"SÜTÇÜ İMAM ÜNİVERSİTESİ","SOSYAL BİLİMLER MESLEK YÜKSEKOKULU","DEVLET ÜNIVERSITESI",,
1060-tekni-k-bi-li-mler-meslek-yuksekokulu,"SÜTÇÜ İMAM ÜNİVERSİTESİ","TEKNİK BİLİMLER MESLEK YÜKSEKOKULU","DEVLET ÜNIVERSITESI",,
1061-merkez-kampus,"KARABÜK ÜNİVERSİTESİ","Merkez Kampüs","DEVLET ÜNIVERSITESI",,
1061-bi-li-si-m-teknoloji-leri-meslek-yuksekokulu,"KARABÜK ÜNİVERSİTESİ","BİLİŞİM TEKNOLOJİLERİ MESLEK YÜKSEKOKULU","DEVLET ÜNIVERSITESI",,
1061-eflani-meslek-yuksekokulu,"KARABÜK ÜNİVERSİTESİ","EFLANİ MESLEK YÜKSEKOKULU","DEVLET ÜNIVERSITESI",,
1061-safranbolu-sefi-k-yilmaz-di-zdar-meslek-yuksekokulu,"KARABÜK ÜNİVERSİTESİ","SAFRANBOLU ŞEFİK YILMAZ DİZDAR MESLEK YÜKSEKOKULU","DEVLET ÜNIVERSITESI",,
1061-saglik-hi-zmetleri-meslek-yuksekokulu,"KARABÜK ÜNİVERSİTESİ","SAĞLIK HİZMETLERİ MESLEK YÜKSEKOKULU","DEVLET ÜNIVERSITESI",,
1061-turki-ye-odalar-ve-borsalar-bi-rli-gi-tekni-k-bi-li-mler-meslek-yuksekokulu,"KARABÜK ÜNİVERSİTESİ","TÜRKİYE ODALAR VE BORSALAR BİRLİĞİ TEKNİK BİLİMLER MESLEK YÜKSEKOKULU","DEVLET ÜNIVERSITESI",,
1061-yeni-ce-meslek-yuksekokulu,"KARABÜK ÜNİVERSİTESİ","YENİCE MESLEK YÜKSEKOKULU","DEVLET ÜNIVERSITESI",,
1062-arakli-ali-cevat-ozyurt-meslek-yuksekokulu,"KARADENİZ TEKNİK ÜNİVERSİTESİ","ARAKLI ALİ CEVAT ÖZYURT MESLEK YÜKSEKOKULU","TRABZON",,
1062-arsi-n-meslek-yuksekokulu,"KARADENİZ TEKNİK ÜNİVERSİTESİ","ARSİN MESLEK YÜKSEKOKULU","TRABZON",,
1062-macka-meslek-yuksekokulu,"KARADENİZ TEKNİK ÜNİVERSİTESİ","MAÇKA MESLEK YÜKSEKOKULU","TRABZON",,
1062-saglik-hi-zmetleri-meslek-yuksekokulu,"KARADENİZ TEKNİK ÜNİVERSİTESİ","SAĞLIK HİZMETLERİ MESLEK YÜKSEKOKULU","TRABZON",,
1062-surmene-abdullah-kanca-meslek-yuksekokulu,"KARADENİZ TEKNİK ÜNİVERSİTESİ","SÜRMENE ABDULLAH KANCA MESLEK YÜKSEKOKULU","TRABZON",,
1063-ermenek-meslek-yuksekokulu,"KARAMANOĞLU MEHMETBEY ÜNİVERSİTESİ","ERMENEK MESLEK YÜKSEKOKULU","KARAMAN",,
1063-ermenek-uysal-ve-hasan-kalan-saglik-hi-zmetleri-meslek-yuksekokulu,"KARAMANOĞLU MEHMETBEY ÜNİVERSİTESİ","ERMENEK UYSAL VE HASAN KALAN SAĞLIK HİZMETLERİ MESLEK YÜKSEKOKULU","KARAMAN",,
1063-kazim-karabeki-r-meslek-yuksekokulu,"KARAMANOĞLU MEHMETBEY ÜNİVERSİTESİ","KAZIM KARABEKİR MESLEK YÜKSEKOKULU","KARAMAN",,
1064-merkez-kampus,"KASTAMONU ÜNİVERSİTESİ","Merkez Kampüs","DEVLET ÜNIVERSITESI",,
1064-si-vi-l-havacilik-yuksekokulu,"KASTAMONU ÜNİVERSİTESİ","SİVİL HAVACILIK YÜKSEKOKULU","DEVLET ÜNIVERSITESI",,
1064-abana-sabahat-mesut-yilmaz-meslek-yuksekokulu,"KASTAMONU ÜNİVERSİTESİ","ABANA SABAHAT MESUT YILMAZ MESLEK YÜKSEKOKULU","DEVLET ÜNIVERSITESI",,
1064-arac-rafet-vergi-li-meslek-yuksekokulu,"KASTAMONU ÜNİVERSİTESİ","ARAÇ RAFET VERGİLİ MESLEK YÜKSEKOKULU","DEVLET ÜNIVERSITESI",,
1064-ci-de-rifat-ilgaz-meslek-yuksekokulu,"KASTAMONU ÜNİVERSİTESİ","CİDE RIFAT ILGAZ MESLEK YÜKSEKOKULU","DEVLET ÜNIVERSITESI",,
1064-catalzeyti-n-meslek-yuksekokulu,"KASTAMONU ÜNİVERSİTESİ","ÇATALZEYTİN MESLEK YÜKSEKOKULU","DEVLET ÜNIVERSITESI",,
1064-daday-nafi-ve-umi-t-ceri-meslek-yuksekokulu,"KASTAMONU ÜNİVERSİTESİ","DADAY NAFİ VE ÜMİT ÇERİ MESLEK YÜKSEKOKULU","DEVLET ÜNIVERSITESI",,
1064-devrekani-turki-ye-odalar-ve-borsalar-bi-rli-gi-meslek-yuksekokulu,"KASTAMONU ÜNİVERSİTESİ","DEVREKANİ TÜRKİYE ODALAR VE BORSALAR BİRLİĞİ MESLEK YÜKSEKOKULU","DEVLET ÜNIVERSITESI",,
1064-i-hsangazi-meslek-yuksekokulu,"KASTAMONU ÜNİVERSİTESİ","İHSANGAZİ MESLEK YÜKSEKOKULU","DEVLET ÜNIVERSITESI",,
1064-i-nebolu-meslek-yuksekokulu,"KASTAMONU ÜNİVERSİTESİ","İNEBOLU MESLEK YÜKSEKOKULU","DEVLET ÜNIVERSITESI",,
1064-kure-meslek-yuksekokulu,"KASTAMONU ÜNİVERSİTESİ","KÜRE MESLEK YÜKSEKOKULU","DEVLET ÜNIVERSITESI",,
1064-taskopru-meslek-yuksekokulu,"KASTAMONU ÜNİVERSİTESİ","TAŞKÖPRÜ MESLEK YÜKSEKOKULU","DEVLET ÜNIVERSITESI",,
1064-tosya-meslek-yuksekokulu,"KASTAMONU ÜNİVERSİTESİ","TOSYA MESLEK YÜKSEKOKULU","DEVLET ÜNIVERSITESI",,
1066-merkez-kampus,"KIRIKKALE ÜNİVERSİTESİ","Merkez Kampüs","DEVLET ÜNIVERSITESI",,
1066-deli-ce-meslek-yuksekokulu,"KIRIKKALE ÜNİVERSİTESİ","DELİCE MESLEK YÜKSEKOKULU","DEVLET ÜNIVERSITESI",,
1066-fatma-senses-sosyal-bi-li-mler-meslek-yuksekokulu,"KIRIKKALE ÜNİVERSİTESİ","FATMA ŞENSES SOSYAL BİLİMLER MESLEK YÜKSEKOKULU","DEVLET ÜNIVERSITESI",,
1066-hacilar-huseyi-n-aytemi-z-meslek-yuksekokulu,"KIRIKKALE ÜNİVERSİTESİ","HACILAR HÜSEYİN AYTEMİZ MESLEK YÜKSEKOKULU","DEVLET ÜNIVERSITESI",,
1066-keski-n-meslek-yuksekokulu,"KIRIKKALE ÜNİVERSİTESİ","KESKİN MESLEK YÜKSEKOKULU","DEVLET ÜNIVERSITESI",,
1066-kirikkale-meslek-yuksekokulu,"KIRIKKALE ÜNİVERSİTESİ","KIRIKKALE MESLEK YÜKSEKOKULU","DEVLET ÜNIVERSITESI",,
1066-saglik-hi-zmetleri-meslek-yuksekokulu,"KIRIKKALE ÜNİVERSİTESİ","SAĞLIK HİZMETLERİ MESLEK YÜKSEKOKULU","DEVLET ÜNIVERSITESI",,
1066-si-lah-i-hti-sas-organi-ze-sanayi-bolgesi-meslek-yuksekokulu,"KIRIKKALE ÜNİVERSİTESİ","SİLAH İHTİSAS ORGANİZE SANAYİ BÖLGESİ MESLEK YÜKSEKOKULU","DEVLET ÜNIVERSITESI",,
1067-uygulamali-bi-li-mler-fakultesi-luleburgaz,"KIRKLARELİ ÜNİVERSİTESİ","UYGULAMALI BİLİMLER FAKÜLTESİ (Lüleburgaz)","DEVLET ÜNIVERSITESI",,
1067-babaeski-meslek-yuksekokulu,"KIRKLARELİ ÜNİVERSİTESİ","BABAESKİ MESLEK YÜKSEKOKULU","DEVLET ÜNIVERSITESI",,
1067-luleburgaz-meslek-yuksekokulu,"KIRKLARELİ ÜNİVERSİTESİ","LÜLEBURGAZ MESLEK YÜKSEKOKULU","DEVLET ÜNIVERSITESI",,
1067-organi-ze-sanayi-bolgesi-meslek-yuksekokulu,"KIRKLARELİ ÜNİVERSİTESİ","ORGANİZE SANAYİ BÖLGESİ MESLEK YÜKSEKOKULU","DEVLET ÜNIVERSITESI",,
1067-pinarhi-sar-meslek-yuksekokulu,"KIRKLARELİ ÜNİVERSİTESİ","PINARHİSAR MESLEK YÜKSEKOKULU","DEVLET ÜNIVERSITESI",,
1067-saglik-hi-zmetleri-meslek-yuksekokulu,"KIRKLARELİ ÜNİVERSİTESİ","SAĞLIK HİZMETLERİ MESLEK YÜKSEKOKULU","DEVLET ÜNIVERSITESI",,
1067-sosyal-bi-li-mler-meslek-yuksekokulu,"KIRKLARELİ ÜNİVERSİTESİ","SOSYAL BİLİMLER MESLEK YÜKSEKOKULU","DEVLET ÜNIVERSITESI",,
1067-tekni-k-bi-li-mler-meslek-yuksekokulu,"KIRKLARELİ ÜNİVERSİTESİ","TEKNİK BİLİMLER MESLEK YÜKSEKOKULU","DEVLET ÜNIVERSITESI",,
1067-vi-ze-meslek-yuksekokulu,"KIRKLARELİ ÜNİVERSİTESİ","VİZE MESLEK YÜKSEKOKULU","DEVLET ÜNIVERSITESI",,
1068-merkez-kampus,"KİLİS 7 ARALIK ÜNİVERSİTESİ","Merkez Kampüs","DEVLET ÜNIVERSITESI",,
1068-saglik-hi-zmetleri-meslek-yuksekokulu,"KİLİS 7 ARALIK ÜNİVERSİTESİ","SAĞLIK HİZMETLERİ MESLEK YÜKSEKOKULU","DEVLET ÜNIVERSITESI",,
1068-sosyal-bi-li-mler-meslek-yuksekokulu,"KİLİS 7 ARALIK ÜNİVERSİTESİ","SOSYAL BİLİMLER MESLEK YÜKSEKOKULU","DEVLET ÜNIVERSITESI",,
1068-tekni-k-bi-li-mler-meslek-yuksekokulu,"KİLİS 7 ARALIK ÜNİVERSİTESİ","TEKNİK BİLİMLER MESLEK YÜKSEKOKULU","DEVLET ÜNIVERSITESI",,
1068-turi-zm-ve-otelci-li-k-meslek-yuksekokulu,"KİLİS 7 ARALIK ÜNİVERSİTESİ","TURİZM VE OTELCİLİK MESLEK YÜKSEKOKULU","DEVLET ÜNIVERSITESI",,
1069-merkez-kampus,"KOCAELİ ÜNİVERSİTESİ","Merkez Kampüs","DEVLET ÜNIVERSITESI",,
1069-ali-riza-vezi-roglu-meslek-yuksekokulu,"KOCAELİ ÜNİVERSİTESİ","ALİ RIZA VEZİROĞLU MESLEK YÜKSEKOKULU","DEVLET ÜNIVERSITESI",,
1069-degi-rmendere-ali-ozbay-meslek-yuksekokulu,"KOCAELİ ÜNİVERSİTESİ","DEĞİRMENDERE ALİ ÖZBAY MESLEK YÜKSEKOKULU","DEVLET ÜNIVERSITESI",,
1069-ford-otosan-i-hsani-ye-otomoti-v-meslek-yuksekokulu,"KOCAELİ ÜNİVERSİTESİ","FORD OTOSAN İHSANİYE OTOMOTİV MESLEK YÜKSEKOKULU","DEVLET ÜNIVERSITESI",,
1069-gazanfer-bi-lge-meslek-yuksekokulu,"KOCAELİ ÜNİVERSİTESİ","GAZANFER BİLGE MESLEK YÜKSEKOKULU","DEVLET ÜNIVERSITESI",,
1069-golcuk-meslek-yuksekokulu,"KOCAELİ ÜNİVERSİTESİ","GÖLCÜK MESLEK YÜKSEKOKULU","DEVLET ÜNIVERSITESI",,
1069-hereke-omer-i-smet-uzunyol-meslek-yuksekokulu,"KOCAELİ ÜNİVERSİTESİ","HEREKE ÖMER İSMET UZUNYOL MESLEK YÜKSEKOKULU","DEVLET ÜNIVERSITESI",,
1069-i-zmi-t-meslek-yuksekokulu,"KOCAELİ ÜNİVERSİTESİ","İZMİT MESLEK YÜKSEKOKULU","DEVLET ÜNIVERSITESI",,
1069-kandira-meslek-yuksekokulu,"KOCAELİ ÜNİVERSİTESİ","KANDIRA MESLEK YÜKSEKOKULU","DEVLET ÜNIVERSITESI",,
1069-karamursel-deni-zci-li-k-meslek-yuksekokulu,"KOCAELİ ÜNİVERSİTESİ","KARAMÜRSEL DENİZCİLİK MESLEK YÜKSEKOKULU","DEVLET ÜNIVERSITESI",,
1069-kartepe-atcilik-meslek-yuksekokulu,"KOCAELİ ÜNİVERSİTESİ","KARTEPE ATÇILIK MESLEK YÜKSEKOKULU","DEVLET ÜNIVERSITESI",,
1069-kartepe-turi-zm-meslek-yuksekokulu,"KOCAELİ ÜNİVERSİTESİ","KARTEPE TURİZM MESLEK YÜKSEKOKULU","DEVLET ÜNIVERSITESI",,
1069-kocaeli-saglik-hi-zmetleri-meslek-yuksekokulu,"KOCAELİ ÜNİVERSİTESİ","KOCAELİ SAĞLIK HİZMETLERİ MESLEK YÜKSEKOKULU","DEVLET ÜNIVERSITESI",,
1069-uzunci-ftli-k-nuh-ci-mento-meslek-yuksekokulu,"KOCAELİ ÜNİVERSİTESİ","UZUNÇİFTLİK NUH ÇİMENTO MESLEK YÜKSEKOKULU","DEVLET ÜNIVERSITESI",,
1070-eregli-saglik-hi-zmetleri-meslek-yuksekokulu,"NECMETTİN ERBAKAN ÜNİVERSİTESİ","EREĞLİ SAĞLIK HİZMETLERİ MESLEK YÜKSEKOKULU","KONYA",,
1070-konya-eregli-kemal-akman-meslek-yuksekokulu,"NECMETTİN ERBAKAN ÜNİVERSİTESİ","KONYA EREĞLİ KEMAL AKMAN MESLEK YÜKSEKOKULU","KONYA",,
1070-konya-organi-ze-sanayi-bolgesi-meslek-yuksekokulu,"NECMETTİN ERBAKAN ÜNİVERSİTESİ","KONYA ORGANİZE SANAYİ BÖLGESİ MESLEK YÜKSEKOKULU","KONYA",,
1070-meram-meslek-yuksekokulu,"NECMETTİN ERBAKAN ÜNİVERSİTESİ","MERAM MESLEK YÜKSEKOKULU","KONYA",,
1071-merkez-kampus,"MARDİN ARTUKLU ÜNİVERSİTESİ","Merkez Kampüs","DEVLET ÜNIVERSITESI",,
1071-meslek-yuksekokulu,"MARDİN ARTUKLU ÜNİVERSİTESİ","MESLEK YÜKSEKOKULU","DEVLET ÜNIVERSITESI",,
1071-mi-dyat-meslek-yuksekokulu,"MARDİN ARTUKLU ÜNİVERSİTESİ","MİDYAT MESLEK YÜKSEKOKULU","DEVLET ÜNIVERSITESI",,
1071-nusaybi-n-meslek-yuksekokulu,"MARDİN ARTUKLU ÜNİVERSİTESİ","NUSAYBİN MESLEK YÜKSEKOKULU","DEVLET ÜNIVERSITESI",,
1071-organi-ze-sanayi-bolgesi-meslek-yuksekokulu,"MARDİN ARTUKLU ÜNİVERSİTESİ","ORGANİZE SANAYİ BÖLGESİ MESLEK YÜKSEKOKULU","DEVLET ÜNIVERSITESI",,
1071-omerli-meslek-yuksekokulu,"MARDİN ARTUKLU ÜNİVERSİTESİ","ÖMERLİ MESLEK YÜKSEKOKULU","DEVLET ÜNIVERSITESI",,
1071-saglik-hi-zmetleri-meslek-yuksekokulu,"MARDİN ARTUKLU ÜNİVERSİTESİ","SAĞLIK HİZMETLERİ MESLEK YÜKSEKOKULU","DEVLET ÜNIVERSITESI",,
1071-savur-meslek-yuksekokulu,"MARDİN ARTUKLU ÜNİVERSİTESİ","SAVUR MESLEK YÜKSEKOKULU","DEVLET ÜNIVERSITESI",,
1073-merkez-kampus,"MEHMET AKİF ERSOY ÜNİVERSİTESİ","Merkez Kampüs","DEVLET ÜNIVERSITESI",,
1073-bucak-saglik-yuksekokulu,"MEHMET AKİF ERSOY ÜNİVERSİTESİ","BUCAK SAĞLIK YÜKSEKOKULU","DEVLET ÜNIVERSITESI",,
1073-bucak-zeli-ha-tolunay-uygulamali-teknoloji-ve-i-sletmeci-li-k-yuksekokulu,"MEHMET AKİF ERSOY ÜNİVERSİTESİ","BUCAK ZELİHA TOLUNAY UYGULAMALI TEKNOLOJİ VE İŞLETMECİLİK YÜKSEKOKULU","DEVLET ÜNIVERSITESI",,
1073-golhi-sar-uygulamali-bi-li-mler-yuksekokulu,"MEHMET AKİF ERSOY ÜNİVERSİTESİ","GÖLHİSAR UYGULAMALI BİLİMLER YÜKSEKOKULU","DEVLET ÜNIVERSITESI",,
1073-aglasun-meslek-yuksekokulu,"MEHMET AKİF ERSOY ÜNİVERSİTESİ","AĞLASUN MESLEK YÜKSEKOKULU","DEVLET ÜNIVERSITESI",,
1073-altinyayla-mehmet-tugrul-guvenli-k-hi-zmetleri-meslek-yuksekokulu,"MEHMET AKİF ERSOY ÜNİVERSİTESİ","ALTINYAYLA MEHMET TUĞRUL GÜVENLİK HİZMETLERİ MESLEK YÜKSEKOKULU","DEVLET ÜNIVERSITESI",,
1073-bucak-emi-n-gulmez-tekni-k-bi-li-mler-meslek-yuksekokulu,"MEHMET AKİF ERSOY ÜNİVERSİTESİ","BUCAK EMİN GÜLMEZ TEKNİK BİLİMLER MESLEK YÜKSEKOKULU","DEVLET ÜNIVERSITESI",,
1073-bucak-hi-kmet-tolunay-ulastirma-ve-loji-sti-k-meslek-yuksekokulu,"MEHMET AKİF ERSOY ÜNİVERSİTESİ","BUCAK HİKMET TOLUNAY ULAŞTIRMA VE LOJİSTİK MESLEK YÜKSEKOKULU","DEVLET ÜNIVERSITESI",,
1073-burdur-gida-tarim-ve-hayvancilik-meslek-yuksekokulu,"MEHMET AKİF ERSOY ÜNİVERSİTESİ","BURDUR GIDA TARIM VE HAYVANCILIK MESLEK YÜKSEKOKULU","DEVLET ÜNIVERSITESI",,
1073-burdur-saglik-hi-zmetleri-meslek-yuksekokulu,"MEHMET AKİF ERSOY ÜNİVERSİTESİ","BURDUR SAĞLIK HİZMETLERİ MESLEK YÜKSEKOKULU","DEVLET ÜNIVERSITESI",,
1073-golhi-sar-meslek-yuksekokulu,"MEHMET AKİF ERSOY ÜNİVERSİTESİ","GÖLHİSAR MESLEK YÜKSEKOKULU","DEVLET ÜNIVERSITESI",,
1073-golhi-sar-saglik-hi-zmetleri-meslek-yuksekokulu,"MEHMET AKİF ERSOY ÜNİVERSİTESİ","GÖLHİSAR SAĞLIK HİZMETLERİ MESLEK YÜKSEKOKULU","DEVLET ÜNIVERSITESI",,
1073-sosyal-bi-li-mler-meslek-yuksekokulu,"MEHMET AKİF ERSOY ÜNİVERSİTESİ","SOSYAL BİLİMLER MESLEK YÜKSEKOKULU","DEVLET ÜNIVERSITESI",,
1073-yesi-lova-i-smai-l-akin-turi-zm-meslek-yuksekokulu,"MEHMET AKİF ERSOY ÜNİVERSİTESİ","YEŞİLOVA İSMAİL AKIN TURİZM MESLEK YÜKSEKOKULU","DEVLET ÜNIVERSITESI",,
1074-anamur-uygulamali-teknoloji-ve-i-sletmeci-li-k-yuksekokulu,"MERSİN ÜNİVERSİTESİ","ANAMUR UYGULAMALI TEKNOLOJİ VE İŞLETMECİLİK YÜKSEKOKULU","DEVLET ÜNIVERSITESI",,
1074-erdemli-uygulamali-teknoloji-ve-i-sletmeci-li-k-yuksekokulu,"MERSİN ÜNİVERSİTESİ","ERDEMLİ UYGULAMALI TEKNOLOJİ VE İŞLETMECİLİK YÜKSEKOKULU","DEVLET ÜNIVERSITESI",,
1074-si-li-fke-uygulamali-teknoloji-ve-i-sletmeci-li-k-yuksekokulu,"MERSİN ÜNİVERSİTESİ","SİLİFKE UYGULAMALI TEKNOLOJİ VE İŞLETMECİLİK YÜKSEKOKULU","DEVLET ÜNIVERSITESI",,
1074-anamur-meslek-yuksekokulu,"MERSİN ÜNİVERSİTESİ","ANAMUR MESLEK YÜKSEKOKULU","DEVLET ÜNIVERSITESI",,
1074-aydincik-meslek-yuksekokulu-anamur,"MERSİN ÜNİVERSİTESİ","AYDINCIK MESLEK YÜKSEKOKULU (Anamur)","DEVLET ÜNIVERSITESI",,
1074-deni-zci-li-k-meslek-yuksekokulu,"MERSİN ÜNİVERSİTESİ","DENİZCİLİK MESLEK YÜKSEKOKULU","DEVLET ÜNIVERSITESI",,
1074-erdemli-meslek-yuksekokulu,"MERSİN ÜNİVERSİTESİ","ERDEMLİ MESLEK YÜKSEKOKULU","DEVLET ÜNIVERSITESI",,
1074-mustafa-baysan-meslek-yuksekokulu,"MERSİN ÜNİVERSİTESİ","MUSTAFA BAYSAN MESLEK YÜKSEKOKULU","DEVLET ÜNIVERSITESI",,
1074-mut-meslek-yuksekokulu,"MERSİN ÜNİVERSİTESİ","MUT MESLEK YÜKSEKOKULU","DEVLET ÜNIVERSITESI",,
1074-saglik-hi-zmetleri-meslek-yuksekokulu,"MERSİN ÜNİVERSİTESİ","SAĞLIK HİZMETLERİ MESLEK YÜKSEKOKULU","DEVLET ÜNIVERSITESI",,
1074-si-li-fke-meslek-yuksekokulu,"MERSİN ÜNİVERSİTESİ","SİLİFKE MESLEK YÜKSEKOKULU","DEVLET ÜNIVERSITESI",,
1074-sosyal-bi-li-mler-meslek-yuksekokulu,"MERSİN ÜNİVERSİTESİ","SOSYAL BİLİMLER MESLEK YÜKSEKOKULU","DEVLET ÜNIVERSITESI",,
1074-tekni-k-bi-li-mler-meslek-yuksekokulu,"MERSİN ÜNİVERSİTESİ","TEKNİK BİLİMLER MESLEK YÜKSEKOKULU","DEVLET ÜNIVERSITESI",,
1075-kultur-varliklarini-koruma-ve-onarim-yuksekokulu,"MİMAR SİNAN GÜZEL SANATLAR ÜNİVERSİTESİ","KÜLTÜR VARLIKLARINI KORUMA VE ONARIM YÜKSEKOKULU","İSTANBUL",,
1076-merkez-kampus,"MUĞLA SITKI KOÇMAN ÜNİVERSİTESİ","Merkez Kampüs","DEVLET ÜNIVERSITESI",,
1076-dalaman-si-vi-l-havacilik-yuksekokulu,"MUĞLA SITKI KOÇMAN ÜNİVERSİTESİ","DALAMAN SİVİL HAVACILIK YÜKSEKOKULU","DEVLET ÜNIVERSITESI",,
1076-seydi-kemer-uygulamali-bi-li-mler-yuksekokulu,"MUĞLA SITKI KOÇMAN ÜNİVERSİTESİ","SEYDİKEMER UYGULAMALI BİLİMLER YÜKSEKOKULU","DEVLET ÜNIVERSITESI",,
1076-bodrum-deni-zci-li-k-meslek-yuksekokulu,"MUĞLA SITKI KOÇMAN ÜNİVERSİTESİ","BODRUM DENİZCİLİK MESLEK YÜKSEKOKULU","DEVLET ÜNIVERSITESI",,
1076-datca-kazim-yilmaz-meslek-yuksekokulu,"MUĞLA SITKI KOÇMAN ÜNİVERSİTESİ","DATÇA KAZIM YILMAZ MESLEK YÜKSEKOKULU","DEVLET ÜNIVERSITESI",,
1076-fethi-ye-ali-sitki-mefharet-kocman-meslek-yuksekokulu,"MUĞLA SITKI KOÇMAN ÜNİVERSİTESİ","FETHİYE ALİ SITKI-MEFHARET KOÇMAN MESLEK YÜKSEKOKULU","DEVLET ÜNIVERSITESI",,
1076-fethi-ye-saglik-hi-zmetleri-meslek-yuksekokulu,"MUĞLA SITKI KOÇMAN ÜNİVERSİTESİ","FETHİYE SAĞLIK HİZMETLERİ MESLEK YÜKSEKOKULU","DEVLET ÜNIVERSITESI",,
1076-kavaklidere-sehi-t-mustafa-alper-meslek-yuksekokulu,"MUĞLA SITKI KOÇMAN ÜNİVERSİTESİ","KAVAKLIDERE ŞEHİT MUSTAFA ALPER MESLEK YÜKSEKOKULU","DEVLET ÜNIVERSITESI",,
1076-koycegi-z-meslek-yuksekokulu,"MUĞLA SITKI KOÇMAN ÜNİVERSİTESİ","KÖYCEĞİZ MESLEK YÜKSEKOKULU","DEVLET ÜNIVERSITESI",,
1076-marmari-s-turi-zm-meslek-yuksekokulu,"MUĞLA SITKI KOÇMAN ÜNİVERSİTESİ","MARMARİS TURİZM MESLEK YÜKSEKOKULU","DEVLET ÜNIVERSITESI",,
1076-mi-las-meslek-yuksekokulu,"MUĞLA SITKI KOÇMAN ÜNİVERSİTESİ","MİLAS MESLEK YÜKSEKOKULU","DEVLET ÜNIVERSITESI",,
1076-mugla-meslek-yuksekokulu,"MUĞLA SITKI KOÇMAN ÜNİVERSİTESİ","MUĞLA MESLEK YÜKSEKOKULU","DEVLET ÜNIVERSITESI",,
1076-mugla-saglik-hi-zmetleri-meslek-yuksekokulu-marmaris,"MUĞLA SITKI KOÇMAN ÜNİVERSİTESİ","MUĞLA SAĞLIK HİZMETLERİ MESLEK YÜKSEKOKULU (Marmaris)","DEVLET ÜNIVERSITESI",,
1076-ortaca-meslek-yuksekokulu,"MUĞLA SITKI KOÇMAN ÜNİVERSİTESİ","ORTACA MESLEK YÜKSEKOKULU","DEVLET ÜNIVERSITESI",,
1076-ula-ali-kocman-meslek-yuksekokulu,"MUĞLA SITKI KOÇMAN ÜNİVERSİTESİ","ULA ALİ KOÇMAN MESLEK YÜKSEKOKULU","DEVLET ÜNIVERSITESI",,
1076-yatagan-meslek-yuksekokulu,"MUĞLA SITKI KOÇMAN ÜNİVERSİTESİ","YATAĞAN MESLEK YÜKSEKOKULU","DEVLET ÜNIVERSITESI",,
1077-merkez-kampus,"MUSTAFA KEMAL ÜNİVERSİTESİ","Merkez Kampüs","DEVLET ÜNIVERSITESI",,
1077-turi-zm-i-sletmeci-li-gi-ve-otelci-li-k-yuksekokulu,"MUSTAFA KEMAL ÜNİVERSİTESİ","TURİZM İŞLETMECİLİĞİ VE OTELCİLİK YÜKSEKOKULU","DEVLET ÜNIVERSITESI",,
1077-altinozu-tarim-bi-li-mleri-meslek-yuksekokulu,"MUSTAFA KEMAL ÜNİVERSİTESİ","ALTINÖZÜ TARIM BİLİMLERİ MESLEK YÜKSEKOKULU","DEVLET ÜNIVERSITESI",,
1077-antakya-meslek-yuksekokulu,"MUSTAFA KEMAL ÜNİVERSİTESİ","ANTAKYA MESLEK YÜKSEKOKULU","DEVLET ÜNIVERSITESI",,
1077-hassa-meslek-yuksekokulu,"MUSTAFA KEMAL ÜNİVERSİTESİ","HASSA MESLEK YÜKSEKOKULU","DEVLET ÜNIVERSITESI",,
1077-hatay-saglik-hi-zmetleri-meslek-yuksekokulu,"MUSTAFA KEMAL ÜNİVERSİTESİ","HATAY SAĞLIK HİZMETLERİ MESLEK YÜKSEKOKULU","DEVLET ÜNIVERSITESI",,
1077-reyhanli-sosyal-bi-li-mler-meslek-yuksekokulu,"MUSTAFA KEMAL ÜNİVERSİTESİ","REYHANLI SOSYAL BİLİMLER MESLEK YÜKSEKOKULU","DEVLET ÜNIVERSITESI",,
1077-samandag-meslek-yuksekokulu,"MUSTAFA KEMAL ÜNİVERSİTESİ","SAMANDAĞ MESLEK YÜKSEKOKULU","DEVLET ÜNIVERSITESI",,
1077-sanat-ve-tasarim-meslek-yuksekokulu,"MUSTAFA KEMAL ÜNİVERSİTESİ","SANAT VE TASARIM MESLEK YÜKSEKOKULU","DEVLET ÜNIVERSITESI",,
1077-yayladagi-sosyal-bi-li-mler-meslek-yuksekokulu,"MUSTAFA KEMAL ÜNİVERSİTESİ","YAYLADAĞI SOSYAL BİLİMLER MESLEK YÜKSEKOKULU","DEVLET ÜNIVERSITESI",,
1078-merkez-kampus,"MUŞ ALPARSLAN ÜNİVERSİTESİ","Merkez Kampüs","DEVLET ÜNIVERSITESI",,
1078-bulanik-meslek-yuksekokulu,"MUŞ ALPARSLAN ÜNİVERSİTESİ","BULANIK MESLEK YÜKSEKOKULU","DEVLET ÜNIVERSITESI",,
1078-malazgi-rt-meslek-yuksekokulu,"MUŞ ALPARSLAN ÜNİVERSİTESİ","MALAZGİRT MESLEK YÜKSEKOKULU","DEVLET ÜNIVERSITESI",,
1078-saglik-hi-zmetleri-meslek-yuksekokulu,"MUŞ ALPARSLAN ÜNİVERSİTESİ","SAĞLIK HİZMETLERİ MESLEK YÜKSEKOKULU","DEVLET ÜNIVERSITESI",,
1078-sosyal-bi-li-mler-meslek-yuksekokulu,"MUŞ ALPARSLAN ÜNİVERSİTESİ","SOSYAL BİLİMLER MESLEK YÜKSEKOKULU","DEVLET ÜNIVERSITESI",,
1078-tekni-k-bi-li-mler-meslek-yuksekokulu,"MUŞ ALPARSLAN ÜNİVERSİTESİ","TEKNİK BİLİMLER MESLEK YÜKSEKOKULU","DEVLET ÜNIVERSITESI",,
1078-varto-meslek-yuksekokulu,"MUŞ ALPARSLAN ÜNİVERSİTESİ","VARTO MESLEK YÜKSEKOKULU","DEVLET ÜNIVERSITESI",,
1079-merkez-kampus,"TEKİRDAĞ NAMIK KEMAL ÜNİVERSİTESİ","Merkez Kampüs","DEVLET ÜNIVERSITESI",,
1079-barbaros-deni-zci-li-k-meslek-yuksekokulu,"TEKİRDAĞ NAMIK KEMAL ÜNİVERSİTESİ","BARBAROS DENİZCİLİK MESLEK YÜKSEKOKULU","DEVLET ÜNIVERSITESI",,
1079-cerkezkoy-meslek-yuksekokulu,"TEKİRDAĞ NAMIK KEMAL ÜNİVERSİTESİ","ÇERKEZKÖY MESLEK YÜKSEKOKULU","DEVLET ÜNIVERSITESI",,
1079-malkara-meslek-yuksekokulu,"TEKİRDAĞ NAMIK KEMAL ÜNİVERSİTESİ","MALKARA MESLEK YÜKSEKOKULU","DEVLET ÜNIVERSITESI",,
1079-marmara-eregli-si-meslek-yuksekokulu,"TEKİRDAĞ NAMIK KEMAL ÜNİVERSİTESİ","MARMARA EREĞLİSİ MESLEK YÜKSEKOKULU","DEVLET ÜNIVERSITESI",,
1079-saglik-hi-zmetleri-meslek-yuksekokulu,"TEKİRDAĞ NAMIK KEMAL ÜNİVERSİTESİ","SAĞLIK HİZMETLERİ MESLEK YÜKSEKOKULU","DEVLET ÜNIVERSITESI",,
1079-saray-meslek-yuksekokulu,"TEKİRDAĞ NAMIK KEMAL ÜNİVERSİTESİ","SARAY MESLEK YÜKSEKOKULU","DEVLET ÜNIVERSITESI",,
1079-sosyal-bi-li-mler-meslek-yuksekokulu,"TEKİRDAĞ NAMIK KEMAL ÜNİVERSİTESİ","SOSYAL BİLİMLER MESLEK YÜKSEKOKULU","DEVLET ÜNIVERSITESI",,
1079-sarkoy-meslek-yuksekokulu,"TEKİRDAĞ NAMIK KEMAL ÜNİVERSİTESİ","ŞARKÖY MESLEK YÜKSEKOKULU","DEVLET ÜNIVERSITESI",,
1079-tekni-k-bi-li-mler-meslek-yuksekokulu,"TEKİRDAĞ NAMIK KEMAL ÜNİVERSİTESİ","TEKNİK BİLİMLER MESLEK YÜKSEKOKULU","DEVLET ÜNIVERSITESI",,
1080-merkez-kampus,"NEVŞEHİR HACI BEKTAŞ VELİ ÜNİVERSİTESİ","Merkez Kampüs","DEVLET ÜNIVERSITESI",,
1080-guzel-sanatlar-fakultesi-hacibektas,"NEVŞEHİR HACI BEKTAŞ VELİ ÜNİVERSİTESİ","GÜZEL SANATLAR FAKÜLTESİ (Hacıbektaş)","DEVLET ÜNIVERSITESI",,
1080-acigol-tekni-k-bi-li-mler-meslek-yuksekokulu,"NEVŞEHİR HACI BEKTAŞ VELİ ÜNİVERSİTESİ","ACIGÖL TEKNİK BİLİMLER MESLEK YÜKSEKOKULU","DEVLET ÜNIVERSITESI",,
1080-avanos-guzel-sanatlar-meslek-yuksekokulu,"NEVŞEHİR HACI BEKTAŞ VELİ ÜNİVERSİTESİ","AVANOS GÜZEL SANATLAR MESLEK YÜKSEKOKULU","DEVLET ÜNIVERSITESI",,
1080-deri-nkuyu-emi-neana-ve-yasar-ertas-tarim-ve-hayvancilik-meslek-yuksekokulu,"NEVŞEHİR HACI BEKTAŞ VELİ ÜNİVERSİTESİ","DERİNKUYU EMİNEANA VE YAŞAR ERTAŞ TARIM VE HAYVANCILIK MESLEK YÜKSEKOKULU","DEVLET ÜNIVERSITESI",,
1080-gulsehi-r-sosyal-bi-li-mler-meslek-yuksekokulu,"NEVŞEHİR HACI BEKTAŞ VELİ ÜNİVERSİTESİ","GÜLŞEHİR SOSYAL BİLİMLER MESLEK YÜKSEKOKULU","DEVLET ÜNIVERSITESI",,
1080-hacibektas-tekni-k-bi-li-mler-meslek-yuksekokulu,"NEVŞEHİR HACI BEKTAŞ VELİ ÜNİVERSİTESİ","HACIBEKTAŞ TEKNİK BİLİMLER MESLEK YÜKSEKOKULU","DEVLET ÜNIVERSITESI",,
1080-kozakli-meslek-yuksekokulu,"NEVŞEHİR HACI BEKTAŞ VELİ ÜNİVERSİTESİ","KOZAKLI MESLEK YÜKSEKOKULU","DEVLET ÜNIVERSITESI",,
1080-meslek-yuksekokulu,"NEVŞEHİR HACI BEKTAŞ VELİ ÜNİVERSİTESİ","MESLEK YÜKSEKOKULU","DEVLET ÜNIVERSITESI",,
1080-saglik-hi-zmetleri-meslek-yuksekokulu,"NEVŞEHİR HACI BEKTAŞ VELİ ÜNİVERSİTESİ","SAĞLIK HİZMETLERİ MESLEK YÜKSEKOKULU","DEVLET ÜNIVERSITESI",,
1080-urgup-sebahat-ve-erol-toksoz-turi-zm-meslek-yuksekokulu,"NEVŞEHİR HACI BEKTAŞ VELİ ÜNİVERSİTESİ","ÜRGÜP SEBAHAT VE EROL TOKSÖZ TURİZM MESLEK YÜKSEKOKULU","DEVLET ÜNIVERSITESI",,
1081-merkez-kampus,"ÖMER HALİSDEMİR ÜNİVERSİTESİ","Merkez Kampüs","DEVLET ÜNIVERSITESI",,
1081-bor-hali-l-zohre-ataman-meslek-yuksekokulu,"ÖMER HALİSDEMİR ÜNİVERSİTESİ","BOR HALİL-ZÖHRE ATAMAN MESLEK YÜKSEKOKULU","DEVLET ÜNIVERSITESI",,
1081-bor-meslek-yuksekokulu,"ÖMER HALİSDEMİR ÜNİVERSİTESİ","BOR MESLEK YÜKSEKOKULU","DEVLET ÜNIVERSITESI",,
1081-ni-gde-sosyal-bi-li-mler-meslek-yuksekokulu,"ÖMER HALİSDEMİR ÜNİVERSİTESİ","NİĞDE SOSYAL BİLİMLER MESLEK YÜKSEKOKULU","DEVLET ÜNIVERSITESI",,
1081-ni-gde-tekni-k-bi-li-mler-meslek-yuksekokulu,"ÖMER HALİSDEMİR ÜNİVERSİTESİ","NİĞDE TEKNİK BİLİMLER MESLEK YÜKSEKOKULU","DEVLET ÜNIVERSITESI",,
1081-ni-gde-zubeyde-hanim-saglik-hi-zmetleri-meslek-yuksekokulu,"ÖMER HALİSDEMİR ÜNİVERSİTESİ","NİĞDE ZÜBEYDE HANIM SAĞLIK HİZMETLERİ MESLEK YÜKSEKOKULU","DEVLET ÜNIVERSITESI",,
1081-ulukisla-meslek-yuksekokulu,"ÖMER HALİSDEMİR ÜNİVERSİTESİ","ULUKIŞLA MESLEK YÜKSEKOKULU","DEVLET ÜNIVERSITESI",,
1082-ali-fuad-basgi-l-hukuk-fakultesi-carsamba,"ONDOKUZ MAYIS ÜNİVERSİTESİ","ALİ FUAD BAŞGİL HUKUK FAKÜLTESİ (Çarşamba)","SAMSUN",,
1082-eczacilik-fakultesi-bafra,"ONDOKUZ MAYIS ÜNİVERSİTESİ","ECZACILIK FAKÜLTESİ (Bafra)","SAMSUN",,
1082-i-leti-si-m-fakultesi-carsamba,"ONDOKUZ MAYIS ÜNİVERSİTESİ","İLETİŞİM FAKÜLTESİ (Çarşamba)","SAMSUN",,
1082-turi-zm-fakultesi-bafra,"ONDOKUZ MAYIS ÜNİVERSİTESİ","TURİZM FAKÜLTESİ (Bafra)","SAMSUN",,
1082-alacam-meslek-yuksekokulu,"ONDOKUZ MAYIS ÜNİVERSİTESİ","ALAÇAM MESLEK YÜKSEKOKULU","SAMSUN",,
1082-bafra-meslek-yuksekokulu,"ONDOKUZ MAYIS ÜNİVERSİTESİ","BAFRA MESLEK YÜKSEKOKULU","SAMSUN",,
1082-bafra-turi-zm-meslek-yuksekokulu,"ONDOKUZ MAYIS ÜNİVERSİTESİ","BAFRA TURİZM MESLEK YÜKSEKOKULU","SAMSUN",,
1082-bi-li-si-m-teknoloji-leri-meslek-yuksekokulu,"ONDOKUZ MAYIS ÜNİVERSİTESİ","BİLİŞİM TEKNOLOJİLERİ MESLEK YÜKSEKOKULU","SAMSUN",,
1082-carsamba-ti-caret-borsasi-meslek-yuksekokulu,"ONDOKUZ MAYIS ÜNİVERSİTESİ","ÇARŞAMBA TİCARET BORSASI MESLEK YÜKSEKOKULU","SAMSUN",,
1082-havelsan-si-ber-guvenli-k-meslek-yuksekokulu,"ONDOKUZ MAYIS ÜNİVERSİTESİ","HAVELSAN SİBER GÜVENLİK MESLEK YÜKSEKOKULU","SAMSUN",,
1082-ladi-k-meslek-yuksekokulu,"ONDOKUZ MAYIS ÜNİVERSİTESİ","LADİK MESLEK YÜKSEKOKULU","SAMSUN",,
1082-saglik-hi-zmetleri-meslek-yuksekokulu,"ONDOKUZ MAYIS ÜNİVERSİTESİ","SAĞLIK HİZMETLERİ MESLEK YÜKSEKOKULU","SAMSUN",,
1082-samsun-meslek-yuksekokulu,"ONDOKUZ MAYIS ÜNİVERSİTESİ","SAMSUN MESLEK YÜKSEKOKULU","SAMSUN",,
1082-vezi-rkopru-meslek-yuksekokulu,"ONDOKUZ MAYIS ÜNİVERSİTESİ","VEZİRKÖPRÜ MESLEK YÜKSEKOKULU","SAMSUN",,
1082-yesi-lyurt-demi-r-celi-k-meslek-yuksekokulu,"ONDOKUZ MAYIS ÜNİVERSİTESİ","YEŞİLYURT DEMİR ÇELİK MESLEK YÜKSEKOKULU","SAMSUN",,
1083-merkez-kampus,"ORDU ÜNİVERSİTESİ","Merkez Kampüs","DEVLET ÜNIVERSITESI",,
1083-akkus-meslek-yuksekokulu,"ORDU ÜNİVERSİTESİ","AKKUŞ MESLEK YÜKSEKOKULU","DEVLET ÜNIVERSITESI",,
1083-aybasti-meslek-yuksekokulu,"ORDU ÜNİVERSİTESİ","AYBASTI MESLEK YÜKSEKOKULU","DEVLET ÜNIVERSITESI",,
1083-fatsa-meslek-yuksekokulu,"ORDU ÜNİVERSİTESİ","FATSA MESLEK YÜKSEKOKULU","DEVLET ÜNIVERSITESI",,
1083-golkoy-meslek-yuksekokulu,"ORDU ÜNİVERSİTESİ","GÖLKÖY MESLEK YÜKSEKOKULU","DEVLET ÜNIVERSITESI",,
1083-i-ki-zce-meslek-yuksekokulu,"ORDU ÜNİVERSİTESİ","İKİZCE MESLEK YÜKSEKOKULU","DEVLET ÜNIVERSITESI",,
1083-mesudi-ye-meslek-yuksekokulu,"ORDU ÜNİVERSİTESİ","MESUDİYE MESLEK YÜKSEKOKULU","DEVLET ÜNIVERSITESI",,
1083-sosyal-bi-li-mler-meslek-yuksekokulu,"ORDU ÜNİVERSİTESİ","SOSYAL BİLİMLER MESLEK YÜKSEKOKULU","DEVLET ÜNIVERSITESI",,
1083-tekni-k-bi-li-mler-meslek-yuksekokulu,"ORDU ÜNİVERSİTESİ","TEKNİK BİLİMLER MESLEK YÜKSEKOKULU","DEVLET ÜNIVERSITESI",,
1083-ulubey-meslek-yuksekokulu,"ORDU ÜNİVERSİTESİ","ULUBEY MESLEK YÜKSEKOKULU","DEVLET ÜNIVERSITESI",,
1084-odtu-kuzey-kibris-kampusu-kktc-guzelyurt,"ORTA DOĞU TEKNİK ÜNİVERSİTESİ","ODTÜ KUZEY KIBRIS KAMPUSU (KKTC-GÜZELYURT)","ANKARA",,
1085-merkez-kampus,"OSMANİYE KORKUT ATA ÜNİVERSİTESİ","Merkez Kampüs","DEVLET ÜNIVERSITESI",,
1085-bahce-meslek-yuksekokulu,"OSMANİYE KORKUT ATA ÜNİVERSİTESİ","BAHÇE MESLEK YÜKSEKOKULU","DEVLET ÜNIVERSITESI",,
1085-duzi-ci-meslek-yuksekokulu,"OSMANİYE KORKUT ATA ÜNİVERSİTESİ","DÜZİÇİ MESLEK YÜKSEKOKULU","DEVLET ÜNIVERSITESI",,
1085-kadi-rli-meslek-yuksekokulu,"OSMANİYE KORKUT ATA ÜNİVERSİTESİ","KADİRLİ MESLEK YÜKSEKOKULU","DEVLET ÜNIVERSITESI",,
1085-saglik-hi-zmetleri-meslek-yuksekokulu,"OSMANİYE KORKUT ATA ÜNİVERSİTESİ","SAĞLIK HİZMETLERİ MESLEK YÜKSEKOKULU","DEVLET ÜNIVERSITESI",,
1086-merkez-kampus,"PAMUKKALE ÜNİVERSİTESİ","Merkez Kampüs","DENİZLİ",,
1086-uygulamali-bi-li-mler-fakultesi-civril,"PAMUKKALE ÜNİVERSİTESİ","UYGULAMALI BİLİMLER FAKÜLTESİ (Çivril)","DENİZLİ",,
1086-zi-raat-fakultesi-civril,"PAMUKKALE ÜNİVERSİTESİ","ZİRAAT FAKÜLTESİ (Çivril)","DENİZLİ",,
1086-acipayam-meslek-yuksekokulu,"PAMUKKALE ÜNİVERSİTESİ","ACIPAYAM MESLEK YÜKSEKOKULU","DENİZLİ",,
1086-beki-lli-meslek-yuksekokulu,"PAMUKKALE ÜNİVERSİTESİ","BEKİLLİ MESLEK YÜKSEKOKULU","DENİZLİ",,
1086-bozkurt-meslek-yuksekokulu,"PAMUKKALE ÜNİVERSİTESİ","BOZKURT MESLEK YÜKSEKOKULU","DENİZLİ",,
1086-buldan-meslek-yuksekokulu,"PAMUKKALE ÜNİVERSİTESİ","BULDAN MESLEK YÜKSEKOKULU","DENİZLİ",,
1086-cameli-meslek-yuksekokulu,"PAMUKKALE ÜNİVERSİTESİ","ÇAMELİ MESLEK YÜKSEKOKULU","DENİZLİ",,
1086-cardak-organi-ze-sanayi-bolgesi-meslek-yuksekokulu,"PAMUKKALE ÜNİVERSİTESİ","ÇARDAK ORGANİZE SANAYİ BÖLGESİ MESLEK YÜKSEKOKULU","DENİZLİ",,
1086-ci-vri-l-atasay-kamer-meslek-yuksekokulu,"PAMUKKALE ÜNİVERSİTESİ","ÇİVRİL ATASAY KAMER MESLEK YÜKSEKOKULU","DENİZLİ",,
1086-honaz-meslek-yuksekokulu,"PAMUKKALE ÜNİVERSİTESİ","HONAZ MESLEK YÜKSEKOKULU","DENİZLİ",,
1086-saraykoy-meslek-yuksekokulu,"PAMUKKALE ÜNİVERSİTESİ","SARAYKÖY MESLEK YÜKSEKOKULU","DENİZLİ",,
1086-seri-nhi-sar-meslek-yuksekokulu,"PAMUKKALE ÜNİVERSİTESİ","SERİNHİSAR MESLEK YÜKSEKOKULU","DENİZLİ",,
1086-tavas-meslek-yuksekokulu,"PAMUKKALE ÜNİVERSİTESİ","TAVAS MESLEK YÜKSEKOKULU","DENİZLİ",,
1086-tavas-saglik-hi-zmetleri-meslek-yuksekokulu,"PAMUKKALE ÜNİVERSİTESİ","TAVAS SAĞLIK HİZMETLERİ MESLEK YÜKSEKOKULU","DENİZLİ",,
1087-guneysu-fi-zi-k-tedavi-ve-rehabi-li-tasyon-yuksekokulu,"RECEP TAYYİP ERDOĞAN ÜNİVERSİTESİ","GÜNEYSU FİZİK TEDAVİ VE REHABİLİTASYON YÜKSEKOKULU","RİZE",,
1087-zi-raat-fakultesi-pazar,"RECEP TAYYİP ERDOĞAN ÜNİVERSİTESİ","ZİRAAT FAKÜLTESİ (Pazar)","RİZE",,
1087-ardesen-meslek-yuksekokulu,"RECEP TAYYİP ERDOĞAN ÜNİVERSİTESİ","ARDEŞEN MESLEK YÜKSEKOKULU","RİZE",,
1087-pazar-meslek-yuksekokulu,"RECEP TAYYİP ERDOĞAN ÜNİVERSİTESİ","PAZAR MESLEK YÜKSEKOKULU","RİZE",,
1087-saglik-hi-zmetleri-meslek-yuksekokulu,"RECEP TAYYİP ERDOĞAN ÜNİVERSİTESİ","SAĞLIK HİZMETLERİ MESLEK YÜKSEKOKULU","RİZE",,
1087-tekni-k-bi-li-mler-meslek-yuksekokulu,"RECEP TAYYİP ERDOĞAN ÜNİVERSİTESİ","TEKNİK BİLİMLER MESLEK YÜKSEKOKULU","RİZE",,
1088-merkez-kampus,"SAKARYA ÜNİVERSİTESİ","Merkez Kampüs","DEVLET ÜNIVERSITESI",,
1088-adapazari-meslek-yuksekokulu,"SAKARYA ÜNİVERSİTESİ","ADAPAZARI MESLEK YÜKSEKOKULU","DEVLET ÜNIVERSITESI",,
1088-sakarya-saglik-hi-zmetleri-meslek-yuksekokulu,"SAKARYA ÜNİVERSİTESİ","SAKARYA SAĞLIK HİZMETLERİ MESLEK YÜKSEKOKULU","DEVLET ÜNIVERSITESI",,
1089-aksehi-r-kadi-r-yallagoz-saglik-yuksekokulu,"SELÇUK ÜNİVERSİTESİ","AKŞEHİR KADİR YALLAGÖZ SAĞLIK YÜKSEKOKULU","KONYA",,
1089-beysehi-r-ali-akkanat-uygulamali-bi-li-mler-yuksekokulu,"SELÇUK ÜNİVERSİTESİ","BEYŞEHİR ALİ AKKANAT UYGULAMALI BİLİMLER YÜKSEKOKULU","KONYA",,
1089-cumra-uygulamali-bi-li-mler-yuksekokulu,"SELÇUK ÜNİVERSİTESİ","ÇUMRA UYGULAMALI BİLİMLER YÜKSEKOKULU","KONYA",,
1089-si-vi-l-havacilik-yuksekokulu,"SELÇUK ÜNİVERSİTESİ","SİVİL HAVACILIK YÜKSEKOKULU","KONYA",,
1089-akoren-ali-riza-ercan-meslek-yuksekokulu,"SELÇUK ÜNİVERSİTESİ","AKÖREN ALİ RIZA ERCAN MESLEK YÜKSEKOKULU","KONYA",,
1089-aksehi-r-meslek-yuksekokulu,"SELÇUK ÜNİVERSİTESİ","AKŞEHİR MESLEK YÜKSEKOKULU","KONYA",,
1089-beysehi-r-ali-akkanat-meslek-yuksekokulu,"SELÇUK ÜNİVERSİTESİ","BEYŞEHİR ALİ AKKANAT MESLEK YÜKSEKOKULU","KONYA",,
1089-cumra-meslek-yuksekokulu,"SELÇUK ÜNİVERSİTESİ","ÇUMRA MESLEK YÜKSEKOKULU","KONYA",,
1089-doganhi-sar-meslek-yuksekokulu,"SELÇUK ÜNİVERSİTESİ","DOĞANHİSAR MESLEK YÜKSEKOKULU","KONYA",,
1089-guneysinir-meslek-yuksekokulu,"SELÇUK ÜNİVERSİTESİ","GÜNEYSINIR MESLEK YÜKSEKOKULU","KONYA",,
1089-hadi-m-meslek-yuksekokulu,"SELÇUK ÜNİVERSİTESİ","HADİM MESLEK YÜKSEKOKULU","KONYA",,
1089-huglu-meslek-yuksekokulu,"SELÇUK ÜNİVERSİTESİ","HUĞLU MESLEK YÜKSEKOKULU","KONYA",,
1089-ilgin-meslek-yuksekokulu,"SELÇUK ÜNİVERSİTESİ","ILGIN MESLEK YÜKSEKOKULU","KONYA",,
1089-kadinhani-fai-k-i-ci-l-meslek-yuksekokulu,"SELÇUK ÜNİVERSİTESİ","KADINHANI FAİK İÇİL MESLEK YÜKSEKOKULU","KONYA",,
1089-kulu-meslek-yuksekokulu,"SELÇUK ÜNİVERSİTESİ","KULU MESLEK YÜKSEKOKULU","KONYA",,
1089-si-li-fke-tasucu-meslek-yuksekokulu,"SELÇUK ÜNİVERSİTESİ","SİLİFKE TAŞUCU MESLEK YÜKSEKOKULU","KONYA",,
1089-taskent-meslek-yuksekokulu,"SELÇUK ÜNİVERSİTESİ","TAŞKENT MESLEK YÜKSEKOKULU","KONYA",,
1089-yunak-meslek-yuksekokulu,"SELÇUK ÜNİVERSİTESİ","YUNAK MESLEK YÜKSEKOKULU","KONYA",,
1090-merkez-kampus,"SİİRT ÜNİVERSİTESİ","Merkez Kampüs","DEVLET ÜNIVERSITESI",,
1090-turi-zm-i-sletmeci-li-gi-ve-otelci-li-k-yuksekokulu,"SİİRT ÜNİVERSİTESİ","TURİZM İŞLETMECİLİĞİ VE OTELCİLİK YÜKSEKOKULU","DEVLET ÜNIVERSITESI",,
1090-eruh-meslek-yuksekokulu,"SİİRT ÜNİVERSİTESİ","ERUH MESLEK YÜKSEKOKULU","DEVLET ÜNIVERSITESI",,
1090-kurtalan-meslek-yuksekokulu,"SİİRT ÜNİVERSİTESİ","KURTALAN MESLEK YÜKSEKOKULU","DEVLET ÜNIVERSITESI",,
1090-saglik-hi-zmetleri-meslek-yuksekokulu,"SİİRT ÜNİVERSİTESİ","SAĞLIK HİZMETLERİ MESLEK YÜKSEKOKULU","DEVLET ÜNIVERSITESI",,
1090-sosyal-bi-li-mler-meslek-yuksekokulu,"SİİRT ÜNİVERSİTESİ","SOSYAL BİLİMLER MESLEK YÜKSEKOKULU","DEVLET ÜNIVERSITESI",,
1090-tasarim-meslek-yuksekokulu,"SİİRT ÜNİVERSİTESİ","TASARIM MESLEK YÜKSEKOKULU","DEVLET ÜNIVERSITESI",,
1090-tekni-k-bi-li-mler-meslek-yuksekokulu,"SİİRT ÜNİVERSİTESİ","TEKNİK BİLİMLER MESLEK YÜKSEKOKULU","DEVLET ÜNIVERSITESI",,
1091-merkez-kampus,"SİNOP ÜNİVERSİTESİ","Merkez Kampüs","DEVLET ÜNIVERSITESI",,
1091-ayancik-meslek-yuksekokulu,"SİNOP ÜNİVERSİTESİ","AYANCIK MESLEK YÜKSEKOKULU","DEVLET ÜNIVERSITESI",,
1091-boyabat-meslek-yuksekokulu,"SİNOP ÜNİVERSİTESİ","BOYABAT MESLEK YÜKSEKOKULU","DEVLET ÜNIVERSITESI",,
1091-duragan-meslek-yuksekokulu,"SİNOP ÜNİVERSİTESİ","DURAĞAN MESLEK YÜKSEKOKULU","DEVLET ÜNIVERSITESI",,
1091-gerze-meslek-yuksekokulu,"SİNOP ÜNİVERSİTESİ","GERZE MESLEK YÜKSEKOKULU","DEVLET ÜNIVERSITESI",,
1091-meslek-yuksekokulu,"SİNOP ÜNİVERSİTESİ","MESLEK YÜKSEKOKULU","DEVLET ÜNIVERSITESI",,
1091-saglik-hi-zmetleri-meslek-yuksekokulu,"SİNOP ÜNİVERSİTESİ","SAĞLIK HİZMETLERİ MESLEK YÜKSEKOKULU","DEVLET ÜNIVERSITESI",,
1091-turkeli-meslek-yuksekokulu,"SİNOP ÜNİVERSİTESİ","TÜRKELİ MESLEK YÜKSEKOKULU","DEVLET ÜNIVERSITESI",,
1092-si-vi-l-havacilik-yuksekokulu-keciborlu,"SÜLEYMAN DEMİREL ÜNİVERSİTESİ","SİVİL HAVACILIK YÜKSEKOKULU (Keçiborlu)","ISPARTA",,
1092-atayalvac-saglik-hi-zmetleri-meslek-yuksekokulu,"SÜLEYMAN DEMİREL ÜNİVERSİTESİ","ATAYALVAÇ SAĞLIK HİZMETLERİ MESLEK YÜKSEKOKULU","ISPARTA",,
1092-egi-rdi-r-saglik-hi-zmetleri-meslek-yuksekokulu,"SÜLEYMAN DEMİREL ÜNİVERSİTESİ","EĞİRDİR SAĞLIK HİZMETLERİ MESLEK YÜKSEKOKULU","ISPARTA",,
1093-merkez-kampus,"ŞIRNAK ÜNİVERSİTESİ","Merkez Kampüs","DEVLET ÜNIVERSITESI",,
1093-turi-zm-ve-otel-i-sletmeci-li-gi-yuksekokulu,"ŞIRNAK ÜNİVERSİTESİ","TURİZM VE OTEL İŞLETMECİLİĞİ YÜKSEKOKULU","DEVLET ÜNIVERSITESI",,
1093-ci-zre-meslek-yuksekokulu,"ŞIRNAK ÜNİVERSİTESİ","CİZRE MESLEK YÜKSEKOKULU","DEVLET ÜNIVERSITESI",,
1093-saglik-hi-zmetleri-meslek-yuksekokulu,"ŞIRNAK ÜNİVERSİTESİ","SAĞLIK HİZMETLERİ MESLEK YÜKSEKOKULU","DEVLET ÜNIVERSITESI",,
1093-si-lopi-meslek-yuksekokulu,"ŞIRNAK ÜNİVERSİTESİ","SİLOPİ MESLEK YÜKSEKOKULU","DEVLET ÜNIVERSITESI",,
1093-sirnak-meslek-yuksekokulu,"ŞIRNAK ÜNİVERSİTESİ","ŞIRNAK MESLEK YÜKSEKOKULU","DEVLET ÜNIVERSITESI",,
1094-arda-meslek-yuksekokulu,"TRAKYA ÜNİVERSİTESİ","ARDA MESLEK YÜKSEKOKULU","EDİRNE",,
1094-edi-rne-tekni-k-bi-li-mler-meslek-yuksekokulu,"TRAKYA ÜNİVERSİTESİ","EDİRNE TEKNİK BİLİMLER MESLEK YÜKSEKOKULU","EDİRNE",,
1094-i-psala-meslek-yuksekokulu,"TRAKYA ÜNİVERSİTESİ","İPSALA MESLEK YÜKSEKOKULU","EDİRNE",,
1094-kesan-meslek-yuksekokulu,"TRAKYA ÜNİVERSİTESİ","KEŞAN MESLEK YÜKSEKOKULU","EDİRNE",,
1094-sehi-t-ressam-hasan-riza-guzel-sanatlar-meslek-yuksekokulu,"TRAKYA ÜNİVERSİTESİ","ŞEHİT RESSAM HASAN RIZA GÜZEL SANATLAR MESLEK YÜKSEKOKULU","EDİRNE",,
1094-tunca-meslek-yuksekokulu,"TRAKYA ÜNİVERSİTESİ","TUNCA MESLEK YÜKSEKOKULU","EDİRNE",,
1094-uzunkopru-meslek-yuksekokulu,"TRAKYA ÜNİVERSİTESİ","UZUNKÖPRÜ MESLEK YÜKSEKOKULU","EDİRNE",,
1095-merkez-kampus,"MUNZUR ÜNİVERSİTESİ","Merkez Kampüs","TUNCELİ",,
1095-cemi-sgezek-meslek-yuksekokulu,"MUNZUR ÜNİVERSİTESİ","ÇEMİŞGEZEK MESLEK YÜKSEKOKULU","TUNCELİ",,
1095-pertek-saki-ne-genc-meslek-yuksekokulu,"MUNZUR ÜNİVERSİTESİ","PERTEK SAKİNE GENÇ MESLEK YÜKSEKOKULU","TUNCELİ",,
1095-tunceli-meslek-yuksekokulu,"MUNZUR ÜNİVERSİTESİ","TUNCELİ MESLEK YÜKSEKOKULU","TUNCELİ",,
1097-merkez-kampus,"BURSA ULUDAĞ ÜNİVERSİTESİ","Merkez Kampüs","DEVLET ÜNIVERSITESI",,
1097-hukuk-fakultesi-gemlik,"BURSA ULUDAĞ ÜNİVERSİTESİ","HUKUK FAKÜLTESİ (Gemlik)","DEVLET ÜNIVERSITESI",,
1097-buyukorhan-meslek-yuksekokulu,"BURSA ULUDAĞ ÜNİVERSİTESİ","BÜYÜKORHAN MESLEK YÜKSEKOKULU","DEVLET ÜNIVERSITESI",,
1097-gemli-k-asim-kocabiyik-meslek-yuksekokulu,"BURSA ULUDAĞ ÜNİVERSİTESİ","GEMLİK ASIM KOCABIYIK MESLEK YÜKSEKOKULU","DEVLET ÜNIVERSITESI",,
1097-harmancik-meslek-yuksekokulu,"BURSA ULUDAĞ ÜNİVERSİTESİ","HARMANCIK MESLEK YÜKSEKOKULU","DEVLET ÜNIVERSITESI",,
1097-i-negol-meslek-yuksekokulu,"BURSA ULUDAĞ ÜNİVERSİTESİ","İNEGÖL MESLEK YÜKSEKOKULU","DEVLET ÜNIVERSITESI",,
1097-i-zni-k-meslek-yuksekokulu,"BURSA ULUDAĞ ÜNİVERSİTESİ","İZNİK MESLEK YÜKSEKOKULU","DEVLET ÜNIVERSITESI",,
1097-karacabey-meslek-yuksekokulu,"BURSA ULUDAĞ ÜNİVERSİTESİ","KARACABEY MESLEK YÜKSEKOKULU","DEVLET ÜNIVERSITESI",,
1097-mennan-pasi-nli-atcilik-meslek-yuksekokulu,"BURSA ULUDAĞ ÜNİVERSİTESİ","MENNAN PASİNLİ ATÇILIK MESLEK YÜKSEKOKULU","DEVLET ÜNIVERSITESI",,
1097-mustafakemalpasa-meslek-yuksekokulu,"BURSA ULUDAĞ ÜNİVERSİTESİ","MUSTAFAKEMALPAŞA MESLEK YÜKSEKOKULU","DEVLET ÜNIVERSITESI",,
1097-orhaneli-meslek-yuksekokulu,"BURSA ULUDAĞ ÜNİVERSİTESİ","ORHANELİ MESLEK YÜKSEKOKULU","DEVLET ÜNIVERSITESI",,
1097-orhangazi-yeni-koy-asi-l-celi-k-meslek-yuksekokulu,"BURSA ULUDAĞ ÜNİVERSİTESİ","ORHANGAZİ YENİKÖY ASİL ÇELİK MESLEK YÜKSEKOKULU","DEVLET ÜNIVERSITESI",,
1097-sosyal-bi-li-mler-meslek-yuksekokulu,"BURSA ULUDAĞ ÜNİVERSİTESİ","SOSYAL BİLİMLER MESLEK YÜKSEKOKULU","DEVLET ÜNIVERSITESI",,
1098-banaz-meslek-yuksekokulu,"UŞAK ÜNİVERSİTESİ","BANAZ MESLEK YÜKSEKOKULU","DEVLET ÜNIVERSITESI",,
1098-esme-meslek-yuksekokulu,"UŞAK ÜNİVERSİTESİ","EŞME MESLEK YÜKSEKOKULU","DEVLET ÜNIVERSITESI",,
1098-karahalli-meslek-yuksekokulu,"UŞAK ÜNİVERSİTESİ","KARAHALLI MESLEK YÜKSEKOKULU","DEVLET ÜNIVERSITESI",,
1098-saglik-hi-zmetleri-meslek-yuksekokulu,"UŞAK ÜNİVERSİTESİ","SAĞLIK HİZMETLERİ MESLEK YÜKSEKOKULU","DEVLET ÜNIVERSITESI",,
1098-si-vasli-meslek-yuksekokulu,"UŞAK ÜNİVERSİTESİ","SİVASLI MESLEK YÜKSEKOKULU","DEVLET ÜNIVERSITESI",,
1098-si-vi-l-havacilik-meslek-yuksekokulu,"UŞAK ÜNİVERSİTESİ","SİVİL HAVACILIK MESLEK YÜKSEKOKULU","DEVLET ÜNIVERSITESI",,
1098-sosyal-bi-li-mler-meslek-yuksekokulu,"UŞAK ÜNİVERSİTESİ","SOSYAL BİLİMLER MESLEK YÜKSEKOKULU","DEVLET ÜNIVERSITESI",,
1098-tekni-k-bi-li-mler-meslek-yuksekokulu,"UŞAK ÜNİVERSİTESİ","TEKNİK BİLİMLER MESLEK YÜKSEKOKULU","DEVLET ÜNIVERSITESI",,
1098-ulubey-meslek-yuksekokulu,"UŞAK ÜNİVERSİTESİ","ULUBEY MESLEK YÜKSEKOKULU","DEVLET ÜNIVERSITESI",,
1098-uzaktan-egi-ti-m-meslek-yuksekokulu,"UŞAK ÜNİVERSİTESİ","UZAKTAN EĞİTİM MESLEK YÜKSEKOKULU","DEVLET ÜNIVERSITESI",,
1099-merkez-kampus,"YALOVA ÜNİVERSİTESİ","Merkez Kampüs","DEVLET ÜNIVERSITESI",,
1099-altinova-meslek-yuksekokulu,"YALOVA ÜNİVERSİTESİ","ALTINOVA MESLEK YÜKSEKOKULU","DEVLET ÜNIVERSITESI",,
1099-cinarcik-meslek-yuksekokulu,"YALOVA ÜNİVERSİTESİ","ÇINARCIK MESLEK YÜKSEKOKULU","DEVLET ÜNIVERSITESI",,
1099-termal-saglik-hi-zmetleri-meslek-yuksekokulu,"YALOVA ÜNİVERSİTESİ","TERMAL SAĞLIK HİZMETLERİ MESLEK YÜKSEKOKULU","DEVLET ÜNIVERSITESI",,
1100-merkez-kampus,"ANKARA YILDIRIM BEYAZIT ÜNİVERSİTESİ","Merkez Kampüs","DEVLET ÜNIVERSITESI",,
1100-saglik-hi-zmetleri-meslek-yuksekokulu,"ANKARA YILDIRIM BEYAZIT ÜNİVERSİTESİ","SAĞLIK HİZMETLERİ MESLEK YÜKSEKOKULU","DEVLET ÜNIVERSITESI",,
1100-serefli-kochi-sar-berat-comertoglu-meslek-yuksekokulu,"ANKARA YILDIRIM BEYAZIT ÜNİVERSİTESİ","ŞEREFLİKOÇHİSAR BERAT CÖMERTOĞLU MESLEK YÜKSEKOKULU","DEVLET ÜNIVERSITESI",,
1100-tekni-k-bi-li-mler-meslek-yuksekokulu,"ANKARA YILDIRIM BEYAZIT ÜNİVERSİTESİ","TEKNİK BİLİMLER MESLEK YÜKSEKOKULU","DEVLET ÜNIVERSITESI",,
1102-merkez-kampus,"VAN YÜZÜNCÜ YIL ÜNİVERSİTESİ","Merkez Kampüs","DEVLET ÜNIVERSITESI",,
1102-baskale-meslek-yuksekokulu,"VAN YÜZÜNCÜ YIL ÜNİVERSİTESİ","BAŞKALE MESLEK YÜKSEKOKULU","DEVLET ÜNIVERSITESI",,
1102-erci-s-meslek-yuksekokulu,"VAN YÜZÜNCÜ YIL ÜNİVERSİTESİ","ERCİŞ MESLEK YÜKSEKOKULU","DEVLET ÜNIVERSITESI",,
1102-gevas-meslek-yuksekokulu,"VAN YÜZÜNCÜ YIL ÜNİVERSİTESİ","GEVAŞ MESLEK YÜKSEKOKULU","DEVLET ÜNIVERSITESI",,
1102-muradi-ye-meslek-yuksekokulu,"VAN YÜZÜNCÜ YIL ÜNİVERSİTESİ","MURADİYE MESLEK YÜKSEKOKULU","DEVLET ÜNIVERSITESI",,
1102-ozalp-meslek-yuksekokulu,"VAN YÜZÜNCÜ YIL ÜNİVERSİTESİ","ÖZALP MESLEK YÜKSEKOKULU","DEVLET ÜNIVERSITESI",,
1102-van-guvenli-k-meslek-yuksekokulu,"VAN YÜZÜNCÜ YIL ÜNİVERSİTESİ","VAN GÜVENLİK MESLEK YÜKSEKOKULU","DEVLET ÜNIVERSITESI",,
1102-van-meslek-yuksekokulu,"VAN YÜZÜNCÜ YIL ÜNİVERSİTESİ","VAN MESLEK YÜKSEKOKULU","DEVLET ÜNIVERSITESI",,
1102-van-saglik-hi-zmetleri-meslek-yuksekokulu,"VAN YÜZÜNCÜ YIL ÜNİVERSİTESİ","VAN SAĞLIK HİZMETLERİ MESLEK YÜKSEKOKULU","DEVLET ÜNIVERSITESI",,
1103-uygulamali-bi-li-mler-yuksekokulu-devrek,"BÜLENT ECEVİT ÜNİVERSİTESİ","UYGULAMALI BİLİMLER YÜKSEKOKULU (Devrek)","DEVLET ÜNIVERSITESI",,
1103-ahmet-erdogan-saglik-hi-zmetleri-meslek-yuksekokulu,"BÜLENT ECEVİT ÜNİVERSİTESİ","AHMET ERDOĞAN SAĞLIK HİZMETLERİ MESLEK YÜKSEKOKULU","DEVLET ÜNIVERSITESI",,
1103-alapli-meslek-yuksekokulu,"BÜLENT ECEVİT ÜNİVERSİTESİ","ALAPLI MESLEK YÜKSEKOKULU","DEVLET ÜNIVERSITESI",,
1103-bi-li-si-m-teknoloji-leri-meslek-yuksekokulu,"BÜLENT ECEVİT ÜNİVERSİTESİ","BİLİŞİM TEKNOLOJİLERİ MESLEK YÜKSEKOKULU","DEVLET ÜNIVERSITESI",,
1103-caycuma-gida-ve-tarim-meslek-yuksekokulu,"BÜLENT ECEVİT ÜNİVERSİTESİ","ÇAYCUMA GIDA VE TARIM MESLEK YÜKSEKOKULU","DEVLET ÜNIVERSITESI",,
1103-caycuma-meslek-yuksekokulu,"BÜLENT ECEVİT ÜNİVERSİTESİ","ÇAYCUMA MESLEK YÜKSEKOKULU","DEVLET ÜNIVERSITESI",,
1103-devrek-meslek-yuksekokulu,"BÜLENT ECEVİT ÜNİVERSİTESİ","DEVREK MESLEK YÜKSEKOKULU","DEVLET ÜNIVERSITESI",,
1103-gokcebey-mi-that-mehmet-canakci-meslek-yuksekokulu,"BÜLENT ECEVİT ÜNİVERSİTESİ","GÖKÇEBEY MİTHAT-MEHMET ÇANAKÇI MESLEK YÜKSEKOKULU","DEVLET ÜNIVERSITESI",,
1103-karadeni-z-eregli-meslek-yuksekokulu,"BÜLENT ECEVİT ÜNİVERSİTESİ","KARADENİZ EREĞLİ MESLEK YÜKSEKOKULU","DEVLET ÜNIVERSITESI",,
1103-zonguldak-meslek-yuksekokulu-kilimli,"BÜLENT ECEVİT ÜNİVERSİTESİ","ZONGULDAK MESLEK YÜKSEKOKULU (Kilimli)","DEVLET ÜNIVERSITESI",,
1104-merkez-kampus,"ADANA ALPARSLAN TÜRKEŞ BİLİM VE TEKNOLOJİ ÜNİVERSİTESİ","Merkez Kampüs","DEVLET ÜNIVERSITESI",,
1104-bi-li-si-m-teknoloji-leri-meslek-yuksekokulu,"ADANA ALPARSLAN TÜRKEŞ BİLİM VE TEKNOLOJİ ÜNİVERSİTESİ","BİLİŞİM TEKNOLOJİLERİ MESLEK YÜKSEKOKULU","DEVLET ÜNIVERSITESI",,
1105-akseki-meslek-yuksekokulu,"ALANYA ALAADDİN KEYKUBAT ÜNİVERSİTESİ","AKSEKİ MESLEK YÜKSEKOKULU","ANTALYA",,
1105-alanya-ti-caret-ve-sanayi-odasi-meslek-yuksekokulu,"ALANYA ALAADDİN KEYKUBAT ÜNİVERSİTESİ","ALANYA TİCARET VE SANAYİ ODASI MESLEK YÜKSEKOKULU","ANTALYA",,
1105-alanya-ti-caret-ve-sanayi-odasi-turi-zm-meslek-yuksekokulu,"ALANYA ALAADDİN KEYKUBAT ÜNİVERSİTESİ","ALANYA TİCARET VE SANAYİ ODASI TURİZM MESLEK YÜKSEKOKULU","ANTALYA",,
1105-gazi-pasa-mustafa-rahmi-buyukballi-meslek-yuksekokulu,"ALANYA ALAADDİN KEYKUBAT ÜNİVERSİTESİ","GAZİPAŞA MUSTAFA RAHMİ BÜYÜKBALLI MESLEK YÜKSEKOKULU","ANTALYA",,
1107-merkez-kampus,"İSKENDERUN TEKNİK ÜNİVERSİTESİ","Merkez Kampüs","HATAY",,
1107-deni-zci-li-k-teknoloji-leri-meslek-yuksekokulu,"İSKENDERUN TEKNİK ÜNİVERSİTESİ","DENİZCİLİK TEKNOLOJİLERİ MESLEK YÜKSEKOKULU","HATAY",,
1107-erzi-n-organi-ze-sanayi-bolgesi-meslek-yuksekokulu,"İSKENDERUN TEKNİK ÜNİVERSİTESİ","ERZİN ORGANİZE SANAYİ BÖLGESİ MESLEK YÜKSEKOKULU","HATAY",,
1107-i-skenderun-meslek-yuksekokulu,"İSKENDERUN TEKNİK ÜNİVERSİTESİ","İSKENDERUN MESLEK YÜKSEKOKULU","HATAY",,
1107-i-skenderun-organi-ze-sanayi-bolgesi-kaynakcilik-meslek-yuksekokulu,"İSKENDERUN TEKNİK ÜNİVERSİTESİ","İSKENDERUN ORGANİZE SANAYİ BÖLGESİ KAYNAKÇILIK MESLEK YÜKSEKOKULU","HATAY",,
1109-merkez-kampus,"ANKARA SOSYAL BİLİMLER ÜNİVERSİTESİ","Merkez Kampüs","DEVLET ÜNIVERSITESI",,
1109-asbu-kuzey-kibris-yerleskesi-kktc-lefkosa,"ANKARA SOSYAL BİLİMLER ÜNİVERSİTESİ","ASBÜ-KUZEY KIBRIS YERLEŞKESİ (KKTC-LEFKOŞA)","DEVLET ÜNIVERSITESI",,
1110-gulhane-di-s-heki-mli-gi-fakultesi-ankara,"SAĞLIK BİLİMLERİ ÜNİVERSİTESİ","GÜLHANE DİŞ HEKİMLİĞİ FAKÜLTESİ (ANKARA)","İSTANBUL",,
1110-arnavutkoy-darulaceze-saglik-hi-zmetleri-meslek-yuksekokulu,"SAĞLIK BİLİMLERİ ÜNİVERSİTESİ","ARNAVUTKÖY DARÜLACEZE SAĞLIK HİZMETLERİ MESLEK YÜKSEKOKULU","İSTANBUL",,
1110-gulhane-saglik-meslek-yuksekokulu-ankara,"SAĞLIK BİLİMLERİ ÜNİVERSİTESİ","GÜLHANE SAĞLIK MESLEK YÜKSEKOKULU (ANKARA)","İSTANBUL",,
1110-hami-di-ye-saglik-hi-zmetleri-meslek-yuksekokulu-i-stanbul,"SAĞLIK BİLİMLERİ ÜNİVERSİTESİ","HAMİDİYE SAĞLIK HİZMETLERİ MESLEK YÜKSEKOKULU (İSTANBUL)","İSTANBUL",,
1111-merkez-kampus,"İZMİR DEMOKRASİ ÜNİVERSİTESİ","Merkez Kampüs","DEVLET ÜNIVERSITESI",,
1111-meslek-yuksekokulu,"İZMİR DEMOKRASİ ÜNİVERSİTESİ","MESLEK YÜKSEKOKULU","DEVLET ÜNIVERSITESI",,
1111-saglik-hi-zmetleri-meslek-yuksekokulu,"İZMİR DEMOKRASİ ÜNİVERSİTESİ","SAĞLIK HİZMETLERİ MESLEK YÜKSEKOKULU","DEVLET ÜNIVERSITESI",,
1112-merkez-kampus,"GAZİANTEP İSLAM BİLİM VE TEKNOLOJİ ÜNİVERSİTESİ","Merkez Kampüs","DEVLET ÜNIVERSITESI",,
1112-saglik-hi-zmetleri-meslek-yuksekokulu,"GAZİANTEP İSLAM BİLİM VE TEKNOLOJİ ÜNİVERSİTESİ","SAĞLIK HİZMETLERİ MESLEK YÜKSEKOKULU","DEVLET ÜNIVERSITESI",,
1112-tekni-k-bi-li-mler-meslek-yuksekokulu,"GAZİANTEP İSLAM BİLİM VE TEKNOLOJİ ÜNİVERSİTESİ","TEKNİK BİLİMLER MESLEK YÜKSEKOKULU","DEVLET ÜNIVERSITESI",,
1113-merkez-kampus,"KONYA TEKNİK ÜNİVERSİTESİ","Merkez Kampüs","DEVLET ÜNIVERSITESI",,
1113-tekni-k-bi-li-mler-meslek-yuksekokulu,"KONYA TEKNİK ÜNİVERSİTESİ","TEKNİK BİLİMLER MESLEK YÜKSEKOKULU","DEVLET ÜNIVERSITESI",,
1114-merkez-kampus,"KÜTAHYA SAĞLIK BİLİMLERİ ÜNİVERSİTESİ","Merkez Kampüs","DEVLET ÜNIVERSITESI",,
1114-gedi-z-saglik-hi-zmetleri-meslek-yuksekokulu,"KÜTAHYA SAĞLIK BİLİMLERİ ÜNİVERSİTESİ","GEDİZ SAĞLIK HİZMETLERİ MESLEK YÜKSEKOKULU","DEVLET ÜNIVERSITESI",,
1114-kutahya-meslek-yuksekokulu,"KÜTAHYA SAĞLIK BİLİMLERİ ÜNİVERSİTESİ","KÜTAHYA MESLEK YÜKSEKOKULU","DEVLET ÜNIVERSITESI",,
1114-si-mav-saglik-hi-zmetleri-meslek-yuksekokulu,"KÜTAHYA SAĞLIK BİLİMLERİ ÜNİVERSİTESİ","SİMAV SAĞLIK HİZMETLERİ MESLEK YÜKSEKOKULU","DEVLET ÜNIVERSITESI",,
1114-tavsanli-saglik-hi-zmetleri-meslek-yuksekokulu,"KÜTAHYA SAĞLIK BİLİMLERİ ÜNİVERSİTESİ","TAVŞANLI SAĞLIK HİZMETLERİ MESLEK YÜKSEKOKULU","DEVLET ÜNIVERSITESI",,
1115-merkez-kampus,"MALATYA TURGUT ÖZAL ÜNİVERSİTESİ","Merkez Kampüs","DEVLET ÜNIVERSITESI",,
1115-si-vi-l-havacilik-yuksekokulu,"MALATYA TURGUT ÖZAL ÜNİVERSİTESİ","SİVİL HAVACILIK YÜKSEKOKULU","DEVLET ÜNIVERSITESI",,
1115-akcadag-meslek-yuksekokulu,"MALATYA TURGUT ÖZAL ÜNİVERSİTESİ","AKÇADAĞ MESLEK YÜKSEKOKULU","DEVLET ÜNIVERSITESI",,
1115-arapgi-r-meslek-yuksekokulu,"MALATYA TURGUT ÖZAL ÜNİVERSİTESİ","ARAPGİR MESLEK YÜKSEKOKULU","DEVLET ÜNIVERSITESI",,
1115-battalgazi-meslek-yuksekokulu,"MALATYA TURGUT ÖZAL ÜNİVERSİTESİ","BATTALGAZİ MESLEK YÜKSEKOKULU","DEVLET ÜNIVERSITESI",,
1115-bi-li-si-m-teknoloji-leri-meslek-yuksekokulu,"MALATYA TURGUT ÖZAL ÜNİVERSİTESİ","BİLİŞİM TEKNOLOJİLERİ MESLEK YÜKSEKOKULU","DEVLET ÜNIVERSITESI",,
1115-darende-beki-r-ilicak-meslek-yuksekokulu,"MALATYA TURGUT ÖZAL ÜNİVERSİTESİ","DARENDE BEKİR ILICAK MESLEK YÜKSEKOKULU","DEVLET ÜNIVERSITESI",,
1115-dogansehi-r-vahap-kucuk-meslek-yuksekokulu,"MALATYA TURGUT ÖZAL ÜNİVERSİTESİ","DOĞANŞEHİR VAHAP KÜÇÜK MESLEK YÜKSEKOKULU","DEVLET ÜNIVERSITESI",,
1115-heki-mhan-mehmet-emi-n-sungur-meslek-yuksekokulu,"MALATYA TURGUT ÖZAL ÜNİVERSİTESİ","HEKİMHAN MEHMET EMİN SUNGUR MESLEK YÜKSEKOKULU","DEVLET ÜNIVERSITESI",,
1115-kale-turi-zm-ve-otel-i-sletmeci-li-gi-meslek-yuksekokulu,"MALATYA TURGUT ÖZAL ÜNİVERSİTESİ","KALE TURİZM VE OTEL İŞLETMECİLİĞİ MESLEK YÜKSEKOKULU","DEVLET ÜNIVERSITESI",,
1115-yesi-lyurt-tekni-k-bi-li-mler-meslek-yuksekokulu,"MALATYA TURGUT ÖZAL ÜNİVERSİTESİ","YEŞİLYURT TEKNİK BİLİMLER MESLEK YÜKSEKOKULU","DEVLET ÜNIVERSITESI",,
1116-merkez-kampus,"İSTANBUL ÜNİVERSİTESİ-CERRAHPAŞA","Merkez Kampüs","DEVLET ÜNIVERSITESI",,
1116-ormancilik-meslek-yuksekokulu,"İSTANBUL ÜNİVERSİTESİ-CERRAHPAŞA","ORMANCILIK MESLEK YÜKSEKOKULU","DEVLET ÜNIVERSITESI",,
1116-saglik-hi-zmetleri-meslek-yuksekokulu,"İSTANBUL ÜNİVERSİTESİ-CERRAHPAŞA","SAĞLIK HİZMETLERİ MESLEK YÜKSEKOKULU","DEVLET ÜNIVERSITESI",,
1116-sosyal-bi-li-mler-meslek-yuksekokulu,"İSTANBUL ÜNİVERSİTESİ-CERRAHPAŞA","SOSYAL BİLİMLER MESLEK YÜKSEKOKULU","DEVLET ÜNIVERSITESI",,
1116-tekni-k-bi-li-mler-meslek-yuksekokulu,"İSTANBUL ÜNİVERSİTESİ-CERRAHPAŞA","TEKNİK BİLİMLER MESLEK YÜKSEKOKULU","DEVLET ÜNIVERSITESI",,
1116-veteri-nerli-k-meslek-yuksekokulu,"İSTANBUL ÜNİVERSİTESİ-CERRAHPAŞA","VETERİNERLİK MESLEK YÜKSEKOKULU","DEVLET ÜNIVERSITESI",,
1117-merkez-kampus,"ANKARA HACI BAYRAM VELİ ÜNİVERSİTESİ","Merkez Kampüs","DEVLET ÜNIVERSITESI",,
1117-tapu-kadastro-yuksekokulu,"ANKARA HACI BAYRAM VELİ ÜNİVERSİTESİ","TAPU KADASTRO YÜKSEKOKULU","DEVLET ÜNIVERSITESI",,
1117-mutfak-sanatlari-meslek-yuksekokulu,"ANKARA HACI BAYRAM VELİ ÜNİVERSİTESİ","MUTFAK SANATLARI MESLEK YÜKSEKOKULU","DEVLET ÜNIVERSITESI",,
1117-polatli-sosyal-bi-li-mler-meslek-yuksekokulu,"ANKARA HACI BAYRAM VELİ ÜNİVERSİTESİ","POLATLI SOSYAL BİLİMLER MESLEK YÜKSEKOKULU","DEVLET ÜNIVERSITESI",,
1118-saglik-bi-li-mleri-fakultesi-akyazi,"SAKARYA UYGULAMALI BİLİMLER ÜNİVERSİTESİ","SAĞLIK BİLİMLERİ FAKÜLTESİ (Akyazı)","DEVLET ÜNIVERSITESI",,
1118-merkez-kampus,"SAKARYA UYGULAMALI BİLİMLER ÜNİVERSİTESİ","Merkez Kampüs","DEVLET ÜNIVERSITESI",,
1118-akyazi-saglik-hi-zmetleri-meslek-yuksekokulu,"SAKARYA UYGULAMALI BİLİMLER ÜNİVERSİTESİ","AKYAZI SAĞLIK HİZMETLERİ MESLEK YÜKSEKOKULU","DEVLET ÜNIVERSITESI",,
1118-ari-fi-ye-meslek-yuksekokulu,"SAKARYA UYGULAMALI BİLİMLER ÜNİVERSİTESİ","ARİFİYE MESLEK YÜKSEKOKULU","DEVLET ÜNIVERSITESI",,
1118-bi-li-si-m-teknoloji-leri-meslek-yuksekokulu-karasu,"SAKARYA UYGULAMALI BİLİMLER ÜNİVERSİTESİ","BİLİŞİM TEKNOLOJİLERİ MESLEK YÜKSEKOKULU (Karasu)","DEVLET ÜNIVERSITESI",,
1118-deni-zci-li-k-meslek-yuksekokulu-kocaali,"SAKARYA UYGULAMALI BİLİMLER ÜNİVERSİTESİ","DENİZCİLİK MESLEK YÜKSEKOKULU (Kocaali)","DEVLET ÜNIVERSITESI",,
1118-feri-zli-meslek-yuksekokulu,"SAKARYA UYGULAMALI BİLİMLER ÜNİVERSİTESİ","FERİZLİ MESLEK YÜKSEKOKULU","DEVLET ÜNIVERSITESI",,
1118-hendek-meslek-yuksekokulu,"SAKARYA UYGULAMALI BİLİMLER ÜNİVERSİTESİ","HENDEK MESLEK YÜKSEKOKULU","DEVLET ÜNIVERSITESI",,
1118-kaynarca-seyfetti-n-seli-m-meslek-yuksekokulu,"SAKARYA UYGULAMALI BİLİMLER ÜNİVERSİTESİ","KAYNARCA SEYFETTİN SELİM MESLEK YÜKSEKOKULU","DEVLET ÜNIVERSITESI",,
1118-pamukova-meslek-yuksekokulu,"SAKARYA UYGULAMALI BİLİMLER ÜNİVERSİTESİ","PAMUKOVA MESLEK YÜKSEKOKULU","DEVLET ÜNIVERSITESI",,
1118-sakarya-meslek-yuksekokulu,"SAKARYA UYGULAMALI BİLİMLER ÜNİVERSİTESİ","SAKARYA MESLEK YÜKSEKOKULU","DEVLET ÜNIVERSITESI",,
1118-sapanca-meslek-yuksekokulu,"SAKARYA UYGULAMALI BİLİMLER ÜNİVERSİTESİ","SAPANCA MESLEK YÜKSEKOKULU","DEVLET ÜNIVERSITESI",,
1118-sapanca-turi-zm-meslek-yuksekokulu,"SAKARYA UYGULAMALI BİLİMLER ÜNİVERSİTESİ","SAPANCA TURİZM MESLEK YÜKSEKOKULU","DEVLET ÜNIVERSITESI",,
1119-merkez-kampus,"SİVAS BİLİM VE TEKNOLOJİ ÜNİVERSİTESİ","Merkez Kampüs","DEVLET ÜNIVERSITESI",,
1119-si-vas-meslek-yuksekokulu,"SİVAS BİLİM VE TEKNOLOJİ ÜNİVERSİTESİ","SİVAS MESLEK YÜKSEKOKULU","DEVLET ÜNIVERSITESI",,
1120-mersi-n-tarsus-organi-ze-sanayi-bolgesi-tekni-k-bi-li-mler-meslek-yuksekokulu,"TARSUS ÜNİVERSİTESİ","MERSİN TARSUS ORGANİZE SANAYİ BÖLGESİ TEKNİK BİLİMLER MESLEK YÜKSEKOKULU","MERSİN",,
1120-saglik-hi-zmetleri-meslek-yuksekokulu,"TARSUS ÜNİVERSİTESİ","SAĞLIK HİZMETLERİ MESLEK YÜKSEKOKULU","MERSİN",,
1121-merkez-kampus,"TRABZON ÜNİVERSİTESİ","Merkez Kampüs","DEVLET ÜNIVERSITESI",,
1121-uygulamali-bi-li-mler-yuksekokulu,"TRABZON ÜNİVERSİTESİ","UYGULAMALI BİLİMLER YÜKSEKOKULU","DEVLET ÜNIVERSITESI",,
1121-besi-kduzu-meslek-yuksekokulu,"TRABZON ÜNİVERSİTESİ","BEŞİKDÜZÜ MESLEK YÜKSEKOKULU","DEVLET ÜNIVERSITESI",,
1121-carsibasi-meslek-yuksekokulu,"TRABZON ÜNİVERSİTESİ","ÇARŞIBAŞI MESLEK YÜKSEKOKULU","DEVLET ÜNIVERSITESI",,
1121-duzkoy-meslek-yuksekokulu,"TRABZON ÜNİVERSİTESİ","DÜZKÖY MESLEK YÜKSEKOKULU","DEVLET ÜNIVERSITESI",,
1121-salpazari-meslek-yuksekokulu,"TRABZON ÜNİVERSİTESİ","ŞALPAZARI MESLEK YÜKSEKOKULU","DEVLET ÜNIVERSITESI",,
1121-tonya-meslek-yuksekokulu,"TRABZON ÜNİVERSİTESİ","TONYA MESLEK YÜKSEKOKULU","DEVLET ÜNIVERSITESI",,
1121-turi-zm-ve-otelci-li-k-meslek-yuksekokulu,"TRABZON ÜNİVERSİTESİ","TURİZM VE OTELCİLİK MESLEK YÜKSEKOKULU","DEVLET ÜNIVERSITESI",,
1121-vakfikebi-r-meslek-yuksekokulu,"TRABZON ÜNİVERSİTESİ","VAKFIKEBİR MESLEK YÜKSEKOKULU","DEVLET ÜNIVERSITESI",,
1122-merkez-kampus,"KAHRAMANMARAŞ İSTİKLAL ÜNİVERSİTESİ","Merkez Kampüs","DEVLET ÜNIVERSITESI",,
1122-airbus-tusas-havacilik-meslek-yuksekokulu,"KAHRAMANMARAŞ İSTİKLAL ÜNİVERSİTESİ","AIRBUS-TUSAŞ HAVACILIK MESLEK YÜKSEKOKULU","DEVLET ÜNIVERSITESI",,
1122-elbi-stan-meslek-yuksekokulu,"KAHRAMANMARAŞ İSTİKLAL ÜNİVERSİTESİ","ELBİSTAN MESLEK YÜKSEKOKULU","DEVLET ÜNIVERSITESI",,
1122-elbi-stan-saglik-hi-zmetleri-meslek-yuksekokulu,"KAHRAMANMARAŞ İSTİKLAL ÜNİVERSİTESİ","ELBİSTAN SAĞLIK HİZMETLERİ MESLEK YÜKSEKOKULU","DEVLET ÜNIVERSITESI",,
1122-turkoglu-meslek-yuksekokulu,"KAHRAMANMARAŞ İSTİKLAL ÜNİVERSİTESİ","TÜRKOĞLU MESLEK YÜKSEKOKULU","DEVLET ÜNIVERSITESI",,
1123-merkez-kampus,"KAYSERİ ÜNİVERSİTESİ","Merkez Kampüs","DEVLET ÜNIVERSITESI",,
1123-bi-li-si-m-teknoloji-leri-meslek-yuksekokulu,"KAYSERİ ÜNİVERSİTESİ","BİLİŞİM TEKNOLOJİLERİ MESLEK YÜKSEKOKULU","DEVLET ÜNIVERSITESI",,
1123-bunyan-meslek-yuksekokulu,"KAYSERİ ÜNİVERSİTESİ","BÜNYAN MESLEK YÜKSEKOKULU","DEVLET ÜNIVERSITESI",,
1123-develi-huseyi-n-sahi-n-meslek-yuksekokulu,"KAYSERİ ÜNİVERSİTESİ","DEVELİ HÜSEYİN ŞAHİN MESLEK YÜKSEKOKULU","DEVLET ÜNIVERSITESI",,
1123-i-ncesu-ayse-ve-saffet-arslan-saglik-hi-zmetleri-meslek-yuksekokulu,"KAYSERİ ÜNİVERSİTESİ","İNCESU AYŞE VE SAFFET ARSLAN SAĞLIK HİZMETLERİ MESLEK YÜKSEKOKULU","DEVLET ÜNIVERSITESI",,
1123-mustafa-cikrikcioglu-meslek-yuksekokulu,"KAYSERİ ÜNİVERSİTESİ","MUSTAFA ÇIKRIKÇIOĞLU MESLEK YÜKSEKOKULU","DEVLET ÜNIVERSITESI",,
1123-organi-ze-sanayi-bolgesi-meslek-yuksekokulu,"KAYSERİ ÜNİVERSİTESİ","ORGANİZE SANAYİ BÖLGESİ MESLEK YÜKSEKOKULU","DEVLET ÜNIVERSITESI",,
1123-pinarbasi-meslek-yuksekokulu,"KAYSERİ ÜNİVERSİTESİ","PINARBAŞI MESLEK YÜKSEKOKULU","DEVLET ÜNIVERSITESI",,
1123-safi-ye-cikrikcioglu-meslek-yuksekokulu,"KAYSERİ ÜNİVERSİTESİ","SAFİYE ÇIKRIKÇIOĞLU MESLEK YÜKSEKOKULU","DEVLET ÜNIVERSITESI",,
1123-sosyal-bi-li-mler-meslek-yuksekokulu,"KAYSERİ ÜNİVERSİTESİ","SOSYAL BİLİMLER MESLEK YÜKSEKOKULU","DEVLET ÜNIVERSITESI",,
1123-tekni-k-bi-li-mler-meslek-yuksekokulu,"KAYSERİ ÜNİVERSİTESİ","TEKNİK BİLİMLER MESLEK YÜKSEKOKULU","DEVLET ÜNIVERSITESI",,
1123-tomarza-mustafa-akincioglu-meslek-yuksekokulu,"KAYSERİ ÜNİVERSİTESİ","TOMARZA MUSTAFA AKINCIOĞLU MESLEK YÜKSEKOKULU","DEVLET ÜNIVERSITESI",,
1123-yahyali-meslek-yuksekokulu,"KAYSERİ ÜNİVERSİTESİ","YAHYALI MESLEK YÜKSEKOKULU","DEVLET ÜNIVERSITESI",,
1123-yesi-lhi-sar-meslek-yuksekokulu,"KAYSERİ ÜNİVERSİTESİ","YEŞİLHİSAR MESLEK YÜKSEKOKULU","DEVLET ÜNIVERSITESI",,
1124-merkez-kampus,"ESKİŞEHİR TEKNİK ÜNİVERSİTESİ","Merkez Kampüs","DEVLET ÜNIVERSITESI",,
1124-bi-li-si-m-teknoloji-leri-meslek-yuksekokulu,"ESKİŞEHİR TEKNİK ÜNİVERSİTESİ","BİLİŞİM TEKNOLOJİLERİ MESLEK YÜKSEKOKULU","DEVLET ÜNIVERSITESI",,
1124-porsuk-meslek-yuksekokulu,"ESKİŞEHİR TEKNİK ÜNİVERSİTESİ","PORSUK MESLEK YÜKSEKOKULU","DEVLET ÜNIVERSITESI",,
1124-ulastirma-meslek-yuksekokulu,"ESKİŞEHİR TEKNİK ÜNİVERSİTESİ","ULAŞTIRMA MESLEK YÜKSEKOKULU","DEVLET ÜNIVERSITESI",,
1125-buyukkutlu-uygulamali-bi-li-mler-fakultesi-yalvac,"ISPARTA UYGULAMALI BİLİMLER ÜNİVERSİTESİ","BÜYÜKKUTLU UYGULAMALI BİLİMLER FAKÜLTESİ (Yalvaç)","DEVLET ÜNIVERSITESI",,
1125-merkez-kampus,"ISPARTA UYGULAMALI BİLİMLER ÜNİVERSİTESİ","Merkez Kampüs","DEVLET ÜNIVERSITESI",,
1125-turi-zm-fakultesi-egirdir,"ISPARTA UYGULAMALI BİLİMLER ÜNİVERSİTESİ","TURİZM FAKÜLTESİ (Eğirdir)","DEVLET ÜNIVERSITESI",,
1125-aksu-mehmet-sureyya-demi-raslan-meslek-yuksekokulu,"ISPARTA UYGULAMALI BİLİMLER ÜNİVERSİTESİ","AKSU MEHMET SÜREYYA DEMİRASLAN MESLEK YÜKSEKOKULU","DEVLET ÜNIVERSITESI",,
1125-atabey-meslek-yuksekokulu,"ISPARTA UYGULAMALI BİLİMLER ÜNİVERSİTESİ","ATABEY MESLEK YÜKSEKOKULU","DEVLET ÜNIVERSITESI",,
1125-egi-rdi-r-meslek-yuksekokulu,"ISPARTA UYGULAMALI BİLİMLER ÜNİVERSİTESİ","EĞİRDİR MESLEK YÜKSEKOKULU","DEVLET ÜNIVERSITESI",,
1125-gelendost-meslek-yuksekokulu,"ISPARTA UYGULAMALI BİLİMLER ÜNİVERSİTESİ","GELENDOST MESLEK YÜKSEKOKULU","DEVLET ÜNIVERSITESI",,
1125-gonen-meslek-yuksekokulu,"ISPARTA UYGULAMALI BİLİMLER ÜNİVERSİTESİ","GÖNEN MESLEK YÜKSEKOKULU","DEVLET ÜNIVERSITESI",,
1125-isparta-bi-li-si-m-teknoloji-leri-meslek-yuksekokulu,"ISPARTA UYGULAMALI BİLİMLER ÜNİVERSİTESİ","ISPARTA BİLİŞİM TEKNOLOJİLERİ MESLEK YÜKSEKOKULU","DEVLET ÜNIVERSITESI",,
1125-isparta-meslek-yuksekokulu,"ISPARTA UYGULAMALI BİLİMLER ÜNİVERSİTESİ","ISPARTA MESLEK YÜKSEKOKULU","DEVLET ÜNIVERSITESI",,
1125-isparta-osb-meslek-yuksekokulu,"ISPARTA UYGULAMALI BİLİMLER ÜNİVERSİTESİ","ISPARTA OSB MESLEK YÜKSEKOKULU","DEVLET ÜNIVERSITESI",,
1125-keci-borlu-meslek-yuksekokulu,"ISPARTA UYGULAMALI BİLİMLER ÜNİVERSİTESİ","KEÇİBORLU MESLEK YÜKSEKOKULU","DEVLET ÜNIVERSITESI",,
1125-seni-rkent-meslek-yuksekokulu,"ISPARTA UYGULAMALI BİLİMLER ÜNİVERSİTESİ","SENİRKENT MESLEK YÜKSEKOKULU","DEVLET ÜNIVERSITESI",,
1125-sutculer-prof-dr-hasan-gurbuz-meslek-yuksekokulu,"ISPARTA UYGULAMALI BİLİMLER ÜNİVERSİTESİ","SÜTÇÜLER PROF.DR.HASAN GÜRBÜZ MESLEK YÜKSEKOKULU","DEVLET ÜNIVERSITESI",,
1125-sarki-karaagac-meslek-yuksekokulu,"ISPARTA UYGULAMALI BİLİMLER ÜNİVERSİTESİ","ŞARKİKARAAĞAÇ MESLEK YÜKSEKOKULU","DEVLET ÜNIVERSITESI",,
1125-sarki-karaagac-turi-zm-meslek-yuksekokulu,"ISPARTA UYGULAMALI BİLİMLER ÜNİVERSİTESİ","ŞARKİKARAAĞAÇ TURİZM MESLEK YÜKSEKOKULU","DEVLET ÜNIVERSITESI",,
1125-tekni-k-bi-li-mler-meslek-yuksekokulu,"ISPARTA UYGULAMALI BİLİMLER ÜNİVERSİTESİ","TEKNİK BİLİMLER MESLEK YÜKSEKOKULU","DEVLET ÜNIVERSITESI",,
1125-uluborlu-selahatti-n-karasoy-meslek-yuksekokulu,"ISPARTA UYGULAMALI BİLİMLER ÜNİVERSİTESİ","ULUBORLU SELAHATTİN KARASOY MESLEK YÜKSEKOKULU","DEVLET ÜNIVERSITESI",,
1125-uzaktan-egi-ti-m-meslek-yuksekokulu,"ISPARTA UYGULAMALI BİLİMLER ÜNİVERSİTESİ","UZAKTAN EĞİTİM MESLEK YÜKSEKOKULU","DEVLET ÜNIVERSITESI",,
1125-yalvac-meslek-yuksekokulu,"ISPARTA UYGULAMALI BİLİMLER ÜNİVERSİTESİ","YALVAÇ MESLEK YÜKSEKOKULU","DEVLET ÜNIVERSITESI",,
1125-yalvac-tekni-k-bi-li-mler-meslek-yuksekokulu,"ISPARTA UYGULAMALI BİLİMLER ÜNİVERSİTESİ","YALVAÇ TEKNİK BİLİMLER MESLEK YÜKSEKOKULU","DEVLET ÜNIVERSITESI",,
1125-yeni-sarbademli-meslek-yuksekokulu,"ISPARTA UYGULAMALI BİLİMLER ÜNİVERSİTESİ","YENİŞARBADEMLİ MESLEK YÜKSEKOKULU","DEVLET ÜNIVERSITESI",,
1126-merkez-kampus,"AFYONKARAHİSAR SAĞLIK BİLİMLERİ ÜNİVERSİTESİ","Merkez Kampüs","DEVLET ÜNIVERSITESI",,
1126-ataturk-saglik-hi-zmetleri-meslek-yuksekokulu,"AFYONKARAHİSAR SAĞLIK BİLİMLERİ ÜNİVERSİTESİ","ATATÜRK SAĞLIK HİZMETLERİ MESLEK YÜKSEKOKULU","DEVLET ÜNIVERSITESI",,
1126-bolvadi-n-saglik-hi-zmetleri-meslek-yuksekokulu,"AFYONKARAHİSAR SAĞLIK BİLİMLERİ ÜNİVERSİTESİ","BOLVADİN SAĞLIK HİZMETLERİ MESLEK YÜKSEKOKULU","DEVLET ÜNIVERSITESI",,
1126-suhut-saglik-hi-zmetleri-meslek-yuksekokulu,"AFYONKARAHİSAR SAĞLIK BİLİMLERİ ÜNİVERSİTESİ","ŞUHUT SAĞLIK HİZMETLERİ MESLEK YÜKSEKOKULU","DEVLET ÜNIVERSITESI",,
1127-merkez-kampus,"SAMSUN ÜNİVERSİTESİ","Merkez Kampüs","DEVLET ÜNIVERSITESI",,
1127-si-vi-l-havacilik-yuksekokulu,"SAMSUN ÜNİVERSİTESİ","SİVİL HAVACILIK YÜKSEKOKULU","DEVLET ÜNIVERSITESI",,
1127-kavak-meslek-yuksekokulu,"SAMSUN ÜNİVERSİTESİ","KAVAK MESLEK YÜKSEKOKULU","DEVLET ÜNIVERSITESI",,
1127-tekni-k-bi-li-mler-meslek-yuksekokulu,"SAMSUN ÜNİVERSİTESİ","TEKNİK BİLİMLER MESLEK YÜKSEKOKULU","DEVLET ÜNIVERSITESI",,
1128-merkez-kampus,"ANKARA MÜZİK VE GÜZEL SANATLAR ÜNİVERSİTESİ","Merkez Kampüs","DEVLET ÜNIVERSITESI",,
1128-muzi-k-ve-guzel-sanatlar-meslek-yuksekokulu,"ANKARA MÜZİK VE GÜZEL SANATLAR ÜNİVERSİTESİ","MÜZİK VE GÜZEL SANATLAR MESLEK YÜKSEKOKULU","DEVLET ÜNIVERSITESI",,
1129-merkez-kampus,"İZMİR BAKIRÇAY ÜNİVERSİTESİ","Merkez Kampüs","DEVLET ÜNIVERSITESI",,
1129-karsiyaka-meslek-yuksekokulu,"İZMİR BAKIRÇAY ÜNİVERSİTESİ","KARŞIYAKA MESLEK YÜKSEKOKULU","DEVLET ÜNIVERSITESI",,
1132-merkez-kampus,"TÜRK-JAPON BİLİM VE TEKNOLOJİ ÜNİVERSİTESİ","Merkez Kampüs","DEVLET ÜNIVERSITESI",,
2002-merkez-kampus,"ATILIM ÜNİVERSİTESİ","Merkez Kampüs","ANKARA",,
2002-atilim-meslek-yuksekokulu,"ATILIM ÜNİVERSİTESİ","ATILIM MESLEK YÜKSEKOKULU","ANKARA",,
2003-uygulamali-bi-li-mler-yuksekokulu,"AVRASYA ÜNİVERSİTESİ","UYGULAMALI BİLİMLER YÜKSEKOKULU","TRABZON",,
2003-saglik-hi-zmetleri-meslek-yuksekokulu,"AVRASYA ÜNİVERSİTESİ","SAĞLIK HİZMETLERİ MESLEK YÜKSEKOKULU","TRABZON",,
2006-adana-saglik-hi-zmetleri-meslek-yuksekokulu,"BAŞKENT ÜNİVERSİTESİ","ADANA SAĞLIK HİZMETLERİ MESLEK YÜKSEKOKULU","ANKARA",,
2006-anadolu-osb-meslek-yuksekokulu,"BAŞKENT ÜNİVERSİTESİ","ANADOLU OSB MESLEK YÜKSEKOKULU","ANKARA",,
2006-kahramankazan-meslek-yuksekokulu,"BAŞKENT ÜNİVERSİTESİ","KAHRAMANKAZAN MESLEK YÜKSEKOKULU","ANKARA",,
2006-konya-saglik-hi-zmetleri-meslek-yuksekokulu,"BAŞKENT ÜNİVERSİTESİ","KONYA SAĞLIK HİZMETLERİ MESLEK YÜKSEKOKULU","ANKARA",,
2006-tekni-k-bi-li-mler-meslek-yuksekokulu,"BAŞKENT ÜNİVERSİTESİ","TEKNİK BİLİMLER MESLEK YÜKSEKOKULU","ANKARA",,
2008-si-vi-l-havacilik-yuksekokulu,"BEYKOZ ÜNİVERSİTESİ","SİVİL HAVACILIK YÜKSEKOKULU","İSTANBUL",,
2009-merkez-kampus,"BEZM-İ ÂLEM VAKIF ÜNİVERSİTESİ","Merkez Kampüs","İSTANBUL",,
2011-cankaya-meslek-yuksekokulu,"ÇANKAYA ÜNİVERSİTESİ","ÇANKAYA MESLEK YÜKSEKOKULU","ANKARA",,
2017-merkez-kampus,"İSTANBUL GEDİK ÜNİVERSİTESİ","Merkez Kampüs","VAKIF ÜNIVERSITESI",,
2017-gedi-k-meslek-yuksekokulu,"İSTANBUL GEDİK ÜNİVERSİTESİ","GEDİK MESLEK YÜKSEKOKULU","VAKIF ÜNIVERSITESI",,
2022-merkez-kampus,"İSTANBUL 29 MAYIS ÜNİVERSİTESİ","Merkez Kampüs","VAKIF ÜNIVERSITESI",,
2022-bi-li-si-m-teknoloji-leri-meslek-yuksekokulu,"İSTANBUL 29 MAYIS ÜNİVERSİTESİ","BİLİŞİM TEKNOLOJİLERİ MESLEK YÜKSEKOKULU","VAKIF ÜNIVERSITESI",,
2023-merkez-kampus,"İSTANBUL AREL ÜNİVERSİTESİ","Merkez Kampüs","VAKIF ÜNIVERSITESI",,
2023-meslek-yuksekokulu,"İSTANBUL AREL ÜNİVERSİTESİ","MESLEK YÜKSEKOKULU","VAKIF ÜNIVERSITESI",,
2024-merkez-kampus,"İSTANBUL AYDIN ÜNİVERSİTESİ","Merkez Kampüs","VAKIF ÜNIVERSITESI",,
2024-anadolu-bi-l-meslek-yuksekokulu,"İSTANBUL AYDIN ÜNİVERSİTESİ","ANADOLU BİL MESLEK YÜKSEKOKULU","VAKIF ÜNIVERSITESI",,
2024-saglik-hi-zmetleri-meslek-yuksekokulu,"İSTANBUL AYDIN ÜNİVERSİTESİ","SAĞLIK HİZMETLERİ MESLEK YÜKSEKOKULU","VAKIF ÜNIVERSITESI",,
2025-bi-li-si-m-teknoloji-si-yuksekokulu,"İSTANBUL BİLGİ ÜNİVERSİTESİ","BİLİŞİM TEKNOLOJİSİ YÜKSEKOKULU","VAKIF ÜNIVERSITESI",,
2025-merkez-kampus,"İSTANBUL BİLGİ ÜNİVERSİTESİ","Merkez Kampüs","VAKIF ÜNIVERSITESI",,
2025-meslek-yuksekokulu,"İSTANBUL BİLGİ ÜNİVERSİTESİ","MESLEK YÜKSEKOKULU","VAKIF ÜNIVERSITESI",,
2025-saglik-hi-zmetleri-meslek-yuksekokulu,"İSTANBUL BİLGİ ÜNİVERSİTESİ","SAĞLIK HİZMETLERİ MESLEK YÜKSEKOKULU","VAKIF ÜNIVERSITESI",,
2026-florence-ni-ghti-ngale-hastanesi-hemsi-reli-k-yuksekokulu,"DEMİROĞLU BİLİM ÜNİVERSİTESİ","FLORENCE NİGHTİNGALE HASTANESİ HEMŞİRELİK YÜKSEKOKULU","İSTANBUL",,
2027-merkez-kampus,"İSTANBUL GELİŞİM ÜNİVERSİTESİ","Merkez Kampüs","VAKIF ÜNIVERSITESI",,
2027-i-stanbul-geli-si-m-meslek-yuksekokulu,"İSTANBUL GELİŞİM ÜNİVERSİTESİ","İSTANBUL GELİŞİM MESLEK YÜKSEKOKULU","VAKIF ÜNIVERSITESI",,
2027-saglik-hi-zmetleri-meslek-yuksekokulu,"İSTANBUL GELİŞİM ÜNİVERSİTESİ","SAĞLIK HİZMETLERİ MESLEK YÜKSEKOKULU","VAKIF ÜNIVERSITESI",,
2030-merkez-kampus,"İSTANBUL KÜLTÜR ÜNİVERSİTESİ","Merkez Kampüs","VAKIF ÜNIVERSITESI",,
2030-meslek-yuksekokulu,"İSTANBUL KÜLTÜR ÜNİVERSİTESİ","MESLEK YÜKSEKOKULU","VAKIF ÜNIVERSITESI",,
2031-merkez-kampus,"İSTANBUL MEDİPOL ÜNİVERSİTESİ","Merkez Kampüs","VAKIF ÜNIVERSITESI",,
2031-saglik-bi-li-mleri-yuksekokulu,"İSTANBUL MEDİPOL ÜNİVERSİTESİ","SAĞLIK BİLİMLERİ YÜKSEKOKULU","VAKIF ÜNIVERSITESI",,
2031-meslek-yuksekokulu,"İSTANBUL MEDİPOL ÜNİVERSİTESİ","MESLEK YÜKSEKOKULU","VAKIF ÜNIVERSITESI",,
2031-saglik-hi-zmetleri-meslek-yuksekokulu,"İSTANBUL MEDİPOL ÜNİVERSİTESİ","SAĞLIK HİZMETLERİ MESLEK YÜKSEKOKULU","VAKIF ÜNIVERSITESI",,
2031-sosyal-bi-li-mler-meslek-yuksekokulu,"İSTANBUL MEDİPOL ÜNİVERSİTESİ","SOSYAL BİLİMLER MESLEK YÜKSEKOKULU","VAKIF ÜNIVERSITESI",,
2032-merkez-kampus,"İSTANBUL SABAHATTİN ZAİM ÜNİVERSİTESİ","Merkez Kampüs","VAKIF ÜNIVERSITESI",,
2034-merkez-kampus,"İSTANBUL TİCARET ÜNİVERSİTESİ","Merkez Kampüs","VAKIF ÜNIVERSITESI",,
2034-meslek-yuksekokulu,"İSTANBUL TİCARET ÜNİVERSİTESİ","MESLEK YÜKSEKOKULU","VAKIF ÜNIVERSITESI",,
2035-merkez-kampus,"İZMİR EKONOMİ ÜNİVERSİTESİ","Merkez Kampüs","VAKIF ÜNIVERSITESI",,
2035-uygulamali-yoneti-m-bi-li-mleri-yuksekokulu,"İZMİR EKONOMİ ÜNİVERSİTESİ","UYGULAMALI YÖNETİM BİLİMLERİ YÜKSEKOKULU","VAKIF ÜNIVERSITESI",,
2035-meslek-yuksekokulu,"İZMİR EKONOMİ ÜNİVERSİTESİ","MESLEK YÜKSEKOKULU","VAKIF ÜNIVERSITESI",,
2035-saglik-hi-zmetleri-meslek-yuksekokulu,"İZMİR EKONOMİ ÜNİVERSİTESİ","SAĞLIK HİZMETLERİ MESLEK YÜKSEKOKULU","VAKIF ÜNIVERSITESI",,
2035-i-zmi-r-konak-meslek-yuksekokulu,"İZMİR EKONOMİ ÜNİVERSİTESİ","İZMİR KONAK MESLEK YÜKSEKOKULU","VAKIF ÜNIVERSITESI",,
2038-uygulamali-bi-li-mler-yuksekokulu,"KAPADOKYA ÜNİVERSİTESİ","UYGULAMALI BİLİMLER YÜKSEKOKULU","NEVŞEHİR",,
2038-kapadokya-meslek-yuksekokulu,"KAPADOKYA ÜNİVERSİTESİ","KAPADOKYA MESLEK YÜKSEKOKULU","NEVŞEHİR",,
2040-uygulamali-bi-li-mler-yuksekokulu,"KTO KARATAY ÜNİVERSİTESİ","UYGULAMALI BİLİMLER YÜKSEKOKULU","KONYA",,
2047-merkez-kampus,"İSTANBUL OKAN ÜNİVERSİTESİ","Merkez Kampüs","VAKIF ÜNIVERSITESI",,
2047-meslek-yuksekokulu,"İSTANBUL OKAN ÜNİVERSİTESİ","MESLEK YÜKSEKOKULU","VAKIF ÜNIVERSITESI",,
2047-saglik-hi-zmetleri-meslek-yuksekokulu,"İSTANBUL OKAN ÜNİVERSİTESİ","SAĞLIK HİZMETLERİ MESLEK YÜKSEKOKULU","VAKIF ÜNIVERSITESI",,
2050-merkez-kampus,"İSTANBUL TOPKAPI ÜNİVERSİTESİ","Merkez Kampüs","VAKIF ÜNIVERSITESI",,
2050-plato-meslek-yuksekokulu,"İSTANBUL TOPKAPI ÜNİVERSİTESİ","PLATO MESLEK YÜKSEKOKULU","VAKIF ÜNIVERSITESI",,
2055-saglik-hi-zmetleri-meslek-yuksekokulu,"TOROS ÜNİVERSİTESİ","SAĞLIK HİZMETLERİ MESLEK YÜKSEKOKULU","MERSİN",,
2057-i-zmi-r-havacilik-meslek-yuksekokulu,"TÜRK HAVA KURUMU ÜNİVERSİTESİ","İZMİR HAVACILIK MESLEK YÜKSEKOKULU","ANKARA",,
2058-hemsi-reli-k-yuksekokulu,"UFUK ÜNİVERSİTESİ","HEMŞİRELİK YÜKSEKOKULU","ANKARA",,
2062-merkez-kampus,"İSTANBUL YENİ YÜZYIL ÜNİVERSİTESİ","Merkez Kampüs","VAKIF ÜNIVERSITESI",,
2062-meslek-yuksekokulu,"İSTANBUL YENİ YÜZYIL ÜNİVERSİTESİ","MESLEK YÜKSEKOKULU","VAKIF ÜNIVERSITESI",,
2062-saglik-hi-zmetleri-meslek-yuksekokulu,"İSTANBUL YENİ YÜZYIL ÜNİVERSİTESİ","SAĞLIK HİZMETLERİ MESLEK YÜKSEKOKULU","VAKIF ÜNIVERSITESI",,
2064-merkez-kampus,"ANTALYA BİLİM ÜNİVERSİTESİ","Merkez Kampüs","VAKIF ÜNIVERSITESI",,
2064-si-vi-l-havacilik-yuksekokulu,"ANTALYA BİLİM ÜNİVERSİTESİ","SİVİL HAVACILIK YÜKSEKOKULU","VAKIF ÜNIVERSITESI",,
2064-meslek-yuksekokulu,"ANTALYA BİLİM ÜNİVERSİTESİ","MESLEK YÜKSEKOKULU","VAKIF ÜNIVERSITESI",,
2064-saglik-hi-zmetleri-meslek-yuksekokulu,"ANTALYA BİLİM ÜNİVERSİTESİ","SAĞLIK HİZMETLERİ MESLEK YÜKSEKOKULU","VAKIF ÜNIVERSITESI",,
2064-atasehi-r-adiguzel-meslek-yuksekokulu,"ANTALYA BİLİM ÜNİVERSİTESİ","ATAŞEHİR ADIGÜZEL MESLEK YÜKSEKOKULU","VAKIF ÜNIVERSITESI",,
2075-merkez-kampus,"İSTANBUL ESENYURT ÜNİVERSİTESİ","Merkez Kampüs","VAKIF ÜNIVERSITESI",,
2075-bi-li-si-m-teknoloji-leri-meslek-yuksekokulu,"İSTANBUL ESENYURT ÜNİVERSİTESİ","BİLİŞİM TEKNOLOJİLERİ MESLEK YÜKSEKOKULU","VAKIF ÜNIVERSITESI",,
2075-meslek-yuksekokulu,"İSTANBUL ESENYURT ÜNİVERSİTESİ","MESLEK YÜKSEKOKULU","VAKIF ÜNIVERSITESI",,
2075-saglik-hi-zmetleri-meslek-yuksekokulu,"İSTANBUL ESENYURT ÜNİVERSİTESİ","SAĞLIK HİZMETLERİ MESLEK YÜKSEKOKULU","VAKIF ÜNIVERSITESI",,
2081-merkez-kampus,"İSTANBUL RUMELİ ÜNİVERSİTESİ","Merkez Kampüs","VAKIF ÜNIVERSITESI",,
2081-meslek-yuksekokulu,"İSTANBUL RUMELİ ÜNİVERSİTESİ","MESLEK YÜKSEKOKULU","VAKIF ÜNIVERSITESI",,
2081-saglik-hi-zmetleri-meslek-yuksekokulu,"İSTANBUL RUMELİ ÜNİVERSİTESİ","SAĞLIK HİZMETLERİ MESLEK YÜKSEKOKULU","VAKIF ÜNIVERSITESI",,
2081-i-stanbul-saglik-ve-sosyal-bi-li-mler-meslek-yuksekokulu,"İSTANBUL RUMELİ ÜNİVERSİTESİ","İSTANBUL SAĞLIK VE SOSYAL BİLİMLER MESLEK YÜKSEKOKULU","VAKIF ÜNIVERSITESI",,
2081-i-stanbul-si-sli-meslek-yuksekokulu,"İSTANBUL RUMELİ ÜNİVERSİTESİ","İSTANBUL ŞİŞLİ MESLEK YÜKSEKOKULU","VAKIF ÜNIVERSITESI",,
2083-merkez-kampus,"KONYA GIDA VE TARIM ÜNİVERSİTESİ","Merkez Kampüs","VAKIF ÜNIVERSITESI",,
2083-meslek-yuksekokulu,"KONYA GIDA VE TARIM ÜNİVERSİTESİ","MESLEK YÜKSEKOKULU","VAKIF ÜNIVERSITESI",,
2084-merkez-kampus,"İSTİNYE ÜNİVERSİTESİ","Merkez Kampüs","İSTANBUL",,
2087-merkez-kampus,"İSTANBUL KENT ÜNİVERSİTESİ","Merkez Kampüs","VAKIF ÜNIVERSITESI",,
2087-meslek-yuksekokulu,"İSTANBUL KENT ÜNİVERSİTESİ","MESLEK YÜKSEKOKULU","VAKIF ÜNIVERSITESI",,
2087-saglik-hi-zmetleri-meslek-yuksekokulu,"İSTANBUL KENT ÜNİVERSİTESİ","SAĞLIK HİZMETLERİ MESLEK YÜKSEKOKULU","VAKIF ÜNIVERSITESI",,
2092-merkez-kampus,"ANKARA MEDİPOL ÜNİVERSİTESİ","Merkez Kampüs","VAKIF ÜNIVERSITESI",,
2092-meslek-yuksekokulu,"ANKARA MEDİPOL ÜNİVERSİTESİ","MESLEK YÜKSEKOKULU","VAKIF ÜNIVERSITESI",,
2092-saglik-hi-zmetleri-meslek-yuksekokulu,"ANKARA MEDİPOL ÜNİVERSİTESİ","SAĞLIK HİZMETLERİ MESLEK YÜKSEKOKULU","VAKIF ÜNIVERSITESI",,
2093-merkez-kampus,"İSTANBUL ATLAS ÜNİVERSİTESİ","Merkez Kampüs","VAKIF ÜNIVERSITESI",,
2093-meslek-yuksekokulu,"İSTANBUL ATLAS ÜNİVERSİTESİ","MESLEK YÜKSEKOKULU","VAKIF ÜNIVERSITESI",,
2094-merkez-kampus,"İSTANBUL SAĞLIK VE TEKNOLOJİ ÜNİVERSİTESİ","Merkez Kampüs","VAKIF ÜNIVERSITESI",,
2095-merkez-kampus,"ANKARA BİLİM ÜNİVERSİTESİ","Merkez Kampüs","VAKIF ÜNIVERSITESI",,
2095-meslek-yuksekokulu,"ANKARA BİLİM ÜNİVERSİTESİ","MESLEK YÜKSEKOKULU","VAKIF ÜNIVERSITESI",,
2096-merkez-kampus,"İZMİR TINAZTEPE ÜNİVERSİTESİ","Merkez Kampüs","VAKIF ÜNIVERSITESI",,
2096-saglik-hi-zmetleri-meslek-yuksekokulu,"İZMİR TINAZTEPE ÜNİVERSİTESİ","SAĞLIK HİZMETLERİ MESLEK YÜKSEKOKULU","VAKIF ÜNIVERSITESI",,
2097-merkez-kampus,"KOCAELİ SAĞLIK VE TEKNOLOJİ ÜNİVERSİTESİ","Merkez Kampüs","VAKIF ÜNIVERSITESI",,
2097-avrupa-meslek-yuksekokulu,"KOCAELİ SAĞLIK VE TEKNOLOJİ ÜNİVERSİTESİ","AVRUPA MESLEK YÜKSEKOKULU","VAKIF ÜNIVERSITESI",,
2097-gebze-organi-ze-sanayi-bolgesi-meslek-yuksekokulu,"KOCAELİ SAĞLIK VE TEKNOLOJİ ÜNİVERSİTESİ","GEBZE ORGANİZE SANAYİ BÖLGESİ MESLEK YÜKSEKOKULU","VAKIF ÜNIVERSITESI",,
2098-merkez-kampus,"İSTANBUL GALATA ÜNİVERSİTESİ","Merkez Kampüs","VAKIF ÜNIVERSITESI",,
2098-meslek-yuksekokulu,"İSTANBUL GALATA ÜNİVERSİTESİ","MESLEK YÜKSEKOKULU","VAKIF ÜNIVERSITESI",,
2100-merkez-kampus,"MUDANYA ÜNİVERSİTESİ","Merkez Kampüs","BURSA",,
2100-meslek-yuksekokulu,"MUDANYA ÜNİVERSİTESİ","MESLEK YÜKSEKOKULU","BURSA",,
2101-merkez-kampus,"ALANYA ÜNİVERSİTESİ","Merkez Kampüs","ANTALYA",,
2101-meslek-yuksekokulu,"ALANYA ÜNİVERSİTESİ","MESLEK YÜKSEKOKULU","ANTALYA",,
2102-merkez-kampus,"ANTALYA BELEK ÜNİVERSİTESİ","Merkez Kampüs","VAKIF ÜNIVERSITESI",,
2102-meslek-yuksekokulu,"ANTALYA BELEK ÜNİVERSİTESİ","MESLEK YÜKSEKOKULU","VAKIF ÜNIVERSITESI",,
2103-merkez-kampus,"İSTANBUL BEYKENT ÜNİVERSİTESİ","Merkez Kampüs","VAKIF ÜNIVERSITESI",,
2103-meslek-yuksekokulu,"İSTANBUL BEYKENT ÜNİVERSİTESİ","MESLEK YÜKSEKOKULU","VAKIF ÜNIVERSITESI",,
2104-merkez-kampus,"İSTANBUL NİŞANTAŞI ÜNİVERSİTESİ","Merkez Kampüs","VAKIF ÜNIVERSITESI",,
2104-si-vi-l-havacilik-yuksekokulu,"İSTANBUL NİŞANTAŞI ÜNİVERSİTESİ","SİVİL HAVACILIK YÜKSEKOKULU","VAKIF ÜNIVERSITESI",,
2104-uygulamali-bi-li-mler-yuksekokulu,"İSTANBUL NİŞANTAŞI ÜNİVERSİTESİ","UYGULAMALI BİLİMLER YÜKSEKOKULU","VAKIF ÜNIVERSITESI",,
2104-meslek-yuksekokulu,"İSTANBUL NİŞANTAŞI ÜNİVERSİTESİ","MESLEK YÜKSEKOKULU","VAKIF ÜNIVERSITESI",,
2104-saglik-hi-zmetleri-meslek-yuksekokulu,"İSTANBUL NİŞANTAŞI ÜNİVERSİTESİ","SAĞLIK HİZMETLERİ MESLEK YÜKSEKOKULU","VAKIF ÜNIVERSITESI",,
3001-merkez-kampus,"DOĞU AKDENİZ ÜNİVERSİTESİ","Merkez Kampüs","KKTC",,
3001-bi-lgi-sayar-ve-teknoloji-yuksekokulu,"DOĞU AKDENİZ ÜNİVERSİTESİ","BİLGİSAYAR VE TEKNOLOJİ YÜKSEKOKULU","KKTC",,
3001-bi-li-si-m-teknoloji-leri-meslek-yuksekokulu,"DOĞU AKDENİZ ÜNİVERSİTESİ","BİLİŞİM TEKNOLOJİLERİ MESLEK YÜKSEKOKULU","KKTC",,
3001-saglik-hi-zmetleri-yuksekokulu,"DOĞU AKDENİZ ÜNİVERSİTESİ","SAĞLIK HİZMETLERİ YÜKSEKOKULU","KKTC",,
3001-turi-zm-ve-otelci-li-k-yuksekokulu,"DOĞU AKDENİZ ÜNİVERSİTESİ","TURİZM VE OTELCİLİK YÜKSEKOKULU","KKTC",,
3002-merkez-kampus,"GİRNE AMERİKAN ÜNİVERSİTESİ","Merkez Kampüs","KKTC",,
3002-deni-zci-li-k-ve-ulastirma-yuksekokulu,"GİRNE AMERİKAN ÜNİVERSİTESİ","DENİZCİLİK VE ULAŞTIRMA YÜKSEKOKULU","KKTC",,
3002-havacilik-yuksekokulu,"GİRNE AMERİKAN ÜNİVERSİTESİ","HAVACILIK YÜKSEKOKULU","KKTC",,
3002-hemsi-reli-k-yuksekokulu,"GİRNE AMERİKAN ÜNİVERSİTESİ","HEMŞİRELİK YÜKSEKOKULU","KKTC",,
3002-uygulamali-sosyal-bi-li-mler-yuksekokulu,"GİRNE AMERİKAN ÜNİVERSİTESİ","UYGULAMALI SOSYAL BİLİMLER YÜKSEKOKULU","KKTC",,
3002-meslek-yuksekokulu,"GİRNE AMERİKAN ÜNİVERSİTESİ","MESLEK YÜKSEKOKULU","KKTC",,
3002-saglik-meslek-yuksekokulu,"GİRNE AMERİKAN ÜNİVERSİTESİ","SAĞLIK MESLEK YÜKSEKOKULU","KKTC",,
3003-merkez-kampus,"LEFKE AVRUPA ÜNİVERSİTESİ","Merkez Kampüs","KKTC",,
3003-hemsi-reli-k-yuksekokulu,"LEFKE AVRUPA ÜNİVERSİTESİ","HEMŞİRELİK YÜKSEKOKULU","KKTC",,
3003-turi-zm-ve-otel-i-sletmeci-li-gi-yuksekokulu,"LEFKE AVRUPA ÜNİVERSİTESİ","TURİZM VE OTEL İŞLETMECİLİĞİ YÜKSEKOKULU","KKTC",,
3003-uygulamali-bi-li-mler-yuksekokulu,"LEFKE AVRUPA ÜNİVERSİTESİ","UYGULAMALI BİLİMLER YÜKSEKOKULU","KKTC",,
3003-meslek-yuksekokulu,"LEFKE AVRUPA ÜNİVERSİTESİ","MESLEK YÜKSEKOKULU","KKTC",,
3003-saglik-hi-zmetleri-meslek-yuksekokulu,"LEFKE AVRUPA ÜNİVERSİTESİ","SAĞLIK HİZMETLERİ MESLEK YÜKSEKOKULU","KKTC",,
3004-merkez-kampus,"ULUSLARARASI KIBRIS ÜNİVERSİTESİ","Merkez Kampüs","KKTC",,
3004-saglik-bi-li-mleri-yuksekokulu,"ULUSLARARASI KIBRIS ÜNİVERSİTESİ","SAĞLIK BİLİMLERİ YÜKSEKOKULU","KKTC",,
3004-turi-zm-ve-otel-i-sletmeci-li-gi-yuksekokulu,"ULUSLARARASI KIBRIS ÜNİVERSİTESİ","TURİZM VE OTEL İŞLETMECİLİĞİ YÜKSEKOKULU","KKTC",,
3004-uygulamali-bi-li-mler-yuksekokulu,"ULUSLARARASI KIBRIS ÜNİVERSİTESİ","UYGULAMALI BİLİMLER YÜKSEKOKULU","KKTC",,
3004-meslek-yuksekokulu,"ULUSLARARASI KIBRIS ÜNİVERSİTESİ","MESLEK YÜKSEKOKULU","KKTC",,
3004-saglik-bi-li-mleri-meslek-yuksekokulu,"ULUSLARARASI KIBRIS ÜNİVERSİTESİ","SAĞLIK BİLİMLERİ MESLEK YÜKSEKOKULU","KKTC",,
3005-merkez-kampus,"YAKIN DOĞU ÜNİVERSİTESİ","Merkez Kampüs","KKTC",,
3005-turi-zm-ve-otelci-li-k-yuksekokulu,"YAKIN DOĞU ÜNİVERSİTESİ","TURİZM VE OTELCİLİK YÜKSEKOKULU","KKTC",,
3005-meslek-yuksekokulu,"YAKIN DOĞU ÜNİVERSİTESİ","MESLEK YÜKSEKOKULU","KKTC",,
3005-saglik-hi-zmetleri-meslek-yuksekokulu,"YAKIN DOĞU ÜNİVERSİTESİ","SAĞLIK HİZMETLERİ MESLEK YÜKSEKOKULU","KKTC",,
3005-turi-zm-ve-otel-i-sletmeci-li-gi-meslek-yuksekokulu,"YAKIN DOĞU ÜNİVERSİTESİ","TURİZM VE OTEL İŞLETMECİLİĞİ MESLEK YÜKSEKOKULU","KKTC",,
3006-merkez-kampus,"AKDENİZ KARPAZ ÜNİVERSİTESİ","Merkez Kampüs","KKTC",,
3006-havacilik-meslek-yuksekokulu,"AKDENİZ KARPAZ ÜNİVERSİTESİ","HAVACILIK MESLEK YÜKSEKOKULU","KKTC",,
3007-merkez-kampus,"GİRNE ÜNİVERSİTESİ","Merkez Kampüs","KKTC",,
3007-deni-zci-li-k-meslek-yuksekokulu,"GİRNE ÜNİVERSİTESİ","DENİZCİLİK MESLEK YÜKSEKOKULU","KKTC",,
3007-havacilik-meslek-yuksekokulu,"GİRNE ÜNİVERSİTESİ","HAVACILIK MESLEK YÜKSEKOKULU","KKTC",,
3007-saglik-hi-zmetleri-meslek-yuksekokulu,"GİRNE ÜNİVERSİTESİ","SAĞLIK HİZMETLERİ MESLEK YÜKSEKOKULU","KKTC",,
3007-tekni-k-bi-li-mler-meslek-yuksekokulu,"GİRNE ÜNİVERSİTESİ","TEKNİK BİLİMLER MESLEK YÜKSEKOKULU","KKTC",,
3007-turi-zm-ve-otelci-li-k-meslek-yuksekokulu,"GİRNE ÜNİVERSİTESİ","TURİZM VE OTELCİLİK MESLEK YÜKSEKOKULU","KKTC",,
3009-merkez-kampus,"KIBRIS AMERİKAN ÜNİVERSİTESİ","Merkez Kampüs","KKTC",,
3009-meslek-yuksekokulu,"KIBRIS AMERİKAN ÜNİVERSİTESİ","MESLEK YÜKSEKOKULU","KKTC",,
3009-saglik-meslek-yuksekokulu,"KIBRIS AMERİKAN ÜNİVERSİTESİ","SAĞLIK MESLEK YÜKSEKOKULU","KKTC",,
3012-merkez-kampus,"KIBRIS SAĞLIK VE TOPLUM BİLİMLERİ ÜNİVERSİTESİ","Merkez Kampüs","KKTC",,
3012-saglik-hi-zmetleri-meslek-yuksekokulu,"KIBRIS SAĞLIK VE TOPLUM BİLİMLERİ ÜNİVERSİTESİ","SAĞLIK HİZMETLERİ MESLEK YÜKSEKOKULU","KKTC",,
3013-merkez-kampus,"ULUSLARARASI FİNAL ÜNİVERSİTESİ","Merkez Kampüs","KKTC",,
3013-unal-caginer-turi-zm-ve-mutfak-sanatlari-yuksekokulu,"ULUSLARARASI FİNAL ÜNİVERSİTESİ","ÜNAL ÇAĞINER TURİZM VE MUTFAK SANATLARI YÜKSEKOKULU","KKTC",,
3013-meslek-yuksekokulu,"ULUSLARARASI FİNAL ÜNİVERSİTESİ","MESLEK YÜKSEKOKULU","KKTC",,
3014-merkez-kampus,"ADA KENT ÜNİVERSİTESİ","Merkez Kampüs","KKTC",,
3015-merkez-kampus,"KIBRIS BATI ÜNİVERSİTESİ","Merkez Kampüs","KKTC",,
3016-merkez-kampus,"ARKIN YARATICI SANATLAR VE TASARIM ÜNİVERSİTESİ","Merkez Kampüs","KKTC",,
3017-merkez-kampus,"BAHÇEŞEHİR KIBRIS ÜNİVERSİTESİ","Merkez Kampüs","KKTC",,
3017-meslek-yuksekokulu,"BAHÇEŞEHİR KIBRIS ÜNİVERSİTESİ","MESLEK YÜKSEKOKULU","KKTC",,
3018-merkez-kampus,"RAUF DENKTAŞ ÜNİVERSİTESİ","Merkez Kampüs","KKTC",,
3020-merkez-kampus,"KIBRIS AYDIN ÜNİVERSİTESİ","Merkez Kampüs","KKTC",,
3020-meslek-yuksekokulu,"KIBRIS AYDIN ÜNİVERSİTESİ","MESLEK YÜKSEKOKULU","KKTC",,
3020-saglik-hi-zmetleri-meslek-yuksekokulu,"KIBRIS AYDIN ÜNİVERSİTESİ","SAĞLIK HİZMETLERİ MESLEK YÜKSEKOKULU","KKTC",,
4011-merkez-kampus,"AZERBAYCAN DEVLET PEDAGOJİ ÜNİVERSİTESİ","Merkez Kampüs","BAKÜ",,
4039-merkez-kampus,"HOCA AHMET YESEVİ ULUSLARARASI TÜRK-KAZAK ÜNİVERSİTESİ *","Merkez Kampüs","TÜRKİSTAN",,
4039-turki-stan-meslek-yuksekokulu,"HOCA AHMET YESEVİ ULUSLARARASI TÜRK-KAZAK ÜNİVERSİTESİ *","TÜRKİSTAN MESLEK YÜKSEKOKULU","TÜRKİSTAN",,
4052-merkez-kampus,"KIRGIZİSTAN-TÜRKİYE MANAS ÜNİVERSİTESİ *","Merkez Kampüs","BİŞKEK",,
4088-merkez-kampus,"ULUSLARARASI SARAYBOSNA ÜNİVERSİTESİ","Merkez Kampüs","SARAYBOSNA",,
4096-merkez-kampus,"ULUSLARARASI BALKAN ÜNİVERSİTESİ","Merkez Kampüs","ÜSKÜP",,
4099-merkez-kampus,"TİRAN NEW YORK ÜNİVERSİTESİ","Merkez Kampüs","TİRAN",,
