,,ÖĞR.,PUAN,GENEL,OK.BİR.,ŞEHİT VE,34 YAŞ,,2025-YKS,2025-YKS,,AKREDİ-
PROGRAM,PROGRAM ADI (2),SÜRE ,TÜRÜ,KONT. ,KONT. ,GAZİ YAK.,ÜSTÜ KADIN,ÖZEL KOŞUL VE ,BAŞARI,EN KÜÇÜK,TYÇ,TASYON
KODU (1),,(3),(4),(5),(6),KONT. (7),KONT. (8),AÇIKLAMALAR (9),SIRASI (10),PUAN (11),(12),(13)
,ADANA ALPARSLAN TÜRKEŞ BİLİM VE TEKNOLOJİ ÜNİVERSİTESİ (Devlet Üniversitesi),,,,,,,,,,,YÖKAK
,BİLİŞİM TEKNOLOJİLERİ MESLEK YÜKSEKOKULU,,,,,,,,,,,
110410279,  Arka-Yüz Yazılım Geliştirme,2,TYT,35,1,,1,320,601400,323.61314,,
110410349,  Arka-Yüz Yazılım Geliştirme (KKTC Uyruklu),2,TYT,1,,,,"5, 320",,,,
110410286,  Bulut Bilişim Operatörlüğü,2,TYT,35,1,,1,320,776384,306.44961,,
110410356,  Bulut Bilişim Operatörlüğü (KKTC Uyruklu),2,TYT,1,,,,"5, 320",,,,
110410293,  Büyük Veri Analistliği,2,TYT,35,1,,1,320,677761,315.65946,,
110410370,  Kurumsal Bilişim Uzmanlığı,2,TYT,35,1,,1,320,783482,305.80932,,
110410300,  Ön-Yüz Yazılım Geliştirme,2,TYT,35,1,,1,320,716527,311.92890,,
110410384,  Yapay Zeka Operatörlüğü,2,TYT,35,1,,1,320,511356,334.13166,,
110410391,  Yapay Zeka Operatörlüğü (KKTC Uyruklu),2,TYT,1,,,,"5, 320",,,,
,ADIYAMAN ÜNİVERSİTESİ (Devlet Üniversitesi),,,,,,,,,,,YÖKAK
,BESNİ ALİ ERDEMOĞLU MESLEK YÜKSEKOKULU,,,,,,,,,,,
100290102,  Bankacılık ve Sigortacılık,2,TYT,30,1,,1,,1286405,267.55640,,
100290116,  Bilgisayar Programcılığı,2,TYT,35,1,,1,,1343283,263.62476,,
100290123,  Büro Yönetimi ve Yönetici Asistanlığı,2,TYT,40,1,,1,,1339367,263.89363,,
100290130,  İşletme Yönetimi,2,TYT,35,1,,1,,1580948,247.40035,,
100290137,  Mekatronik,2,TYT,35,1,,1,,1350800,263.10177,,
100290144,  Muhasebe ve Vergi Uygulamaları,2,TYT,27,1,,1,,1472871,254.77148,,
,GÖLBAŞI MESLEK YÜKSEKOKULU,,,,,,,,,,,
100290070,  Bankacılık ve Sigortacılık,2,TYT,30,1,,1,,1439266,257.05272,,
100250476,  Bilgisayar Programcılığı,2,TYT,45,2,,2,,1425590,257.99688,,
100250591,  Büro Yönetimi ve Yönetici Asistanlığı,2,TYT,35,1,,1,,1335686,264.14380,,
100250422,  İşletme Yönetimi,2,TYT,35,1,,1,,1619846,244.75499,,
100250767,  Lojistik,2,TYT,35,1,,1,,1658524,242.11894,,
100250388,  Muhasebe ve Vergi Uygulamaları,2,TYT,27,1,,1,,1589681,246.81210,,
,KAHTA MESLEK YÜKSEKOKULU,,,,,,,,,,,
100250713,  Bahçe Tarımı,2,TYT,20,1,,1,,1698630,239.39180,,
100250652,  Bankacılık ve Sigortacılık,2,TYT,30,1,,1,,1419503,258.41329,,
100250485,  Bilgisayar Programcılığı,2,TYT,35,1,,1,,1319998,265.22337,,
100250194,  Harita ve Kadastro,2,TYT,25,1,,1,,1214414,272.56097,,
100250625,  Laborant ve Veteriner Sağlık,2,TYT,35,1,,1,,1022025,286.50724,,
100250397,  Muhasebe ve Vergi Uygulamaları,2,TYT,27,1,,1,,1572555,247.96674,,
100250228,  Tarla Bitkileri,2,TYT,20,1,,1,,1563568,248.58114,,
100250722,  Turizm ve Seyahat Hizmetleri,2,TYT,25,1,,1,,1547029,249.69954,,
,SAĞLIK HİZMETLERİ MESLEK YÜKSEKOKULU,,,,,,,,,,,
100250246,  Çocuk Gelişimi,2,TYT,27,1,,1,,717944,311.79199,,
100250749,  İlk ve Acil Yardım,2,TYT,27,1,,1,,336859,360.24824,,
100250731,  Optisyenlik,2,TYT,35,1,,1,,678820,315.55510,,
100250616,  Patoloji Laboratuvar Teknikleri,2,TYT,27,1,,1,,559221,328.35089,,
100250607,  Tıbbi Laboratuvar Teknikleri,2,TYT,26,1,,1,,468977,339.67142,,
,SOSYAL BİLİMLER MESLEK YÜKSEKOKULU,,,,,,,,,,,
100250291,  Aşçılık,2,TYT,35,1,,1,,941648,292.68619,,
100250697,  Dış Ticaret,2,TYT,35,1,,1,,1493473,253.37216,,
100250404,  İşletme Yönetimi,2,TYT,35,1,,1,,1437063,257.20382,,
100250034,  Kooperatifçilik,2,TYT,35,1,,1,,1717489,238.10029,,
100250361,  Muhasebe ve Vergi Uygulamaları,2,TYT,27,1,,1,,1136261,278.11666,,
100250758,  Özel Güvenlik ve Koruma,2,TYT,35,1,,1,2,1010005,287.41302,,
100250079,  Pazarlama,2,TYT,35,1,,1,,1563487,248.58663,,
100250104,  Turizm ve Otel İşletmeciliği,2,TYT,30,1,,1,,1320764,265.16702,,
,TEKNİK BİLİMLER MESLEK YÜKSEKOKULU,,,,,,,,,,,
100250494,  Bilgisayar Programcılığı,2,TYT,35,1,,1,,922057,294.24968,,
100250264,  Elektrik,2,TYT,35,1,,1,,895813,296.34643,,
100250273,  Gıda Teknolojisi,2,TYT,30,1,,1,,1415416,258.69370,,
100250634,  Giyim Üretim Teknolojisi,2,TYT,20,1,,1,,1669435,241.37016,,
100250431,  İnşaat Teknolojisi,2,TYT,35,1,,1,,1070051,282.92061,,
100250679,  Kimya Teknolojisi,2,TYT,25,1,,1,,1322778,265.02846,,
100250519,  Makine,2,TYT,35,1,,1,,1163081,276.20861,,
100250043,  Mimari Dekoratif Sanatlar,2,TYT,35,1,,1,,1558271,248.93896,,
100250052,  Mobilya ve Dekorasyon,2,TYT,30,1,,1,,1626894,244.27341,,
100250352,  Sondaj Teknolojisi,2,TYT,30,1,,1,,1273925,268.42338,,
,AFYON KOCATEPE ÜNİVERSİTESİ (AFYONKARAHİSAR) (Devlet Üniversitesi),,,,,,,,,,,YÖKAK
,AFYON MESLEK YÜKSEKOKULU,,,,,,,,,,,
100490312,  Alternatif Enerji Kaynakları Teknolojisi,2,TYT,45,2,,2,,1241488,270.67714,,
100450014,  Aşçılık,2,TYT,55,2,,2,,825525,302.17810,,
100450226,  Biyomedikal Cihaz Teknolojisi,2,TYT,35,1,,1,,849900,300.12242,,
100451772,  Büro Yönetimi ve Yönetici Asistanlığı,2,TYT,40,1,,1,,939970,292.81980,,
100490179,  Çocuk Gelişimi,2,TYT,32,1,,1,,722230,311.39207,,
100450041,  Elektrik,2,TYT,45,2,,2,,824620,302.25656,,
100451506,  Elektronik Teknolojisi,2,TYT,35,1,,1,,918201,294.55005,,
100451296,  Et ve Ürünleri Teknolojisi,2,TYT,25,1,,1,,1613518,245.18345,,
100450077,  Gıda Teknolojisi,2,TYT,30,1,,1,,1036755,285.40136,,
100490235,  Hibrid ve Elektrikli Taşıtlar Teknolojisi,2,TYT,45,2,,2,,763216,307.63371,,
100490185,  İç Mekan Tasarımı,2,TYT,32,1,,1,,1003133,287.92975,,
100451445,  İnşaat Teknolojisi,2,TYT,45,2,,2,,1127213,278.77421,,
100451348,  İşletme Yönetimi,2,TYT,40,1,,1,,1104878,280.38400,,
100490210,  Mermer Teknolojisi,2,TYT,25,1,,1,,1522458,251.38205,,
100451224,  Mimari Restorasyon,2,TYT,45,2,,2,,1259764,269.40025,,
100451233,  Muhasebe ve Vergi Uygulamaları,2,TYT,27,1,,1,,978001,289.85683,,
100450138,  Pazarlama,2,TYT,35,1,,1,,1285199,267.64110,,
100452028,  Raylı Sistemler Yol Teknolojisi,2,TYT,45,2,,2,6,854279,299.76310,,
100450174,  Turizm ve Otel İşletmeciliği,2,TYT,35,1,,1,,1153317,276.89482,,
,BAŞMAKÇI MESLEK YÜKSEKOKULU,,,,,,,,,,,
100451145,  Bankacılık ve Sigortacılık,2,TYT,30,1,,1,326,1410058,259.05863,,
100490208,  Dış Ticaret,2,TYT,25,1,,1,326,1625386,244.37792,,
,BAYAT MESLEK YÜKSEKOKULU,,,,,,,,,,,
100451499,  İnsan Kaynakları Yönetimi,2,TYT,27,1,,1,,1438182,257.12806,,
100451948,  Laborant ve Veteriner Sağlık,2,TYT,35,1,,1,,1072425,282.74449,,
,BİLİŞİM TEKNOLOJİLERİ MESLEK YÜKSEKOKULU,,,,,,,,,,,
100490319,  Büyük Veri Analistliği,2,TYT,35,1,,1,320,820990,302.55873,,
100400101,  İnsansız Araç Teknikerliği,2,TYT,30,1,,1,320,...,----,,
100490326,  Oyun Geliştirme ve Programlama,2,TYT,35,1,,1,320,909300,295.26438,,
100400108,  Uzaktan Algılama ve Coğrafi Bilgi Sistemleri,2,TYT,30,1,,1,,...,----,,
,BOLVADİN MESLEK YÜKSEKOKULU,,,,,,,,,,,
100450305,  Bankacılık ve Sigortacılık,2,TYT,30,1,,1,,1206394,273.12267,,
100450465,  Bilgisayar Programcılığı,2,TYT,65,2,,2,,1146865,277.35950,,
100451781,  Büro Yönetimi ve Yönetici Asistanlığı,2,TYT,25,1,,1,,1198823,273.65128,,
100490186,  Çağrı Merkezi Hizmetleri,2,TYT,35,1,,1,,1344793,263.51657,,
100450332,  Dış Ticaret,2,TYT,25,1,,1,,1453583,256.06887,,
100451896,  Doğalgaz ve Tesisatı Teknolojisi,2,TYT,25,1,,1,,1584423,247.16743,,
100450359,  Elektrik,2,TYT,45,2,,2,,1233854,271.20972,,
100450368,  Gıda Teknolojisi,2,TYT,25,1,,1,,1400431,259.71434,,
100451454,  İnşaat Teknolojisi,2,TYT,35,1,,1,,1520456,251.52153,,
100490333,  Kaynak Teknolojisi,2,TYT,45,2,,2,,1685998,240.24935,,
100451242,  Muhasebe ve Vergi Uygulamaları,2,TYT,23,1,,1,,1361400,262.37670,,
100490340,  Otonom Sistemler Teknikerliği,2,TYT,45,2,,2,320,1102396,280.57266,,
100490347,  Yenilenebilir Enerji Teknikerliği,2,TYT,35,1,,1,,1385357,260.74378,,
,ÇAY MESLEK YÜKSEKOKULU,,,,,,,,,,,
100451093,  Çocuk Gelişimi,2,TYT,32,1,,1,,987697,289.11337,,
100450474,  Elektrik,2,TYT,45,2,,2,,1331715,264.41847,,
100451303,  Kimya Teknolojisi,2,TYT,25,1,,1,,1277045,268.21072,,
100451251,  Muhasebe ve Vergi Uygulamaları,2,TYT,18,1,,1,,1521914,251.42019,,
100451339,  Otomotiv Teknolojisi,2,TYT,35,1,,1,,1313656,265.66637,,
,DAZKIRI MESLEK YÜKSEKOKULU,,,,,,,,,,,
100451136,  Elektrik,2,TYT,45,2,,2,,1387126,260.61922,,
100490224,  İnşaat Teknolojisi,2,TYT,30,1,,1,,1660969,241.94876,,
100400115,  Tekstil ve Halı Makineleri,2,TYT,35,1,,1,,...,----,,
,DİNAR MESLEK YÜKSEKOKULU,,,,,,,,,,,
100451578,  Bilgisayar Programcılığı,2,TYT,55,2,,2,,1215536,272.48506,,
100490263,  Ceza İnfaz ve Güvenlik Hizmetleri,2,TYT,35,1,,1,17,772098,306.83388,,
100451903,  Moda Tasarımı,2,TYT,25,1,,1,,1536584,250.41567,,
100451269,  Muhasebe ve Vergi Uygulamaları,2,TYT,23,1,,1,,1514433,251.93844,,
,EMİRDAĞ MESLEK YÜKSEKOKULU,,,,,,,,,,,
100490188,  Aşçılık,2,TYT,45,2,,2,,1023247,286.41383,,
100451763,  Bankacılık ve Sigortacılık,2,TYT,30,1,,1,,1393116,260.21862,,
100451587,  Bilgisayar Programcılığı,2,TYT,55,2,,2,,1265895,268.97618,,
100451754,  Dış Ticaret,2,TYT,35,1,,1,,1632689,243.87756,,
100450589,  Harita ve Kadastro,2,TYT,25,1,,1,,1294994,266.96001,,
100490195,  Laborant ve Veteriner Sağlık,2,TYT,35,1,,1,,1033902,285.61474,,
100451815,  Yapı Denetimi,2,TYT,20,1,,1,,1608484,245.52470,,
,İSCEHİSAR MESLEK YÜKSEKOKULU,,,,,,,,,,,
100451824,  İş Makineleri Operatörlüğü,2,TYT,30,1,,1,,1173449,275.45368,,
100490225,  Kuyumculuk ve Takı Tasarımı,2,TYT,30,1,,1,,1706040,238.88178,,
100490198,  Makine Resim ve Konstrüksiyonu,2,TYT,30,1,,1,,1465821,255.24867,,
100490205,  Mermer Teknolojisi,2,TYT,25,1,,1,,1747224,236.06980,,
,SANDIKLI MESLEK YÜKSEKOKULU,,,,,,,,,,,
100490354,  Akıllı Sera Teknolojileri,2,TYT,35,1,,1,,1597191,246.29483,,
100451675,  Bilgisayar Programcılığı,2,TYT,35,1,,1,,1276587,268.24272,,
100452019,  Halkla İlişkiler ve Tanıtım,2,TYT,35,1,,1,,1576264,247.71562,,
100450702,  Harita ve Kadastro,2,TYT,25,1,,1,,1353033,262.94716,,
100451409,  İşletme Yönetimi,2,TYT,25,1,,1,,1501539,252.82298,,
100490226,  Sağlık Turizmi İşletmeciliği,2,TYT,27,1,,1,,1382720,260.92533,,
100490361,  Tarım Makineleri ve Teknolojileri,2,TYT,35,1,,1,,1781212,233.72767,,
,SİNANPAŞA MESLEK YÜKSEKOKULU,,,,,,,,,,,
100451806,  Bilgisayar Programcılığı,2,TYT,55,2,,2,,1310117,265.91728,,
100490227,  İnternet ve Ağ Teknolojileri,2,TYT,55,2,,2,,1587624,246.95087,,
,SULTANDAĞI MESLEK YÜKSEKOKULU,,,,,,,,,,,
100450783,  Bankacılık ve Sigortacılık,2,TYT,30,1,,1,,1558111,248.95006,,
100450792,  Gıda Teknolojisi,2,TYT,25,1,,1,,1578394,247.57040,,
100451684,  Otobüs Kaptanlığı,2,TYT,25,1,,1,,1723396,237.69610,,
,ŞUHUT MESLEK YÜKSEKOKULU,,,,,,,,,,,
100451172,  Gıda Teknolojisi,2,TYT,25,1,,1,,1487149,253.80203,,
100451912,  Laborant ve Veteriner Sağlık,2,TYT,35,1,,1,,972355,290.28985,,
100490189,  Reklamcılık,2,TYT,23,1,,1,,1579256,247.51153,,
,AFYONKARAHİSAR SAĞLIK BİLİMLERİ ÜNİVERSİTESİ (Devlet Üniversitesi),,,,,,,,,,,
,ATATÜRK SAĞLIK HİZMETLERİ MESLEK YÜKSEKOKULU,,,,,,,,,,,
112690288,  Ağız ve Diş Sağlığı,2,TYT,54,2,,2,,459948,340.91645,,
112690304,  Dijital Sağlık Sistemleri Teknikerliği,2,TYT,35,1,,1,,567782,327.35925,,
112690179,  Diyaliz,2,TYT,56,2,,2,,558417,328.44651,,
112651199,  Elektronörofizyoloji,2,TYT,35,1,,1,,573046,326.76273,,
112651621,  Fizyoterapi,2,TYT,50,2,,2,,581209,325.83578,,
112690290,  Hasta Bakımı,2,TYT,45,2,,2,31,874214,298.10220,,
112690180,  İlk ve Acil Yardım,2,TYT,36,1,,1,,368986,354.67038,,
112651603,  Ortopedik Protez ve Ortez,2,TYT,55,2,,2,,692305,314.22690,,
112650262,  Tıbbi Dokümantasyon ve Sekreterlik,2,TYT,30,1,,1,,500920,335.46509,,
112690297,  Tıbbi Dokümantasyon ve Sekreterlik (KKTC Uyruklu),2,TYT,1,,,,5,,,,
112651612,  Tıbbi Görüntüleme Teknikleri,2,TYT,39,1,,1,,399888,349.68006,,
112651596,  Tıbbi Laboratuvar Teknikleri,2,TYT,34,1,,1,,468518,339.73287,,
112690289,  Tıbbi ve Aromatik Bitkiler,2,TYT,35,1,,1,,1348988,263.22660,,
112690311,  Tıbbi Veri İşleme Teknikerliği,2,TYT,35,1,,1,,572450,326.82800,,
112651551,  Yaşlı Bakımı,2,TYT,55,2,,2,,883968,297.30984,,
,BOLVADİN SAĞLIK HİZMETLERİ MESLEK YÜKSEKOKULU,,,,,,,,,,,
112690222,  Tıbbi Dokümantasyon ve Sekreterlik,2,TYT,30,1,,1,,586193,325.28372,,
112690318,  Tıbbi Veri İşleme Teknikerliği,2,TYT,35,1,,1,,662228,317.20809,,
,ŞUHUT SAĞLIK HİZMETLERİ MESLEK YÜKSEKOKULU,,,,,,,,,,,
112690220,  İlk ve Acil Yardım,2,TYT,27,1,,1,,448805,342.45750,,
112690244,  Patoloji Laboratuvar Teknikleri,2,TYT,27,1,,1,,622332,321.36990,,
112690223,  Tıbbi Laboratuvar Teknikleri,2,TYT,34,1,,1,,541265,330.47055,,
,AĞRI İBRAHİM ÇEÇEN ÜNİVERSİTESİ (Devlet Üniversitesi),,,,,,,,,,,YÖKAK
,DOĞUBAYAZIT AHMED-İ HANİ MESLEK YÜKSEKOKULU,,,,,,,,,,,
100500101,  Akıllı Sera Teknolojileri,2,TYT,20,1,,1,,...,----,,
100550243,  Aşçılık,2,TYT,55,2,,2,,1388685,260.51206,,"MEDEK, MEDEK"
100590081,  Çocuk Gelişimi,2,TYT,32,1,,1,,1202191,273.41071,,
100550182,  Dış Ticaret,2,TYT,30,1,,1,,...,----,,
100590099,  Evde Hasta Bakımı,2,TYT,45,2,,2,,811990,303.33226,,
100590060,  Halıcılık ve Kilimcilik,2,TYT,25,1,,1,,1702136,239.15264,,
100590082,  İlk ve Acil Yardım,2,TYT,36,1,,1,,499818,335.60547,,
100550252,  Turizm Animasyonu,2,TYT,30,1,,1,,...,----,,
100590070,  Yapı Denetimi,2,TYT,15,1,,1,,1601951,245.96962,,
,ELEŞKİRT MESLEK YÜKSEKOKULU,,,,,,,,,,,
100550234,  Bankacılık ve Sigortacılık,2,TYT,30,1,,1,,1543636,249.93469,,
100590071,  Laborant ve Veteriner Sağlık,2,TYT,35,1,,1,,1328760,264.61990,,
100590076,  Sağlık Kurumları İşletmeciliği,2,TYT,31,1,,1,,1437592,257.16831,,
,MESLEK YÜKSEKOKULU,,,,,,,,,,,
100500108,  Akıllı Tarım ve Gıda Yönetimi,2,TYT,30,1,,1,,...,----,,
100550031,  Bilgisayar Programcılığı,2,TYT,55,2,,2,,1179987,274.98846,,
100500115,  Büyük Veri Analistliği,2,TYT,30,1,,1,320,...,----,,
100500122,  Çevre Sağlığı ve Çevresel Risk Yönetimi Teknikerliği,2,TYT,40,1,,1,,...,----,,
100500129,  Çevresel Ölçüm ve İzleme Sistemleri Teknikerliği,2,TYT,40,1,,1,,...,----,,
100550049,  Elektrik,2,TYT,40,1,,1,,1149202,277.19053,,
100550155,  Geleneksel El Sanatları,2,TYT,30,1,,1,,1716749,238.15246,,
100550288,  Grafik Tasarımı,2,TYT,45,2,,2,,1615620,245.03554,,
100550022,  Makine,2,TYT,30,1,,1,,1472018,254.82613,,
100550013,  Mekatronik,2,TYT,35,1,,1,,1526567,251.10107,,"MEDEK, MEDEK"
100550225,  Muhasebe ve Vergi Uygulamaları,2,TYT,27,1,,1,,1371222,261.70863,,
100590072,  Nükleer Teknoloji ve Radyasyon Güvenliği,2,TYT,20,1,,1,,1437572,257.16989,,
100550128,  Organik Tarım,2,TYT,35,1,,1,,1732876,237.05060,,
100550164,  Posta Hizmetleri,2,TYT,35,1,,1,,1711218,238.52586,,
100500136,  Yapay Zeka Operatörlüğü,2,TYT,30,1,,1,320,...,----,,
,PATNOS MESLEK YÜKSEKOKULU,,,,,,,,,,,
100590065,  Bilgisayar Programcılığı,2,TYT,65,2,,2,,1534796,250.53444,,
100590079,  Biyomedikal Cihaz Teknolojisi,2,TYT,35,1,,1,,1331380,264.44101,,
100590080,  Eczane Hizmetleri,2,TYT,30,1,,1,,820252,302.61819,,
100590066,  İnşaat Teknolojisi,2,TYT,35,1,,1,,1675810,240.93539,,
100590068,  Mimari Restorasyon,2,TYT,30,1,,1,,1721356,237.83790,,
100590062,  Optisyenlik,2,TYT,45,2,,2,,1102829,280.54167,,
100590063,  Sivil Savunma ve İtfaiyecilik,2,TYT,55,2,,,9,1141759,277.72498,,
,SAĞLIK HİZMETLERİ MESLEK YÜKSEKOKULU,,,,,,,,,,,
100550085,  Çocuk Gelişimi,2,TYT,32,1,,1,,933389,293.34532,,
100550191,  Engelli Bakımı ve Rehabilitasyon,2,TYT,45,2,,2,,1044760,284.81122,,
100550067,  İlk ve Acil Yardım,2,TYT,36,1,,1,,429532,345.22145,,
100550207,  Tıbbi Laboratuvar Teknikleri,2,TYT,34,1,,1,,559246,328.34783,,
100550137,  Yaşlı Bakımı,2,TYT,45,2,,2,,878576,297.74051,,
,SİVİL HAVACILIK MESLEK YÜKSEKOKULU,,,,,,,,,,,
100590069,  Sivil Hava Ulaştırma İşletmeciliği,2,TYT,40,1,,1,10,1102014,280.59831,,
100590059,  Sivil Havacılık Kabin Hizmetleri,2,TYT,55,2,,2,10,1023180,286.42020,,
,AKDENİZ ÜNİVERSİTESİ (ANTALYA) (Devlet Üniversitesi),,,,,,,,,,,YÖKAK
,DEMRE DR. HASAN ÜNAL MESLEK YÜKSEKOKULU,,,,,,,,,,,
100790324,  Turist Rehberliği,2,TYT,80,2,,,,751663,308.67547,,
,ELMALI MESLEK YÜKSEKOKULU,,,,,,,,,,,
100790415,  Bahçe Tarımı,2,TYT,30,1,,,,1594080,246.51283,,
100790470,  Bilgisayar Programcılığı,2,TYT,55,2,,,,716960,311.88847,,
100790528,  Bilgisayar Programcılığı (KKTC Uyruklu),2,TYT,1,,,,5,,,,
100790651,  Elektrikli Cihaz Teknolojisi,2,TYT,30,1,,,,1323758,264.96120,,
100751036,  Elektronik Teknolojisi,2,TYT,40,1,,,,1057903,283.81943,,
100750938,  İşletme Yönetimi,2,TYT,35,1,,,,1233742,271.21648,,
100750877,  Muhasebe ve Vergi Uygulamaları,2,TYT,27,1,,,,1172320,275.53527,,
100751248,  Seracılık,2,TYT,30,1,,,,1607969,245.55901,,
100790325,  Sivil Savunma ve İtfaiyecilik,2,TYT,30,1,,,9,632537,320.28525,,
100790658,  Tarım Makineleri ve Teknolojileri,2,TYT,35,1,,,,1579330,247.50710,,
,FİNİKE MESLEK YÜKSEKOKULU,,,,,,,,,,,
100751284,  Bahçe Tarımı,2,TYT,35,1,,,,1468249,255.08278,,
100750726,  Deniz ve Liman İşletmeciliği,2,TYT,35,1,,,,703398,313.18457,,
100751275,  Dış Ticaret,2,TYT,40,1,,,,891369,296.70435,,
100790318,  Meyve ve Sebze İşleme Teknolojisi,2,TYT,25,1,,,,1531370,250.77081,,
100750717,  Turizm ve Otel İşletmeciliği,2,TYT,30,1,,,,919052,294.48566,,
,GÖYNÜK MUTFAK SANATLARI MESLEK YÜKSEKOKULU,,,,,,,,,,,
100751654,  Aşçılık,2,TYT,70,2,,,,652301,318.21906,,MEDEK
100751733,  İkram Hizmetleri,2,TYT,45,2,,,,1308525,266.02717,,
100790467,  Pastacılık ve Ekmekçilik,2,TYT,30,1,,,,693316,314.13444,,
,KORKUTELİ MESLEK YÜKSEKOKULU,,,,,,,,,,,
100751212,  Bahçe Tarımı,2,TYT,35,1,,,,1597136,246.29855,,
100751169,  Bilgisayar Programcılığı,2,TYT,50,2,,,,...,----,,
100790331,  Elektronik Haberleşme Teknolojisi,2,TYT,35,1,,,,1159317,276.46767,,
100750656,  Mantarcılık,2,TYT,25,1,,,,1533157,250.64985,,
100750886,  Muhasebe ve Vergi Uygulamaları,2,TYT,27,1,,,,1206142,273.13930,,
100750814,  Pazarlama,2,TYT,25,1,,,,1284668,267.67846,,
100790595,  Tıbbi ve Aromatik Bitkiler,2,TYT,30,1,,,,1474285,254.67324,,
,KUMLUCA MESLEK YÜKSEKOKULU,,,,,,,,,,,
100751318,  Bahçe Tarımı,2,TYT,40,1,,,,1282685,267.81656,,
100750947,  İşletme Yönetimi,2,TYT,35,1,,,,1168766,275.79112,,
100750895,  Muhasebe ve Vergi Uygulamaları,2,TYT,27,1,,,,1072950,282.70444,,
100750505,  Seracılık,2,TYT,40,1,,,,1453941,256.04543,,
,MANAVGAT MESLEK YÜKSEKOKULU,,,,,,,,,,,
100750674,  Aşçılık,2,TYT,60,2,,,,536449,331.04599,,
100751178,  Bilgisayar Programcılığı,2,TYT,60,2,,,,541565,330.43614,,
100790317,  Çocuk Gelişimi,2,TYT,36,1,,,,713326,312.23170,,
100790420,  Gıda Teknolojisi,2,TYT,35,1,,,,851370,300.00486,,
100750956,  İşletme Yönetimi,2,TYT,35,1,,,,940858,292.75133,,
100750902,  Muhasebe ve Vergi Uygulamaları,2,TYT,27,1,,,,892196,296.63877,,
100790416,  Organik Tarım,2,TYT,40,1,,,,1223584,271.92572,,
100750708,  Pazarlama,2,TYT,40,1,,,,1114943,279.65547,,
100750541,  Turizm ve Otel İşletmeciliği,2,TYT,30,1,,,,721955,311.41700,,
100751081,  Turizm ve Seyahat Hizmetleri,2,TYT,25,1,,,,907661,295.39813,,
,SAĞLIK HİZMETLERİ MESLEK YÜKSEKOKULU,,,,,,,,,,,
100751566,  Çocuk Gelişimi,2,TYT,27,1,,,,485064,337.53532,,
100750029,  Diyaliz,2,TYT,50,2,,,,459112,341.03518,,
100751354,  Fizyoterapi,2,TYT,30,1,,,,318684,363.60330,,
100751309,  İlk ve Acil Yardım,2,TYT,36,1,,,,253416,377.04967,,
100751663,  İlk ve Acil Yardım (KKTC Uyruklu),2,TYT,1,,,,5,1486662,253.83703,,
100790560,  Radyoterapi,2,TYT,20,1,,,,400548,349.57050,,
100751575,  Tıbbi Dokümantasyon ve Sekreterlik,2,TYT,30,1,,,,356090,356.87651,,
100751196,  Tıbbi Görüntüleme Teknikleri,2,TYT,30,1,,,,283413,370.56403,,
100751187,  Tıbbi Laboratuvar Teknikleri,2,TYT,43,2,,,,365685,355.23572,,
100751099,  Yaşlı Bakımı,2,TYT,30,1,,,,625952,320.98746,,
,SERİK GÜLSÜN-SÜLEYMAN SÜRAL MESLEK YÜKSEKOKULU,,,,,,,,,,,
100790477,  Çim Alan Tesisi ve Yönetimi,2,TYT,30,1,,,,1454186,256.02767,,
100790421,  Çocuk Gelişimi,2,TYT,32,1,,,,781580,305.97871,,
100750762,  Geleneksel El Sanatları,2,TYT,30,1,,,,1378296,261.22736,,
100750577,  Grafik Tasarımı,2,TYT,60,2,,,,719161,311.67811,,
100751266,  Halkla İlişkiler ve Tanıtım,2,TYT,60,2,,,,1129818,278.58303,,
100750805,  Mimari Restorasyon,2,TYT,45,2,,,,886235,297.12612,,
100750744,  Moda Tasarımı,2,TYT,40,1,,,,901919,295.85446,,
100751636,  Optisyenlik,2,TYT,50,2,,,,544754,330.06467,,
100790468,  Peyzaj ve Süs Bitkileri Yetiştiriciliği,2,TYT,30,1,,,,1245577,270.39963,,
100751699,  Sağlık Kurumları İşletmeciliği,2,TYT,35,1,,,,863229,299.00724,,
100751478,  Sahne ve Dekor Tasarımı,2,TYT,25,1,,,,1123974,279.00271,,
100750789,  Tekstil Teknolojisi,2,TYT,30,1,,,,1297642,266.77520,,
100750611,  Turizm ve Otel İşletmeciliği,2,TYT,30,1,,,,888058,296.97625,,
,SOSYAL BİLİMLER MESLEK YÜKSEKOKULU,,,,,,,,,,,
100750823,  Bankacılık ve Sigortacılık,2,TYT,30,1,,,,578741,326.11274,,
100751521,  Çağrı Merkezi Hizmetleri,2,TYT,60,2,,,,929754,293.63943,,
100750798,  Halkla İlişkiler ve Tanıtım,2,TYT,80,2,,,,821195,302.54154,,
100750929,  İşletme Yönetimi,2,TYT,35,1,,,,646381,318.83576,,
100751645,  Medya ve İletişim,2,TYT,90,3,,,,710040,312.55231,,
100750841,  Muhasebe ve Vergi Uygulamaları,2,TYT,27,1,,,,623110,321.28631,,
100790616,  Ofis Teknolojileri ve Veri Yönetimi,2,TYT,35,1,,,,792267,305.04327,,
100751681,  Özel Güvenlik ve Koruma,2,TYT,55,2,,,2,929104,293.69113,,
100750108,  Pazarlama,2,TYT,30,1,,,,675346,315.89964,,
100751239,  Sivil Hava Ulaştırma İşletmeciliği,2,TYT,35,1,,,10,376185,353.47032,,
100751557,  Sosyal Hizmetler,2,TYT,40,1,,,,648157,318.64444,,
100750126,  Turizm ve Otel İşletmeciliği,2,TYT,30,1,,,,517111,333.41422,,
100751381,  Turizm ve Otel İşletmeciliği (Uzaktan Öğretim),2,TYT,85,3,,,7,1034111,285.59963,,
100751063,  Turizm ve Seyahat Hizmetleri,2,TYT,30,1,,,,672581,316.17723,,
,TEKNİK BİLİMLER MESLEK YÜKSEKOKULU,,,,,,,,,,,
100751142,  Bilgisayar Programcılığı,2,TYT,50,2,,,,339923,359.70725,,
100750162,  Biyomedikal Cihaz Teknolojisi,2,TYT,35,1,,,,579270,326.05750,,
100751584,  Coğrafi Bilgi Sistemleri,2,TYT,50,2,,,,990114,288.92590,,
100750753,  Çevre Koruma ve Kontrol,2,TYT,45,2,,,,970297,290.44724,,
100790466,  Doğalgaz ve Tesisatı Teknolojisi,2,TYT,40,1,,,,1026127,286.19330,,
100750198,  Elektrik,2,TYT,55,2,,,,491449,336.68743,,
100750992,  Elektronik Haberleşme Teknolojisi,2,TYT,50,2,,,,727226,310.91264,,
100751009,  Elektronik Teknolojisi,2,TYT,50,2,,,,619221,321.69817,,
100750232,  Harita ve Kadastro,2,TYT,30,1,,,,609855,322.70882,,
100750974,  İklimlendirme ve Soğutma Teknolojisi,2,TYT,40,1,,,,878565,297.74138,,
100790333,  İklimlendirme ve Soğutma Teknolojisi (KKTC Uyruklu),2,TYT,1,,,,5,,,,
100750965,  İnşaat Teknolojisi,2,TYT,40,1,,,,544125,330.14029,,
100751018,  Kontrol ve Otomasyon Teknolojisi,2,TYT,45,2,,,,602851,323.45911,,
100750277,  Makine,2,TYT,50,2,,,,538007,330.85644,,
100751548,  Nükleer Teknoloji ve Radyasyon Güvenliği,2,TYT,50,2,,,,791032,305.15441,,
100751487,  Organik Tarım,2,TYT,60,2,,,,922152,294.24333,,
100750911,  Otomotiv Teknolojisi,2,TYT,30,1,,,,512140,334.03082,,
100790623,  Robotik ve Yapay Zeka,2,TYT,60,2,,,320,395144,350.41994,,
100750771,  Sivil Savunma ve İtfaiyecilik,2,TYT,60,2,,,9,488129,337.12983,,
100751221,  Yapı Denetimi,2,TYT,50,2,,,,801975,304.19867,,
,AKSARAY ÜNİVERSİTESİ (Devlet Üniversitesi),,,,,,,,,,,YÖKAK
,AKSARAY SOSYAL BİLİMLER MESLEK YÜKSEKOKULU,,,,,,,,,,,
100890069,  Dış Ticaret,2,TYT,45,2,,2,,1322425,265.05394,,
100850497,  Halkla İlişkiler ve Tanıtım,2,TYT,49,2,,2,,1382501,260.94086,,
100850319,  Muhasebe ve Vergi Uygulamaları,2,TYT,27,1,,1,,1073173,282.68952,,
100890125,  Ofis Teknolojileri ve Veri Yönetimi,2,TYT,35,1,,1,,1360708,262.42301,,
100850576,  Özel Güvenlik ve Koruma,2,TYT,35,1,,1,2,1104843,280.38631,,
100850107,  Turizm ve Otel İşletmeciliği,2,TYT,30,1,,1,,1243068,270.57206,,
,AKSARAY TEKNİK BİLİMLER MESLEK YÜKSEKOKULU,,,,,,,,,,,
100890065,  Alternatif Enerji Kaynakları Teknolojisi,2,TYT,35,1,,1,,1373130,261.57852,,
100850382,  Bahçe Tarımı,2,TYT,15,1,,1,,1642461,243.21617,,
100850452,  Bilgisayar Programcılığı,2,TYT,55,2,,2,,757411,308.16179,,
100890076,  Biyomedikal Cihaz Teknolojisi,2,TYT,35,1,,1,,987817,289.10344,,
100850488,  Çevre Koruma ve Kontrol,2,TYT,30,1,,1,,1421412,258.28035,,
100890068,  Doğalgaz ve Tesisatı Teknolojisi,2,TYT,35,1,,1,,1604296,245.81421,,
100850046,  Elektrik,2,TYT,45,2,,2,,966164,290.76224,,
100890097,  Geleneksel Tekstillerin Korunması ve Restorasyonu (Sultanhanı),2,TYT,25,1,,1,,1763261,234.96002,,
100850664,  İnşaat Teknolojisi (Sultanhanı),2,TYT,35,1,,1,,1511461,252.14400,,
100850628,  Kimya Teknolojisi,2,TYT,25,1,,1,,1163795,276.16034,,
100850055,  Makine,2,TYT,35,1,,1,,1023531,286.39181,,
100850355,  Otomotiv Teknolojisi,2,TYT,35,1,,1,,1055189,284.02912,,
100890111,  Peyzaj ve Süs Bitkileri Yetiştiriciliği,2,TYT,15,1,,1,,1705700,238.90546,,
100850301,  Süt ve Ürünleri Teknolojisi,2,TYT,25,1,,1,,1611393,245.32665,,
100850646,  Tıbbi ve Aromatik Bitkiler,2,TYT,25,1,,1,,1657208,242.20917,,
,ESKİL MESLEK YÜKSEKOKULU,,,,,,,,,,,
100850673,  Laborant ve Veteriner Sağlık,2,TYT,35,1,,1,,1146880,277.35877,,
100890066,  Lojistik,2,TYT,45,2,,2,,1586182,247.05024,,
,GÜZELYURT MESLEK YÜKSEKOKULU,,,,,,,,,,,
100850531,  Aşçılık,2,TYT,45,2,,2,,1143374,277.61385,,
100850594,  Bitki Koruma,2,TYT,18,1,,1,,1615433,245.04888,,
100850346,  Gıda Teknolojisi,2,TYT,25,1,,1,,1480133,254.27601,,
100850601,  Mimari Dekoratif Sanatlar,2,TYT,25,1,,1,,1632801,243.87031,,
100850337,  Mimari Restorasyon,2,TYT,45,2,,2,,1690373,239.94782,,
100850222,  Turizm ve Otel İşletmeciliği,2,TYT,25,1,,1,,1518005,251.69192,,
,ORTAKÖY MESLEK YÜKSEKOKULU,,,,,,,,,,,
100850197,  Bankacılık ve Sigortacılık,2,TYT,30,1,,1,,1308647,266.02021,,
100850513,  Büro Yönetimi ve Yönetici Asistanlığı,2,TYT,40,1,,1,,1299324,266.65951,,
100890132,  Cnc Programlama ve Operatörlüğü,2,TYT,25,1,,1,,832894,301.55422,,
100850407,  Elektronik Teknolojisi,2,TYT,35,1,,1,,1401075,259.67413,,
100850152,  Makine,2,TYT,40,1,,1,,1448369,256.42832,,
100850567,  Mekatronik,2,TYT,40,1,,1,,1355447,262.78166,,
100850328,  Muhasebe ve Vergi Uygulamaları,2,TYT,27,1,,1,,1516137,251.81881,,
100890055,  Sosyal Güvenlik,2,TYT,81,3,,3,,1587416,246.96564,,
,SAĞLIK HİZMETLERİ MESLEK YÜKSEKOKULU,,,,,,,,,,,
100890067,  Optisyenlik,2,TYT,55,2,,2,,708068,312.73888,,
100850116,  Tıbbi Dokümantasyon ve Sekreterlik,2,TYT,30,1,,1,,509258,334.39060,,
100850443,  Tıbbi Laboratuvar Teknikleri,2,TYT,43,2,,2,,491552,336.67507,,
100850522,  Yaşlı Bakımı,2,TYT,65,2,,2,,926532,293.89749,,MEDEK
,ALANYA ALAADDİN KEYKUBAT ÜNİVERSİTESİ (ANTALYA) (Devlet Üniversitesi),,,,,,,,,,,
,AKSEKİ MESLEK YÜKSEKOKULU,,,,,,,,,,,
110550017,  Bilgisayar Programcılığı,2,TYT,55,2,,2,,766981,307.29089,,
110550026,  Büro Yönetimi ve Yönetici Asistanlığı,2,TYT,35,1,,1,,976936,289.94468,,
110550035,  Elektrik,2,TYT,35,1,,1,,979470,289.74400,,
110590024,  Mimari Restorasyon,2,TYT,45,2,,2,,1169502,275.73740,,
110550062,  Muhasebe ve Vergi Uygulamaları,2,TYT,27,1,,1,,1209173,272.93035,,
110550168,  Ormancılık ve Orman Ürünleri,2,TYT,20,1,,1,,724640,311.16088,,
110590069,  Sivil Savunma ve İtfaiyecilik,2,TYT,35,1,,,9,706017,312.93717,,
110590044,  Tapu ve Kadastro,2,TYT,25,1,,1,,956969,291.48426,,
,ALANYA TİCARET VE SANAYİ ODASI MESLEK YÜKSEKOKULU,,,,,,,,,,,
110550071,  Bankacılık ve Sigortacılık,2,TYT,30,1,,1,,757330,308.16826,,
110590070,  Bilgisayar Programcılığı,2,TYT,45,2,,2,,565994,327.57562,,
110590042,  Elektrik,2,TYT,50,2,,2,,776180,306.46913,,
110590048,  Emlak Yönetimi,2,TYT,40,1,,1,,1083094,281.96465,,
110590025,  İç Mekan Tasarımı,2,TYT,45,2,,2,,829373,301.85056,,
110550186,  İklimlendirme ve Soğutma Teknolojisi,2,TYT,40,1,,1,,1118993,279.36481,,
110550098,  Muhasebe ve Vergi Uygulamaları,2,TYT,27,1,,1,,804794,303.94964,*,MEDEK
110590045,  Sosyal Hizmetler,2,TYT,35,1,,1,,830809,301.72983,,
,ALANYA TİCARET VE SANAYİ ODASI TURİZM MESLEK YÜKSEKOKULU,,,,,,,,,,,
110590043,  Aşçılık,2,TYT,55,2,,2,,659347,317.50174,,
110500213,  Turist Rehberliği,2,TYT,50,2,,2,,...,----,,
110550195,  Turizm Animasyonu,2,TYT,55,2,,2,,1175136,275.33220,,
110550105,  Turizm ve Otel İşletmeciliği,2,TYT,35,1,,1,,796946,304.63828,,
,GAZİPAŞA MUSTAFA RAHMİ BÜYÜKBALLI MESLEK YÜKSEKOKULU,,,,,,,,,,,
110590078,  Aşçılık,2,TYT,30,1,,1,,727581,310.87798,,
110550159,  İşletme Yönetimi,2,TYT,40,1,,1,,1123976,279.00252,,
110550238,  Sivil Hava Ulaştırma İşletmeciliği,2,TYT,40,1,,1,10,515600,333.59218,,
110590028,  Sivil Havacılık Kabin Hizmetleri,2,TYT,55,2,,2,10,441474,343.47164,,
110550229,  Tıbbi ve Aromatik Bitkiler,2,TYT,35,1,,1,,1423539,258.14001,,
110550141,  Turizm ve Otel İşletmeciliği,2,TYT,35,1,,1,,939416,292.86674,,
,SAĞLIK HİZMETLERİ MESLEK YÜKSEKOKULU,,,,,,,,,,,
110590027,  Çocuk Gelişimi,2,TYT,27,1,,1,,645150,318.96685,,
110590029,  Fizyoterapi,2,TYT,32,1,,1,,486981,337.28013,,
110550202,  İlk ve Acil Yardım,2,TYT,36,1,,1,,346002,358.61947,,
110590030,  Tıbbi Laboratuvar Teknikleri,2,TYT,34,1,,1,,439168,343.79878,,
,AMASYA ÜNİVERSİTESİ (Devlet Üniversitesi),,,,,,,,,,,YÖKAK
,AMASYA SOSYAL BİLİMLER MESLEK YÜKSEKOKULU,,,,,,,,,,,
100950151,  Aşçılık,2,TYT,55,2,,2,,932780,293.39477,*,MEDEK
100950248,  Büro Yönetimi ve Yönetici Asistanlığı,2,TYT,40,1,,1,,961653,291.11130,,
100950266,  Dış Ticaret,2,TYT,40,1,,1,,1411178,258.98288,,
100950433,  Halkla İlişkiler ve Tanıtım,2,TYT,45,2,,2,,1428858,257.77229,,
100950169,  Muhasebe ve Vergi Uygulamaları,2,TYT,27,1,,1,,1144851,277.50826,,
100950099,  Pazarlama,2,TYT,30,1,,1,,1540361,250.15614,,
100950521,  Reklamcılık,2,TYT,45,2,,2,,1505927,252.52145,,
100950106,  Turizm ve Otel İşletmeciliği,2,TYT,30,1,,1,,1241175,270.70120,,
,AMASYA TEKNİK BİLİMLER MESLEK YÜKSEKOKULU,,,,,,,,,,,
100950212,  Bilgisayar Programcılığı,2,TYT,40,1,,1,,826512,302.09247,*,MEDEK
100990130,  Büyük Veri Analistliği,2,TYT,35,1,,1,320,1014540,287.06932,,
100950027,  Elektrik,2,TYT,35,1,,1,,1024071,286.34919,,
100950196,  Elektronik Teknolojisi,2,TYT,40,1,,1,,1230927,271.41489,,
100950063,  Harita ve Kadastro,2,TYT,25,1,,1,,1135099,278.19921,,
100990137,  İnsansız Araç Teknikerliği,2,TYT,35,1,,1,320,718323,311.75752,,
100950178,  İnşaat Teknolojisi,2,TYT,40,1,,1,,1331258,264.44895,*,MEDEK
100990051,  Kimya Teknolojisi,2,TYT,25,1,,1,,1165960,275.99863,,
100990028,  Moda Tasarımı,2,TYT,35,1,,1,,1353368,262.92295,,
100950406,  Otomotiv Teknolojisi,2,TYT,35,1,,1,,1082851,281.98106,,
100990031,  Sağlık Bilgi Sistemleri Teknikerliği,2,TYT,40,1,,1,,847892,300.28559,*,MEDEK
,GÜMÜŞHACIKÖY HASAN DUMAN MESLEK YÜKSEKOKULU,,,,,,,,,,,
100950284,  Bankacılık ve Sigortacılık,2,TYT,30,1,,1,,1328220,264.65446,,
100990021,  Çağrı Merkezi Hizmetleri,2,TYT,45,2,,2,,1487817,253.75768,,
,MERZİFON MESLEK YÜKSEKOKULU,,,,,,,,,,,
100990033,  Basım ve Yayım Teknolojileri,2,TYT,35,1,,1,,1637280,243.56786,,
100950221,  Bilgisayar Programcılığı,2,TYT,35,1,,1,,1019989,286.65994,*,MEDEK
100950354,  Makine,2,TYT,35,1,,1,,1338782,263.93533,,
100950275,  Mekatronik,2,TYT,35,1,,1,,1179542,275.02151,,MEDEK
100950769,  Sivil Hava Ulaştırma İşletmeciliği,2,TYT,35,1,,1,10,750078,308.82393,*,MEDEK
100990102,  Sivil Havacılık Kabin Hizmetleri,2,TYT,35,1,,1,10,613330,322.33269,,
,SABUNCUOĞLU ŞEREFEDDİN SAĞLIK HİZMETLERİ MESLEK YÜKSEKOKULU,,,,,,,,,,,
100950503,  Çocuk Gelişimi,2,TYT,27,1,,1,,853138,299.85687,,
100990060,  Eczane Hizmetleri,2,TYT,26,1,,1,,613032,322.36663,,
100990025,  Engelli Bakımı ve Rehabilitasyon,2,TYT,45,2,,2,,1066773,283.16208,,
100990024,  Fizyoterapi,2,TYT,41,2,,2,,612017,322.47974,,
100950681,  İlk ve Acil Yardım,2,TYT,36,1,,1,,389392,351.32966,,
100950627,  Optisyenlik,2,TYT,45,2,,2,,689505,314.50224,,
100950557,  Tıbbi Dokümantasyon ve Sekreterlik,2,TYT,30,1,,1,,522799,332.69976,,
100950699,  Tıbbi Dokümantasyon ve Sekreterlik (Uzaktan Öğretim),2,TYT,100,3,,3,7,796729,304.65794,,
100950496,  Tıbbi Laboratuvar Teknikleri,2,TYT,34,1,,1,,503008,335.19594,*,MEDEK
100950512,  Yaşlı Bakımı,2,TYT,45,2,,2,,897712,296.18993,,
,SULUOVA MESLEK YÜKSEKOKULU,,,,,,,,,,,
100990026,  Acil Durum ve Afet Yönetimi,2,TYT,34,1,,1,,806821,303.77516,,
100990032,  Bitki Koruma,2,TYT,20,1,,1,,1560317,248.80379,*,MEDEK
100990074,  Çevre Koruma ve Kontrol,2,TYT,35,1,,1,,1633631,243.81258,,
100950487,  Gıda Kalite Kontrolü ve Analizi,2,TYT,30,1,,1,,1656799,242.23857,*,MEDEK
100950309,  Gıda Teknolojisi,2,TYT,25,1,,1,,1470145,254.95404,*,MEDEK
100950478,  Laborant ve Veteriner Sağlık,2,TYT,35,1,,1,,1019803,286.67333,*,MEDEK
100950548,  Sivil Savunma ve İtfaiyecilik,2,TYT,65,2,,,9,885684,297.17257,,
100950451,  Tıbbi ve Aromatik Bitkiler,2,TYT,35,1,,1,,1732989,237.04380,,
,TASARIM MESLEK YÜKSEKOKULU,,,,,,,,,,,
100950751,  Bilgisayar Destekli Tasarım ve Animasyon,2,TYT,45,2,,2,,1224541,271.85973,,
100950654,  Grafik Tasarımı,2,TYT,45,2,,2,,1229125,271.53930,,
100950742,  Mimari Restorasyon,2,TYT,35,1,,1,,1443542,256.75804,*,MEDEK
,TAŞOVA YÜKSEL AKIN MESLEK YÜKSEKOKULU,,,,,,,,,,,
100950645,  Posta Hizmetleri,2,TYT,35,1,,1,,1759337,235.23227,,
100990052,  Raylı Sistemler Elektrik ve Elektronik,2,TYT,45,2,,2,6,1026224,286.18620,,
100950706,  Raylı Sistemler İşletmeciliği,2,TYT,35,1,,1,6,1234376,271.17392,,
100990035,  Raylı Sistemler Makine Teknolojisi,2,TYT,45,2,,2,6,1226540,271.71939,,
100990036,  Raylı Sistemler Yol Teknolojisi,2,TYT,40,1,,1,6,1340062,263.84845,*,MEDEK
100990027,  Ulaştırma ve Trafik Hizmetleri,2,TYT,35,1,,1,,1686214,240.23534,,
,ANADOLU ÜNİVERSİTESİ (ESKİŞEHİR) (Devlet Üniversitesi),,,,,,,,,,,YÖKAK
,AÇIKÖĞRETİM FAKÜLTESİ,,,,,,,,,,,
101051376,  Acil Durum ve Afet Yönetimi (Açıköğretim),2,TYT,500,13,,13,13,859348,299.32704,,
101051304,  Aşçılık (Açıköğretim),2,TYT,500,13,,13,13,1115234,279.63457,,
101050209,  Bankacılık ve Sigortacılık (Açıköğretim),2,TYT,150,4,,4,13,788529,305.37708,,
101090556,  Bilgisayar Programcılığı (Açıköğretim),2,TYT,2400,60,,60,13,927169,293.84456,,
101050933,  Büro Yönetimi ve Yönetici Asistanlığı (Açıköğretim),2,TYT,250,7,,7,13,623137,321.28281,,
101050757,  Coğrafi Bilgi Sistemleri (Açıköğretim),2,TYT,1000,25,,25,13,1445499,256.62887,,
101050236,  Dış Ticaret (Açıköğretim),2,TYT,250,7,,7,13,838676,301.06550,,
101090533,  Emlak Yönetimi (Açıköğretim),2,TYT,500,13,,13,13,1223507,271.93111,,
101051385,  Engelli Bakımı ve Rehabilitasyon (Açıköğretim),2,TYT,1700,43,,43,13,1246149,270.35925,,
101050809,  Fotoğrafçılık ve Kameramanlık (Açıköğretim),2,TYT,1000,25,,25,13,1385447,260.73756,,
101050881,  Halkla İlişkiler ve Tanıtım (Açıköğretim),2,TYT,300,8,,8,13,1328430,264.64135,,
101050263,  İlahiyat (Önlisans) (Açıköğretim),2,TYT,14500,363,,363,13,1686098,240.24318,,
101050651,  İnsan Kaynakları Yönetimi (Açıköğretim),2,TYT,200,5,,5,13,780895,306.04213,,
101050818,  İşletme Yönetimi (Açıköğretim),2,TYT,300,8,,8,13,850564,300.06945,,
101050863,  Kültürel Miras ve Turizm (Açıköğretim),2,TYT,150,4,,4,13,1168332,275.82513,,
101050827,  Lojistik (Açıköğretim),2,TYT,900,23,,23,13,1031004,285.82802,,
101050606,  Marka İletişimi (Açıköğretim),2,TYT,2000,50,,50,13,1551487,249.39893,,
101050872,  Medya ve İletişim (Açıköğretim),2,TYT,300,8,,8,13,975603,290.04416,,
101050624,  Muhasebe ve Vergi Uygulamaları (Açıköğretim),2,TYT,250,7,,7,13,779221,306.19306,,
101050306,  Sağlık Kurumları İşletmeciliği (Açıköğretim),2,TYT,113,3,,3,13,695054,313.96928,,
101050572,  Sosyal Hizmetler (Açıköğretim),2,TYT,80,2,,2,13,845303,300.50198,,
101090531,  Sosyal Medya Yöneticiliği (Açıköğretim),2,TYT,1300,33,,33,13,1378066,261.24112,,
101090532,  Tarım Teknolojisi (Açıköğretim),2,TYT,600,15,,15,13,1061633,283.54572,,
101051261,  Tıbbi Dokümantasyon ve Sekreterlik (Açıköğretim),2,TYT,100,3,,3,13,405116,348.87749,,
101050324,  Turizm ve Otel İşletmeciliği (Açıköğretim),2,TYT,250,7,,7,13,884249,297.28807,,
101000101,  Veri Görselleştirme ve Bilgi Tasarımı (Açıköğretim),2,TYT,250,7,,7,13,...,----,,
101051349,  Web Tasarımı ve Kodlama (Açıköğretim),2,TYT,3000,75,,75,13,1373853,261.53002,,
101000108,  Yapay Zeka Destekli Kodlama (Açıköğretim),2,TYT,250,7,,7,13,...,----,,
101051279,  Yaşlı Bakımı (Açıköğretim),2,TYT,150,4,,4,13,554652,328.89337,,
,BİLİŞİM TEKNOLOJİLERİ MESLEK YÜKSEKOKULU,,,,,,,,,,,
101090615,  Arka-Yüz Yazılım Geliştirme,2,TYT,35,1,,1,320,486549,337.33392,,
101090622,  Arka-Yüz Yazılım Geliştirme (KKTC Uyruklu),2,TYT,1,,,,"5, 320",,,,
101090629,  Büyük Veri Analistliği,2,TYT,35,1,,1,320,445330,342.94062,,
101090636,  Büyük Veri Analistliği (KKTC Uyruklu),2,TYT,1,,,,"5, 320",,,,
101090643,  Oyun Geliştirme ve Programlama,2,TYT,35,1,,1,320,451874,342.03864,,
101090650,  Ön-Yüz Yazılım Geliştirme,2,TYT,35,1,,1,320,556194,328.70895,,
101090657,  Ön-Yüz Yazılım Geliştirme (KKTC Uyruklu),2,TYT,1,,,,"5, 320",,,,
,ENGELLİLER ENTEGRE YÜKSEKOKULU,,,,,,,,,,,
101051288,  Bilgisayar Operatörlüğü,2,TYT,11,1,,1,16,1552009,249.36292,,
101051297,  Yapı Ressamlığı,2,TYT,11,1,,1,16,1918030,224.05800,,
,ESKİŞEHİR MESLEK YÜKSEKOKULU,,,,,,,,,,,
101050369,  Aşçılık,2,TYT,35,1,,1,,497942,335.85124,,TUADER
,YUNUS EMRE SAĞLIK HİZMETLERİ MESLEK YÜKSEKOKULU,,,,,,,,,,,
101000115,  Dijital Sağlık Sistemleri Teknikerliği,2,TYT,30,1,,1,,...,----,,
101050899,  Saç Bakımı ve Güzellik Hizmetleri,2,TYT,45,2,,2,,658295,317.61251,,
101050915,  Yaşlı Bakımı,2,TYT,55,2,,2,,747344,309.06996,,
,ANKARA HACI BAYRAM VELİ ÜNİVERSİTESİ (Devlet Üniversitesi),,,,,,,,,,,YÖKAK
,MUTFAK SANATLARI MESLEK YÜKSEKOKULU,,,,,,,,,,,
111790388,  Aşçılık,2,TYT,25,1,,1,,423815,346.07469,,
,POLATLI SOSYAL BİLİMLER MESLEK YÜKSEKOKULU,,,,,,,,,,,
111790324,  Basım ve Yayım Teknolojileri,2,TYT,65,2,,2,,1082311,282.01872,,
111790395,  Ceza İnfaz ve Güvenlik Hizmetleri,2,TYT,55,2,,2,"17, 313",679365,315.50199,,
111750995,  Çocuk Gelişimi,2,TYT,36,1,,1,,639424,319.56672,,
111750986,  Giyim Üretim Teknolojisi,2,TYT,40,1,,1,,1284332,267.70037,,
111750932,  Muhasebe ve Vergi Uygulamaları,2,TYT,27,1,,1,,817139,302.88965,,
111751066,  Saç Bakımı ve Güzellik Hizmetleri,2,TYT,45,2,,2,,874920,298.04685,,
111790465,  Saç Bakımı ve Güzellik Hizmetleri (KKTC Uyruklu),2,TYT,1,,,,5,,,,
111750977,  Tapu ve Kadastro,2,TYT,45,2,,2,,636694,319.84692,,
,ANKARA MÜZİK VE GÜZEL SANATLAR ÜNİVERSİTESİ (Devlet Üniversitesi),,,,,,,,,,,
,MÜZİK VE GÜZEL SANATLAR MESLEK YÜKSEKOKULU,,,,,,,,,,,
112810032,  Geleneksel El Sanatları,2,TYT,35,1,,1,,615339,322.11855,,
,ANKARA SOSYAL BİLİMLER ÜNİVERSİTESİ (Devlet Üniversitesi),,,,,,,,,,,
,ASBÜ-KUZEY KIBRIS YERLEŞKESİ (KKTC-LEFKOŞA),,,,,,,,,,,
110910399,  Büyük Veri Analistliği (Ücretli),2,TYT,5,,,,"18, 19, 20, 64, 320",,,,
110910392,  Büyük Veri Analistliği (Burslu),2,TYT,5,,,,"18, 19, 20, 21, 64, 320",1900707,225.32132,,
110910406,  Büyük Veri Analistliği (%50 İndirimli),2,TYT,20,,,,"18, 19, 20, 21, 64, 320",,,,
110910420,  Yapay Zeka Operatörlüğü (Ücretli),2,TYT,5,,,,"18, 19, 20, 64, 320",,,,
110910413,  Yapay Zeka Operatörlüğü (Burslu),2,TYT,5,,,,"18, 19, 20, 21, 64, 320",1211403,272.77189,,
110910427,  Yapay Zeka Operatörlüğü (%50 İndirimli),2,TYT,20,,,,"18, 19, 20, 21, 64, 320",,,,
,ANKARA ÜNİVERSİTESİ (Devlet Üniversitesi),,,,,,,,,,,YÖKAK
,1. ORGANİZE SANAYİ BÖLGESİ MESLEK YÜKSEKOKULU,,,,,,,,,,,
101190411,  Dijital Fabrika Teknolojileri,2,TYT,45,2,,,321,649146,318.54092,,
101190563,  Mekatronik,2,TYT,45,2,,,321,418424,346.87681,,
,AÇIK VE UZAKTAN EĞİTİM FAKÜLTESİ,,,,,,,,,,,
101190341,  Acil Durum ve Afet Yönetimi (Uzaktan Öğretim),2,TYT,85,3,,,7,808660,303.62235,,
101150659,  Bankacılık ve Sigortacılık (Uzaktan Öğretim),2,TYT,100,3,,,7,923528,294.13304,,
101150677,  Bilgisayar Programcılığı (Uzaktan Öğretim),2,TYT,125,4,,,"7, 8",498026,335.83845,,
101190412,  Bilgisayar Teknolojisi (Uzaktan Öğretim),2,TYT,100,3,,,"7, 8",758183,308.08903,,
101190439,  Büro Yönetimi ve Yönetici Asistanlığı (Uzaktan Öğretim),2,TYT,100,3,,,7,868846,298.54353,,
101190426,  İnternet ve Ağ Teknolojileri (Uzaktan Öğretim),2,TYT,105,3,,,"7, 8",921497,294.29778,,
101190440,  Muhasebe ve Vergi Uygulamaları (Uzaktan Öğretim),2,TYT,90,3,,,7,946878,292.27219,,
101190425,  Sosyal Güvenlik (Uzaktan Öğretim),2,TYT,95,3,,,7,928054,293.77495,,
101150641,  Tıbbi Dokümantasyon ve Sekreterlik (Uzaktan Öğretim),2,TYT,100,3,,,7,571814,326.89714,,
101150711,  Turizm ve Otel İşletmeciliği (Uzaktan Öğretim),2,TYT,100,3,,,7,1038578,285.26355,,
101190612,  Web Tasarımı ve Kodlama (Açıköğretim),2,TYT,3000,75,,,13,1589631,246.81498,,
,AKYURT MESLEK YÜKSEKOKULU,,,,,,,,,,,
101190794,  Havacılık Elektroniği Teknolojileri,2,TYT,25,1,,,,326280,362.17287,,
101190801,  Optoelektronik ve Elektro Optik Teknolojileri,2,TYT,25,1,,,,528965,331.94922,,
,AYAŞ MESLEK YÜKSEKOKULU,,,,,,,,,,,
101100570,  Ceza İnfaz ve Güvenlik Hizmetleri,2,TYT,85,3,,,17,713326,312.23166,,
101190518,  Coğrafi Bilgi Sistemleri,2,TYT,45,2,,,,1025473,286.24257,,
101190409,  Özel Güvenlik ve Koruma,2,TYT,50,2,,,2,957943,291.40615,,
101150986,  Sosyal Güvenlik,2,TYT,54,2,,,,939684,292.84365,,
101190640,  Sosyal Güvenlik (KKTC Uyruklu),2,TYT,1,,,,5,,,,
,BALA MESLEK YÜKSEKOKULU,,,,,,,,,,,
101190878,  İş Makineleri Operatörlüğü,2,TYT,25,1,,,,948979,292.10406,,
101100577,  Kooperatifçilik,2,TYT,30,1,,,,...,----,,
101190647,  Süt ve Besi Hayvancılığı,2,TYT,35,1,,,,1446520,256.56051,,
,BEYPAZARI MESLEK YÜKSEKOKULU,,,,,,,,,,,
101150977,  Acil Durum ve Afet Yönetimi,2,TYT,60,2,,,,682413,315.20129,,
101190202,  Aşçılık,2,TYT,60,2,,,,647961,318.66516,,
101151003,  Ayakkabı Tasarım ve Üretimi,2,TYT,25,1,,,154,1247222,270.28242,,
101150517,  Bankacılık ve Sigortacılık,2,TYT,30,1,,,,719058,311.68743,,
101150835,  Kuyumculuk ve Takı Tasarımı,2,TYT,45,2,,,,1061105,283.58510,,
101150844,  Moda Tasarımı,2,TYT,45,2,,,,803297,304.08006,,
101190410,  Sivil Savunma ve İtfaiyecilik,2,TYT,35,1,,,9,553202,329.06837,,
101150059,  Turist Rehberliği,2,TYT,70,2,,,,832315,301.60362,,
101150492,  Turizm ve Otel İşletmeciliği,2,TYT,35,1,,,,827664,301.99160,,
101150598,  Turizm ve Seyahat Hizmetleri,2,TYT,30,1,,,,949419,292.07100,,
,BİLİŞİM TEKNOLOJİLERİ MESLEK YÜKSEKOKULU,,,,,,,,,,,
101100584,  Bilgisayar Programcılığı,2,TYT,45,2,,,,447093,342.69062,,
101190808,  Büyük Veri Analistliği,2,TYT,35,1,,,320,353722,357.27702,,
101100591,  İnternet ve Ağ Teknolojileri,2,TYT,30,1,,,,...,----,,
,ELMADAĞ MESLEK YÜKSEKOKULU,,,,,,,,,,,
101150702,  Büro Yönetimi ve Yönetici Asistanlığı,2,TYT,50,2,,,,702321,313.28142,,
101150914,  Büro Yönetimi ve Yönetici Asistanlığı (KKTC Uyruklu),2,TYT,2,,,,5,,,,
101150686,  Elektronik Haberleşme Teknolojisi,2,TYT,40,1,,,,682465,315.19665,,
101150562,  Elektronik Teknolojisi,2,TYT,40,1,,,,521212,332.89942,,
101150526,  Muhasebe ve Vergi Uygulamaları,2,TYT,27,1,,,,665406,316.89373,,
101100598,  Patlayıcı ve Enerjetik Malzemeler Teknikerliği,2,TYT,30,1,,,320,...,----,,
,HAYMANA MESLEK YÜKSEKOKULU,,,,,,,,,,,
101150738,  Fizyoterapi,2,TYT,41,2,,,,536221,331.07524,,
101150729,  Yaşlı Bakımı,2,TYT,55,2,,,,859972,299.27416,,
,KALECİK MESLEK YÜKSEKOKULU,,,,,,,,,,,
101190654,  Bağcılık ve Bağ Ürünleri Teknolojisi,2,TYT,40,1,,,,1493535,253.36865,,
101150544,  Bahçe Tarımı,2,TYT,30,1,,,,1481171,254.20202,,
101190423,  Bitki Koruma,2,TYT,20,1,,,,1190474,274.23406,,
101150129,  Gıda Teknolojisi,2,TYT,30,1,,,,902290,295.82609,,
101190407,  Peyzaj ve Süs Bitkileri Yetiştiriciliği,2,TYT,30,1,,,,1408203,259.18203,,
101190519,  Tıbbi ve Aromatik Bitkiler,2,TYT,45,2,,,,1304516,266.30842,,
,KIZILCAHAMAM SAĞLIK HİZMETLERİ MESLEK YÜKSEKOKULU,,,,,,,,,,,
101150995,  Fizyoterapi,2,TYT,41,2,,,,496154,336.07601,,
101190661,  İş ve Uğraşı Terapisi,2,TYT,55,2,,,,763243,307.63189,,
101190668,  Podoloji,2,TYT,55,2,,,,707655,312.78120,,
,NALLIHAN MESLEK YÜKSEKOKULU,,,,,,,,,,,
101150783,  Bilgisayar Programcılığı,2,TYT,65,2,,,,582700,325.67234,,
101190780,"  Elektrik Enerjisi Üretim, İletim ve Dağıtımı",2,TYT,35,1,,,,881526,297.50870,,
101150792,  Elektronik Teknolojisi,2,TYT,65,2,,,,826675,302.07821,,
101190787,  Yenilenebilir Enerji Teknikerliği,2,TYT,35,1,,,,764946,307.47460,,
,SAĞLIK HİZMETLERİ MESLEK YÜKSEKOKULU,,,,,,,,,,,
101150898,  Ağız ve Diş Sağlığı,2,TYT,45,2,,,,306013,366.02573,,
101190516,  Ağız ve Diş Sağlığı (KKTC Uyruklu),2,TYT,1,,,,5,1321690,265.10488,,
101150156,  Anestezi,2,TYT,50,2,,,,210805,387.39957,,
101150695,  Eczane Hizmetleri,2,TYT,30,1,,,,412541,347.74852,,
101150959,  İlk ve Acil Yardım,2,TYT,32,1,,,,204251,389.16991,,
101150192,  Radyoterapi,2,TYT,45,2,,,,427367,345.54116,,
101150208,  Tıbbi Dokümantasyon ve Sekreterlik,2,TYT,30,1,,,,336336,360.34414,,
101150623,  Tıbbi Görüntüleme Teknikleri,2,TYT,39,1,,,,237599,380.72710,,
101150605,  Tıbbi Laboratuvar Teknikleri,2,TYT,43,2,,,,307892,365.65153,,
,SİBER GÜVENLİK MESLEK YÜKSEKOKULU,,,,,,,,,,,
101190675,  Siber Güvenlik Analistliği ve Operatörlüğü,2,TYT,30,1,,,"22, 24, 34, 320",131862,411.96348,,
,TEKNİK BİLİMLER MESLEK YÜKSEKOKULU,,,,,,,,,,,
101100605,  Alternatif Enerji Kaynakları Teknolojisi,2,TYT,50,2,,,,636091,319.90797,,
101100612,  Biyomedikal Cihaz Teknolojisi,2,TYT,45,2,,,,539799,330.64710,,
,ANKARA YILDIRIM BEYAZIT ÜNİVERSİTESİ (Devlet Üniversitesi),,,,,,,,,,,YÖKAK
,SAĞLIK HİZMETLERİ MESLEK YÜKSEKOKULU,,,,,,,,,,,
110050058,  Ağız ve Diş Sağlığı,2,TYT,45,2,,2,,367508,354.91826,,
110050031,  Çocuk Koruma ve Bakım Hizmetleri,2,TYT,65,2,,2,,748100,308.99939,,
110050049,  Çocuk Koruma ve Bakım Hizmetleri (KKTC Uyruklu),2,TYT,1,,,,5,,,,
110050022,  Elektronörofizyoloji,2,TYT,35,1,,1,,494380,336.30645,,
110090031,  Engelli Bakımı ve Rehabilitasyon,2,TYT,70,2,,2,,891978,296.65576,,
110090165,  Laborant ve Veteriner Sağlık,2,TYT,35,1,,1,,447183,342.67950,,
110050085,  Optisyenlik,2,TYT,55,2,,2,,479720,338.24746,,
110050013,  Tıbbi Görüntüleme Teknikleri,2,TYT,39,1,,1,,313469,364.58459,,
110050067,  Tıbbi Laboratuvar Teknikleri,2,TYT,43,2,,2,,390478,351.16166,,
110090193,  Tıbbi ve Aromatik Bitkiler,2,TYT,35,1,,1,,912659,294.98843,,
110090033,  Yaşlı Bakımı,2,TYT,70,2,,2,,777528,306.34517,,
,ŞEREFLİKOÇHİSAR BERAT CÖMERTOĞLU MESLEK YÜKSEKOKULU,,,,,,,,,,,
110090026,  İşletme Yönetimi,2,TYT,40,1,,1,,997207,288.38049,,
,TEKNİK BİLİMLER MESLEK YÜKSEKOKULU,,,,,,,,,,,
110000164,  Atçılık ve Antrenörlüğü,2,TYT,50,2,,2,,898987,296.08959,,
110090119,  Bilgisayar Programcılığı,2,TYT,60,2,,2,,382246,352.48517,,
110090242,  Büyük Veri Analistliği,2,TYT,35,1,,1,320,481014,338.07346,,
110090120,  Çok Boyutlu Modelleme ve Animasyon,2,TYT,50,2,,2,,605115,323.21066,,
110090249,  Dijital Dönüşüm Elektroniği,2,TYT,35,1,,1,320,664632,316.96681,,
110090256,  Dijital Dönüşüm Elektroniği (KKTC Uyruklu),2,TYT,1,,,,"5, 320",964422,290.89909,,
110000171,  Gıda Teknolojisi,2,TYT,30,1,,1,,697697,313.71488,,
110090122,  Grafik Tasarımı,2,TYT,65,2,,2,,558786,328.40050,,
110000178,  Sivil Havacılık Kabin Hizmetleri,2,TYT,45,2,,2,10,377552,353.24792,,
110000185,  Sivil Savunma ve İtfaiyecilik,2,TYT,45,2,,,9,518247,333.27110,,
110090129,  Uçak Teknolojisi,2,TYT,35,1,,1,10,239571,380.25744,,
,ARDAHAN ÜNİVERSİTESİ (Devlet Üniversitesi),,,,,,,,,,,YÖKAK
,ÇILDIR MESLEK YÜKSEKOKULU,,,,,,,,,,,
101290352,  Mahkeme Büro Hizmetleri,2,TYT,35,1,,1,,1384741,260.78780,,
101290071,  Sosyal Hizmetler,2,TYT,35,1,,1,,1453443,256.07858,,
,NİHAT DELİBALTA GÖLE MESLEK YÜKSEKOKULU,,,,,,,,,,,
101290072,  Eczane Hizmetleri,2,TYT,30,1,,1,,897376,296.21912,,
101250173,  Laborant ve Veteriner Sağlık,2,TYT,35,1,,1,,1402083,259.60611,,
101290078,  Posta Hizmetleri,2,TYT,18,1,,1,,1777010,234.01483,,
101290080,  Sivil Savunma ve İtfaiyecilik,2,TYT,55,2,,,9,1154480,276.81466,,
101200101,  Süt ve Besi Hayvancılığı,2,TYT,30,1,,1,,...,----,,
,POSOF MESLEK YÜKSEKOKULU,,,,,,,,,,,
101250234,  Evde Hasta Bakımı,2,TYT,35,1,,1,,870405,298.41301,,
101250252,  İlk ve Acil Yardım,2,TYT,27,1,,1,,528589,331.99568,,
101290303,  Mahkeme Büro Hizmetleri,2,TYT,35,1,,1,,1349495,263.19302,,
,SAĞLIK HİZMETLERİ MESLEK YÜKSEKOKULU,,,,,,,,,,,
101290170,  Çocuk Gelişimi,2,TYT,32,1,,1,,1160172,276.40590,,
101290177,  Tıbbi Dokümantasyon ve Sekreterlik,2,TYT,30,1,,1,,677615,315.67252,,
101290184,  Tıbbi Görüntüleme Teknikleri,2,TYT,39,1,,1,,531996,331.58843,,
101290191,  Tıbbi Laboratuvar Teknikleri,2,TYT,34,1,,1,,629011,320.65627,,
101290198,  Yaşlı Bakımı,2,TYT,60,2,,2,,1015558,286.99312,,
,SOSYAL BİLİMLER MESLEK YÜKSEKOKULU,,,,,,,,,,,
101290205,  Büro Yönetimi ve Yönetici Asistanlığı,2,TYT,25,1,,1,,1345454,263.47142,,
101290212,  Sahne Işık ve Ses Teknolojileri,2,TYT,25,1,,1,,1727965,237.38284,,
,TEKNİK BİLİMLER MESLEK YÜKSEKOKULU,,,,,,,,,,,
101200108,  Arıcılık,2,TYT,30,1,,1,,...,----,,
101290226,  Aşçılık,2,TYT,30,1,,1,,1343075,263.63854,,
101290233,  Bilgisayar Programcılığı,2,TYT,35,1,,1,,1468069,255.09498,,
101290240,  Elektrik,2,TYT,35,1,,1,,1476587,254.52047,,
101290310,  Gıda Kalite Kontrolü ve Analizi,2,TYT,15,1,,1,,1682127,240.51027,,
101290247,  İnşaat Teknolojisi,2,TYT,30,1,,1,,1709880,238.61923,,
101290261,  Optisyenlik,2,TYT,35,1,,1,,1078768,282.27709,,
101290268,  Saç Bakımı ve Güzellik Hizmetleri,2,TYT,30,1,,1,,1254115,269.80093,,
101290275,  Sağlık Bilgi Sistemleri Teknikerliği,2,TYT,35,1,,1,,1281183,267.92009,,
,ARTVİN ÇORUH ÜNİVERSİTESİ (Devlet Üniversitesi),,,,,,,,,,,
,ARHAVİ MESLEK YÜKSEKOKULU,,,,,,,,,,,
101350154,  Büro Yönetimi ve Yönetici Asistanlığı,2,TYT,35,1,,1,,1439900,257.00732,,
101350136,  Dış Ticaret,2,TYT,35,1,,1,,1616950,244.94747,,
101350287,  Turizm ve Otel İşletmeciliği,2,TYT,30,1,,1,,1514106,251.96072,,
,ARTVİN MESLEK YÜKSEKOKULU,,,,,,,,,,,
101370272,  Acil Durum ve Afet Yönetimi,2,TYT,43,2,,2,,944709,292.44506,,
101370273,  Aşçılık,2,TYT,45,2,,2,,1086802,281.69415,,
101350251,  Avcılık ve Yaban Hayatı,2,TYT,35,1,,1,,1250373,270.06280,,
101350427,  Bankacılık ve Sigortacılık,2,TYT,30,1,,1,,1308901,266.00374,,
101350118,  Bilgisayar Programcılığı,2,TYT,45,2,,2,,1126365,278.83283,,
101350145,  Büro Yönetimi ve Yönetici Asistanlığı,2,TYT,45,2,,2,,1303431,266.38241,,
101370268,  Engelli Bakımı ve Rehabilitasyon (Ardanuç),2,TYT,45,2,,2,,1190625,274.22301,,
101350109,  Harita ve Kadastro,2,TYT,25,1,,1,,1366848,262.00252,,
101350409,  İç Mekan Tasarımı,2,TYT,45,2,,2,,1600879,246.04313,,
101370266,  Laboratuvar Teknolojisi,2,TYT,35,1,,1,,999466,288.20785,,
101370349,  Mahkeme Büro Hizmetleri,2,TYT,35,1,,1,,1032099,285.74523,,
101350206,  Makine,2,TYT,45,2,,2,,1488030,253.74317,,
101350057,  Muhasebe ve Vergi Uygulamaları,2,TYT,27,1,,1,,1522530,251.37769,,
101350075,  Ormancılık ve Orman Ürünleri,2,TYT,20,1,,1,,879891,297.63892,,
101350278,  Özel Güvenlik ve Koruma,2,TYT,35,1,,1,2,1362082,262.32617,,
101350418,  Sivil Savunma ve İtfaiyecilik,2,TYT,65,2,,,9,1008117,287.55428,,
101300101,  Sivil Savunma ve İtfaiyecilik (KKTC Uyruklu),2,TYT,1,,,,"5, 9",...,----,,
101370257,  Tapu ve Kadastro (Ardanuç),2,TYT,25,1,,1,,1374137,261.51033,,
,BORÇKA ACARLAR MESLEK YÜKSEKOKULU,,,,,,,,,,,
101370278,  Çocuk Gelişimi,2,TYT,32,1,,1,,1146621,277.37753,,
101350312,"  Elektrik Enerjisi Üretim, İletim ve Dağıtımı",2,TYT,35,1,,1,,1486223,253.86379,,
101350445,  İnşaat Teknolojisi,2,TYT,35,1,,1,,1676740,240.87405,,
101370279,  Kontrol ve Otomasyon Teknolojisi,2,TYT,45,2,,2,,1637159,243.57751,,
101350506,  Mekatronik,2,TYT,35,1,,1,,1516659,251.78390,,
101350366,  Sosyal Hizmetler,2,TYT,35,1,,1,,1276020,268.27759,,
101350375,  Yapı Denetimi,2,TYT,18,1,,1,,1679158,240.71095,,
101300108,  Yeşil ve Ekolojik Bina Teknikerliği,2,TYT,30,1,,1,,...,----,,
,HOPA MESLEK YÜKSEKOKULU,,,,,,,,,,,
101350233,  Bankacılık ve Sigortacılık,2,TYT,30,1,,1,,1439418,257.04091,,
101350321,  Deniz ve Liman İşletmeciliği,2,TYT,35,1,,1,,1256875,269.60621,,
101350339,  İnsan Kaynakları Yönetimi,2,TYT,23,1,,1,,1494960,253.27354,,
101350199,  Lojistik,2,TYT,45,2,,2,,1583521,247.22754,,
,SAĞLIK HİZMETLERİ MESLEK YÜKSEKOKULU,,,,,,,,,,,
101370250,  Ağız ve Diş Sağlığı,2,TYT,45,2,,2,,506680,334.71794,,
101300115,  Çevre Sağlığı ve Çevresel Risk Yönetimi Teknikerliği,2,TYT,30,1,,1,,...,----,,
101350296,  Çocuk Gelişimi,2,TYT,32,1,,1,,990719,288.87470,,
101350384,  Eczane Hizmetleri,2,TYT,30,1,,1,,692319,314.22524,,
101370269,  Fizyoterapi,2,TYT,41,2,,2,,678250,315.61002,,
101350269,  İlk ve Acil Yardım,2,TYT,41,2,,2,,451391,342.10303,,
101370274,  İş ve Uğraşı Terapisi,2,TYT,50,2,,2,,1005647,287.74109,,
101350472,  Optisyenlik,2,TYT,35,1,,1,,847473,300.32146,,
101370252,  Tıbbi Dokümantasyon ve Sekreterlik,2,TYT,30,1,,1,,587916,325.09005,,
101370251,  Tıbbi Laboratuvar Teknikleri,2,TYT,43,2,,2,,567197,327.42560,,
101350393,  Yaşlı Bakımı,2,TYT,55,2,,2,,957489,291.44267,,
,ŞAVŞAT MESLEK YÜKSEKOKULU,,,,,,,,,,,
101370384,  Dijital Sağlık Sistemleri Teknikerliği,2,TYT,35,1,,1,,757483,308.15662,,
101370254,  Sosyal Güvenlik,2,TYT,36,1,,1,,1664055,241.73971,,
101370391,  Tıbbi ve Aromatik Bitkiler,2,TYT,35,1,,1,,1908562,224.74685,,
101350463,  Yaşlı Bakımı,2,TYT,45,2,,2,,1050584,284.37942,,
,YUSUFELİ MESLEK YÜKSEKOKULU,,,,,,,,,,,
101370321,  Bitki Koruma,2,TYT,20,1,,1,,1794139,232.83675,,
101370328,  Evde Hasta Bakımı,2,TYT,35,1,,1,,829599,301.83315,,
,ATATÜRK ÜNİVERSİTESİ (ERZURUM) (Devlet Üniversitesi),,,,,,,,,,,YÖKAK
,AÇIK VE UZAKTAN ÖĞRETİM FAKÜLTESİ,,,,,,,,,,,
101490698,  Acil Durum ve Afet Yönetimi (Açıköğretim),2,TYT,600,15,,,13,996279,288.45127,,
101490649,  Bankacılık ve Sigortacılık (Açıköğretim),2,TYT,150,4,,,13,954805,291.65086,,
101490817,  Bilgisayar Programcılığı (Açıköğretim),2,TYT,3500,88,,,13,1254816,269.74842,,
101490677,  Büro Yönetimi ve Yönetici Asistanlığı (Açıköğretim),2,TYT,250,7,,,13,737470,309.96998,,
101490670,  Çağrı Merkezi Hizmetleri (Açıköğretim),2,TYT,300,8,,,13,1034714,285.55476,,
101490719,  Dış Ticaret (Açıköğretim),2,TYT,250,7,,,13,1059975,283.67117,,
101490803,  Emlak Yönetimi (Açıköğretim),2,TYT,200,5,,,13,1274934,268.35254,,
101490852,  E-Ticaret ve Pazarlama (Açıköğretim),2,TYT,1000,25,,,13,1313055,265.70753,,
101490740,  Fotoğrafçılık ve Kameramanlık (Açıköğretim),2,TYT,600,15,,,13,1469174,255.01910,,
101490691,  Halkla İlişkiler ve Tanıtım (Açıköğretim),2,TYT,300,8,,,13,1394700,260.10579,,
101490824,  İslami İlimler (Önlisans) (Açıköğretim),2,TYT,2500,63,,,13,1601920,245.97206,,
101490761,  İşletme Yönetimi (Açıköğretim),2,TYT,300,8,,,13,996150,288.46181,,
101490775,  Lojistik (Açıköğretim),2,TYT,900,23,,,13,1223397,271.93802,,
101490831,  Muhasebe ve Vergi Uygulamaları (Açıköğretim),2,TYT,250,7,,,13,929359,293.67101,,
101490705,  Reklamcılık (Açıköğretim),2,TYT,250,7,,,13,1407897,259.20580,,
101490754,  Sağlık Kurumları İşletmeciliği (Açıköğretim),2,TYT,113,3,,,13,804997,303.93231,,
101490796,  Sivil Hava Ulaştırma İşletmeciliği (Açıköğretim),2,TYT,150,4,,,"10, 13",763190,307.63579,,
101490684,  Sosyal Hizmetler (Açıköğretim),2,TYT,80,2,,,13,964007,290.93164,,
101490768,  Tıbbi Dokümantasyon ve Sekreterlik (Açıköğretim),2,TYT,100,3,,,13,503857,335.08460,,
101490782,  Turizm ve Otel İşletmeciliği (Açıköğretim),2,TYT,250,7,,,13,1055356,284.01618,,
101490838,  Web Tasarımı ve Kodlama (Açıköğretim),2,TYT,3000,75,,,13,1608534,245.52128,,
101490726,  Yeni Medya ve Gazetecilik (Açıköğretim),2,TYT,150,4,,,13,1155749,276.72372,,
,AŞKALE MESLEK YÜKSEKOKULU,,,,,,,,,,,
101490294,  Çocuk Gelişimi,2,TYT,36,1,,,,1082915,281.97601,,
101490488,  Elektrik,2,TYT,50,2,,,,1422259,258.22333,,
101451548,  Lojistik,2,TYT,40,1,,,,1600607,246.06104,,
101490957,  Ofis Teknolojileri ve Veri Yönetimi,2,TYT,30,1,,,,1787742,233.28008,,
101452097,  Sağlık Kurumları İşletmeciliği,2,TYT,35,1,,,,1351665,263.04288,,
101490303,  Sivil Hava Ulaştırma İşletmeciliği,2,TYT,35,1,,,10,1039685,285.18354,,
,HINIS MESLEK YÜKSEKOKULU,,,,,,,,,,,
101490304,  Çocuk Gelişimi,2,TYT,32,1,,,,1176959,275.20601,,
101490370,  Eczane Hizmetleri,2,TYT,30,1,,,,790182,305.23072,,
101450965,  Laborant ve Veteriner Sağlık,2,TYT,50,2,,,,1319813,265.23531,,
101490299,  Optisyenlik,2,TYT,40,1,,,,951142,291.92882,,
101490371,  Tıbbi Laboratuvar Teknikleri,2,TYT,26,1,,,,609189,322.77583,,
,HORASAN MESLEK YÜKSEKOKULU,,,,,,,,,,,
101451839,  Bilgisayar Programcılığı,2,TYT,35,1,,,,1524745,251.22196,,
101451812,  Laborant ve Veteriner Sağlık,2,TYT,40,1,,,,1212163,272.71818,,
101451848,  Özel Güvenlik ve Koruma,2,TYT,40,1,,,2,1365382,262.09994,,
101451909,  Posta Hizmetleri,2,TYT,45,2,,,,1778879,233.88450,,
101451918,  Raylı Sistemler Yol Teknolojisi,2,TYT,35,1,,,6,1458328,255.75238,,
101451821,  Sivil Savunma ve İtfaiyecilik,2,TYT,50,2,,,9,1086229,281.73588,,
,İSPİR HAMZA POLAT MESLEK YÜKSEKOKULU,,,,,,,,,,,
101451169,  Bankacılık ve Sigortacılık,2,TYT,30,1,,,,1580288,247.44244,,
101490374,  Biyomedikal Cihaz Teknolojisi,2,TYT,30,1,,,,1277335,268.18949,,
101490372,  Elektrik,2,TYT,50,2,,,,1515437,251.87071,,
101451672,  Ormancılık ve Orman Ürünleri,2,TYT,30,1,,,,1035896,285.46595,,
101490375,  Sağlık Kurumları İşletmeciliği,2,TYT,35,1,,,,1502145,252.78302,,
101490964,  Yenilenebilir Enerji Teknikerliği,2,TYT,50,2,,,,1680449,240.62491,,
,NARMAN MESLEK YÜKSEKOKULU,,,,,,,,,,,
101451399,  Bankacılık ve Sigortacılık,2,TYT,25,1,,,,1607888,245.56433,,
101451072,  İnşaat Teknolojisi,2,TYT,30,1,,,,1718624,238.02274,,
101450974,  Laborant ve Veteriner Sağlık,2,TYT,70,2,,,,1366850,262.00247,,
101450674,  Tıbbi Dokümantasyon ve Sekreterlik,2,TYT,30,1,,,,679412,315.49755,,
,OLTU MESLEK YÜKSEKOKULU,,,,,,,,,,,
101450692,  Bankacılık ve Sigortacılık,2,TYT,25,1,,,,1422947,258.17857,,
101490362,  Gıda Kalite Kontrolü ve Analizi,2,TYT,30,1,,,,1685222,240.30084,,
101451496,  Grafik Tasarımı,2,TYT,40,1,,,,1642933,243.18149,,
101451706,  Halkla İlişkiler ve Tanıtım,2,TYT,40,1,,,,1650651,242.65647,,
101451081,  İnşaat Teknolojisi,2,TYT,35,1,,,,1724584,237.61620,,
101451972,  Ormancılık ve Orman Ürünleri,2,TYT,30,1,,,,980041,289.69766,,
101490391,  Tıbbi Dokümantasyon ve Sekreterlik,2,TYT,30,1,,,,650570,318.39309,,
,PASİNLER MESLEK YÜKSEKOKULU,,,,,,,,,,,
101451239,  Bankacılık ve Sigortacılık,2,TYT,25,1,,,,1507271,252.43405,,
101451221,  Bilgisayar Programcılığı,2,TYT,40,1,,,,1505280,252.56830,,
101400500,  Çağrı Merkezi Hizmetleri,2,TYT,30,1,,,,...,----,,
101451212,  Harita ve Kadastro,2,TYT,30,1,,,,1456510,255.87368,,
101451681,  İnsan Kaynakları Yönetimi,2,TYT,27,1,,,,1464551,255.33334,,
101451099,  İnşaat Teknolojisi,2,TYT,35,1,,,,1714537,238.29959,,
,SAĞLIK HİZMETLERİ MESLEK YÜKSEKOKULU,,,,,,,,,,,
101400507,  Ağız ve Diş Sağlığı,2,TYT,35,1,,,,...,----,,
101451945,  Ameliyathane Hizmetleri,2,TYT,45,2,,,,526746,332.21978,,
101450417,  Anestezi,2,TYT,50,2,,,,333306,360.89487,,
101451478,  Diş Protez Teknolojisi,2,TYT,50,2,,,,503582,335.12117,,
101450426,  Diyaliz,2,TYT,50,2,,,,558794,328.39994,,
101451954,  Eczane Hizmetleri,2,TYT,30,1,,,,583941,325.53403,,
101490530,  Elektronörofizyoloji,2,TYT,25,1,,,,576097,326.41978,,
101451963,  Engelli Bakımı ve Rehabilitasyon,2,TYT,50,2,,,,971394,290.36080,,
101451451,  Fizyoterapi,2,TYT,40,1,,,,523528,332.61091,,
101451345,  İlk ve Acil Yardım,2,TYT,41,2,,,,358671,356.44273,,
101451566,  Odyometri,2,TYT,50,2,,,,617675,321.86492,,
101451557,  Ortopedik Protez ve Ortez,2,TYT,50,2,,,,696322,313.84828,,
101450444,  Tıbbi Dokümantasyon ve Sekreterlik,2,TYT,30,1,,,,425106,345.88074,,
101451054,  Tıbbi Görüntüleme Teknikleri,2,TYT,40,1,,,,374631,353.73654,,
101451045,  Tıbbi Laboratuvar Teknikleri,2,TYT,43,2,,,,463863,340.37244,,
101451469,  Yaşlı Bakımı,2,TYT,50,2,,,,829013,301.87922,,
,SOSYAL BİLİMLER MESLEK YÜKSEKOKULU,,,,,,,,,,,
101490859,  Ceza İnfaz ve Güvenlik Hizmetleri,2,TYT,50,2,,,17,783400,305.81712,,
101450277,  Çocuk Gelişimi,2,TYT,36,1,,,,756759,308.21802,,
101451115,  Dış Ticaret,2,TYT,40,1,,,,1208781,272.95764,,
101450868,  Muhasebe ve Vergi Uygulamaları,2,TYT,27,1,,,,1007401,287.60943,,
101490922,  Ofis Teknolojileri ve Veri Yönetimi,2,TYT,35,1,,,,1195847,273.86197,,
101450356,  Sivil Hava Ulaştırma İşletmeciliği,2,TYT,35,1,,,10,762532,307.69297,,
101450365,  Turizm ve Otel İşletmeciliği,2,TYT,30,1,,,,1121196,279.20585,,
,TEKNİK BİLİMLER MESLEK YÜKSEKOKULU,,,,,,,,,,,
101490302,  Atçılık ve Antrenörlüğü,2,TYT,30,1,,,,1434851,257.36169,*,MEDEK
101450392,  Bilgisayar Programcılığı,2,TYT,60,2,,,,655976,317.84914,*,MEDEK
101450286,  Elektrik,2,TYT,50,2,,,,802464,304.15288,*,MEDEK
101490368,  Elektronik Haberleşme Teknolojisi,2,TYT,40,1,,,,1158627,276.51433,,
101451284,  Gıda Kalite Kontrolü ve Analizi,2,TYT,40,1,,,,1231757,271.35600,,
101450832,  Gıda Teknolojisi,2,TYT,35,1,,,,1135884,278.14363,*,MEDEK
101490369,  Giyim Üretim Teknolojisi,2,TYT,30,1,,,,1388841,260.50269,,
101400514,  Hayvancılık Teknolojileri ve İşletmeciliği,2,TYT,40,1,,,320,...,----,,
101451063,  İnşaat Teknolojisi,2,TYT,40,1,,,,1041866,285.02298,*,MEDEK
101450929,  Kimya Teknolojisi,2,TYT,20,1,,,,1151545,277.02132,*,MEDEK
101450311,  Makine,2,TYT,60,2,,,,1151681,277.01186,*,MEDEK
101450938,  Otomotiv Teknolojisi,2,TYT,30,1,,,,1032228,285.73469,,
101490929,  Su ve Atık Yönetimi Teknikerliği,2,TYT,30,1,,,,1358514,262.57652,,
,TORTUM MESLEK YÜKSEKOKULU,,,,,,,,,,,
101451354,  Bilgisayar Programcılığı,2,TYT,40,1,,,,1524084,251.27081,,
101451363,  Grafik Tasarımı,2,TYT,40,1,,,,1634343,243.76573,,
,AYDIN ADNAN MENDERES ÜNİVERSİTESİ (Devlet Üniversitesi),,,,,,,,,,,YÖKAK
,ATÇA MESLEK YÜKSEKOKULU,,,,,,,,,,,
100351234,  Büro Yönetimi ve Yönetici Asistanlığı,2,TYT,40,1,,1,,1108481,280.12209,,
100350827,  Halkla İlişkiler ve Tanıtım,2,TYT,70,2,,2,,1455085,255.96888,,
100351676,  Tapu ve Kadastro,2,TYT,50,2,,2,,862824,299.04278,,
,AYDIN MESLEK YÜKSEKOKULU,,,,,,,,,,,
100390220,  Basım ve Yayım Teknolojileri,2,TYT,50,2,,2,,1178309,275.10854,,
100350166,  Bilgisayar Programcılığı,2,TYT,60,2,,2,,515981,333.54563,,
100351225,  Büro Yönetimi ve Yönetici Asistanlığı,2,TYT,40,1,,1,,774973,306.57505,,
100350033,  Çocuk Gelişimi,2,TYT,27,1,,1,,658372,317.60351,,
100350933,  İnşaat Teknolojisi,2,TYT,40,1,,1,,821854,302.48604,,
100350942,  İşletme Yönetimi,2,TYT,40,1,,1,,906526,295.48847,,
100351807,  Moda Tasarımı,2,TYT,45,2,,2,,975234,290.06923,,
100350872,  Muhasebe ve Vergi Uygulamaları,2,TYT,27,1,,1,,763197,307.63540,,
100390178,  Otomotiv Teknolojisi,2,TYT,35,1,,1,,706577,312.88469,,
100390460,  Yapay Zeka Operatörlüğü,2,TYT,35,1,,1,320,535797,331.12725,,
100390467,  Yapay Zeka Operatörlüğü (KKTC Uyruklu),2,TYT,1,,,,"5, 320",,,,
,AYDIN SAĞLIK HİZMETLERİ MESLEK YÜKSEKOKULU,,,,,,,,,,,
100351322,  Anestezi,2,TYT,50,2,,2,,321324,363.11758,,
100390225,  Anestezi (KKTC Uyruklu),2,TYT,1,,,,5,1729698,237.26792,,
100351146,  Çevre Sağlığı,2,TYT,65,2,,2,,748176,308.99263,,
100351313,  Diyaliz,2,TYT,73,2,,2,,530640,331.74635,,
100351755,  Diyaliz (KKTC Uyruklu),2,TYT,1,,,,5,1663255,241.79391,,
100351288,  Fizyoterapi,2,TYT,41,2,,2,,476605,338.66367,,
100351243,  İlk ve Acil Yardım,2,TYT,41,2,,2,,336779,360.26107,,
100350193,  Tıbbi Dokümantasyon ve Sekreterlik,2,TYT,30,1,,1,,440623,343.58822,,
100351482,  Tıbbi Görüntüleme Teknikleri,2,TYT,39,1,,1,,348040,358.26548,,
100351137,  Tıbbi Laboratuvar Teknikleri,2,TYT,43,2,,2,,424125,346.02518,,MEDEK
,BOZDOĞAN MESLEK YÜKSEKOKULU,,,,,,,,,,,
100350836,  Halkla İlişkiler ve Tanıtım,2,TYT,45,2,,2,,1555879,249.10308,,
100351525,  Laborant ve Veteriner Sağlık,2,TYT,50,2,,2,,749999,308.83044,,
,BUHARKENT MESLEK YÜKSEKOKULU,,,,,,,,,,,
100351782,  Büro Yönetimi ve Yönetici Asistanlığı,2,TYT,40,1,,1,,1333736,264.28116,,
100390132,  Çağrı Merkezi Hizmetleri,2,TYT,45,2,,2,,1342777,263.65934,,
100351897,  Çocuk Gelişimi,2,TYT,27,1,,1,,920004,294.40787,,
100390299,  Polimer Teknolojisi,2,TYT,20,1,,1,,1492278,253.45667,,
100390474,  Yenilenebilir Enerji Teknikerliği,2,TYT,30,1,,1,,964397,290.90095,,
,ÇİNE MESLEK YÜKSEKOKULU,,,,,,,,,,,
100351913,  Bankacılık ve Sigortacılık,2,TYT,30,1,,1,,1189958,274.27064,,
100390481,  Dijital Tarım Teknolojileri,2,TYT,35,1,,1,,1662853,241.82134,,
100351816,  Gıda Kalite Kontrolü ve Analizi,2,TYT,45,2,,2,,1518029,251.69001,,
100350263,  Gıda Teknolojisi,2,TYT,30,1,,1,,1222747,271.98374,,
100351331,  Organik Tarım,2,TYT,35,1,,1,,1705694,238.90569,,
100300395,  Süt ve Besi Hayvancılığı,2,TYT,30,1,,1,,...,----,,
100350818,  Süt ve Ürünleri Teknolojisi,2,TYT,45,2,,2,,1736047,236.82476,,
,DİDİM MESLEK YÜKSEKOKULU,,,,,,,,,,,
100351076,  Aşçılık,2,TYT,75,2,,2,,782616,305.88659,,
100350306,  Turizm ve Otel İşletmeciliği,2,TYT,35,1,,1,,889190,296.88590,,
100351101,  Turizm ve Seyahat Hizmetleri,2,TYT,35,1,,1,,1072884,282.70904,,
,GERMENCİK YAMANTÜRK MESLEK YÜKSEKOKULU,,,,,,,,,,,
100390488,"  Elektrik Enerjisi Üretim, İletim ve Dağıtımı",2,TYT,45,2,,2,,1186094,274.54991,,
100390313,  Elektronik Teknolojisi,2,TYT,35,1,,1,,959588,291.27497,,
100390320,  Makine,2,TYT,45,2,,2,,869185,298.51640,,
100390327,  Makine Resim ve Konstrüksiyonu,2,TYT,40,1,,1,,1106141,280.28873,,
100390334,  Özel Güvenlik ve Koruma,2,TYT,40,1,,1,2,1151362,277.03382,,
,KARACASU MEMNUNE İNCİ MESLEK YÜKSEKOKULU,,,,,,,,,,,
100350333,  Dış Ticaret,2,TYT,45,2,,2,,1438014,257.13984,,
100350951,  İşletme Yönetimi,2,TYT,40,1,,1,,1481408,254.18527,,
100351261,  Mimari Dekoratif Sanatlar,2,TYT,75,2,,2,,1688609,240.06758,,
100351182,  Mimari Restorasyon,2,TYT,55,2,,2,,1436145,257.27060,,
100350881,  Muhasebe ve Vergi Uygulamaları,2,TYT,27,1,,1,,1399025,259.81346,,
100350396,  Turizm ve Otel İşletmeciliği,2,TYT,35,1,,1,,1179103,275.05212,,
,KOÇARLI MESLEK YÜKSEKOKULU,,,,,,,,,,,
100390283,  Çocuk Gelişimi,2,TYT,27,1,,1,,845429,300.49223,,
100351861,  Laboratuvar Teknolojisi,2,TYT,35,1,,1,,765622,307.40997,,
100351507,  Organik Tarım,2,TYT,40,1,,1,,1650565,242.66192,,
100390232,  Peyzaj ve Süs Bitkileri Yetiştiriciliği,2,TYT,23,1,,1,,1609803,245.43803,,
100300402,  Tarım Makineleri ve Teknolojileri,2,TYT,30,1,,1,,...,----,,
100351622,  Tıbbi ve Aromatik Bitkiler,2,TYT,30,1,,1,,1603032,245.89679,,
100390180,  Üretimde Kalite Kontrol,2,TYT,35,1,,1,,1278805,268.08570,,
,KÖŞK MESLEK YÜKSEKOKULU,,,,,,,,,,,
100351658,  Gıda Kalite Kontrolü ve Analizi,2,TYT,65,2,,2,,1465551,255.26932,,
100351825,  Gıda Teknolojisi,2,TYT,30,1,,1,,1085726,281.77140,,MEDEK
100351694,  Lojistik,2,TYT,100,3,,3,,1342558,263.67543,,
,KUŞADASI DAVUTLAR MESLEK YÜKSEKOKULU,,,,,,,,,,,
100300409,  Aşçılık,2,TYT,55,2,,2,,746769,309.12058,,TUADER
100300416,  Aşçılık (KKTC Uyruklu),2,TYT,2,,,,5,,,,
100300423,  İkram Hizmetleri,2,TYT,45,2,,2,,1422671,258.19744,,
100300430,  Turizm ve Otel İşletmeciliği,2,TYT,35,1,,1,,847125,300.35134,,
,NAZİLLİ MESLEK YÜKSEKOKULU,,,,,,,,,,,
100350863,  Bankacılık ve Sigortacılık,2,TYT,30,1,,1,,992611,288.72900,,
100350493,  Dış Ticaret,2,TYT,45,2,,2,,1103319,280.50337,,
100351191,  İşletme Yönetimi,2,TYT,40,1,,1,,1205166,273.20914,,
100351207,  Lojistik,2,TYT,65,2,,2,,1031906,285.76058,,
,NAZİLLİ SAĞLIK HİZMETLERİ MESLEK YÜKSEKOKULU,,,,,,,,,,,
100351685,  Evde Hasta Bakımı,2,TYT,75,2,,2,,734157,310.27886,,
100390141,  Evde Hasta Bakımı (KKTC Uyruklu),2,TYT,1,,,,5,,,,
100390284,  Fizyoterapi,2,TYT,41,2,,2,,566351,327.53181,,
100390362,  Podoloji,2,TYT,25,1,,1,,649085,318.54848,,
100351297,  Yaşlı Bakımı,2,TYT,65,2,,2,,841532,300.81708,,MEDEK
,SÖKE MESLEK YÜKSEKOKULU,,,,,,,,,,,
100351385,  Alternatif Enerji Kaynakları Teknolojisi,2,TYT,45,2,,2,,1120196,279.27694,,
100351394,  Bankacılık ve Sigortacılık,2,TYT,30,1,,1,,952924,291.79380,,
100351376,  Bilgisayar Destekli Tasarım ve Animasyon,2,TYT,55,2,,2,,967136,290.68645,,
100351401,  Dış Ticaret,2,TYT,45,2,,2,,1071160,282.83489,,
100390516,"  Elektrik Enerjisi Üretim, İletim ve Dağıtımı",2,TYT,55,2,,2,,1159603,276.44733,,
100351579,  Halkla İlişkiler ve Tanıtım,2,TYT,55,2,,2,,1263221,269.15911,,
100390432,  Kurumsal Bilişim Uzmanlığı,2,TYT,35,1,,1,320,1147683,277.30245,,
100351304,  Moda Tasarımı,2,TYT,45,2,,2,,1169723,275.72038,,
100350924,  Otomotiv Teknolojisi,2,TYT,35,1,,1,,880797,297.56558,,
100390439,  Robotik ve Yapay Zeka,2,TYT,55,2,,2,320,676122,315.81948,,
,SÖKE SAĞLIK HİZMETLERİ MESLEK YÜKSEKOKULU,,,,,,,,,,,
100351358,  Ameliyathane Hizmetleri,2,TYT,36,1,,1,,503527,335.12832,,
100390285,  Evde Hasta Bakımı,2,TYT,45,2,,2,,678250,315.60998,,
100351367,  İlk ve Acil Yardım,2,TYT,36,1,,1,,379847,352.86777,,
100351349,  Tıbbi Görüntüleme Teknikleri,2,TYT,39,1,,1,,402867,349.21427,,
,SULTANHİSAR MESLEK YÜKSEKOKULU,,,,,,,,,,,
100390446,  Akıllı Sera Teknolojileri,2,TYT,35,1,,1,,1696573,239.53236,,
100351879,  Bitki Koruma,2,TYT,20,1,,1,,1174843,275.35256,,
100351561,  İnsan Kaynakları Yönetimi,2,TYT,41,2,,2,,1225623,271.78352,,
100351649,  İşletme Yönetimi,2,TYT,35,1,,1,,1350096,263.15025,,
100350845,  Pazarlama,2,TYT,35,1,,1,,1392170,260.27863,,
100351085,  Saç Bakımı ve Güzellik Hizmetleri,2,TYT,75,2,,2,,954162,291.70026,,
100350633,  Tarımsal İşletmecilik,2,TYT,15,1,,1,,1632753,243.87335,,
,YENİPAZAR MESLEK YÜKSEKOKULU,,,,,,,,,,,
100350854,  Bankacılık ve Sigortacılık,2,TYT,30,1,,1,,1192470,274.09407,,
100390221,  Emlak Yönetimi,2,TYT,35,1,,1,,1494681,253.29296,,
100350906,  Muhasebe ve Vergi Uygulamaları,2,TYT,27,1,,1,,1241957,270.64571,,
,BALIKESİR ÜNİVERSİTESİ (Devlet Üniversitesi),,,,,,,,,,,YÖKAK
,ALTINOLUK MESLEK YÜKSEKOKULU,,,,,,,,,,,
101551283,  Bilgisayar Programcılığı,2,TYT,55,2,,2,,663876,317.04215,,
101550752,  Kimya Teknolojisi,2,TYT,25,1,,1,,845122,300.51718,*,MEDEK
101550716,  Tıbbi ve Aromatik Bitkiler,2,TYT,45,2,,2,,1497999,253.06589,*,MEDEK
,AYVALIK MESLEK YÜKSEKOKULU,,,,,,,,,,,
101551017,  İşletme Yönetimi,2,TYT,40,1,,1,,1118026,279.43273,,
101550885,  Mimari Restorasyon,2,TYT,45,2,,2,,985219,289.30396,,
101550204,  Pazarlama,2,TYT,35,1,,1,,1238653,270.87589,,
101550222,  Turizm ve Otel İşletmeciliği,2,TYT,35,1,,1,,967731,290.64123,,
,BALIKESİR MESLEK YÜKSEKOKULU,,,,,,,,,,,
101551274,  Bilgisayar Programcılığı,2,TYT,75,2,,2,,552942,329.09768,*,MEDEK
101551353,  Büro Yönetimi ve Yönetici Asistanlığı,2,TYT,40,1,,1,,844062,300.60426,,
101590159,  Çocuk Gelişimi,2,TYT,36,1,,1,,653808,318.06395,,
101590266,  Çocuk Gelişimi (KKTC Uyruklu),2,TYT,1,,,,5,,,,
101550037,  Elektrik,2,TYT,45,2,,2,,724901,311.13396,,
101551159,  Elektronik Haberleşme Teknolojisi,2,TYT,35,1,,1,,981156,289.61589,,
101551168,  Elektronik Teknolojisi,2,TYT,35,1,,1,,820222,302.62017,,
101590160,  Grafik Tasarımı,2,TYT,35,1,,1,,751297,308.70782,,
101551114,  İklimlendirme ve Soğutma Teknolojisi,2,TYT,35,1,,1,,1161225,276.33662,,
101551089,  İnşaat Teknolojisi,2,TYT,40,1,,1,,879356,297.68071,,
101551008,  İşletme Yönetimi,2,TYT,40,1,,1,,922028,294.25178,,
101551177,  Kontrol ve Otomasyon Teknolojisi,2,TYT,40,1,,1,,797952,304.55097,,
101590122,  Madencilik Teknolojisi,2,TYT,25,1,,1,,1150677,277.08461,,
101550116,  Makine,2,TYT,45,2,,2,,704253,313.10243,,
101550901,  Muhasebe ve Vergi Uygulamaları,2,TYT,27,1,,1,,825146,302.21056,,
101551423,  Otomotiv Teknolojisi,2,TYT,35,1,,1,,799876,304.38192,*,MEDEK
101550134,  Pazarlama,2,TYT,35,1,,1,,1146463,277.38823,*,MEDEK
101590252,  Tekstil Teknolojisi,2,TYT,30,1,,1,,1296289,266.86951,,
101550143,  Turizm ve Otel İşletmeciliği,2,TYT,35,1,,1,,966380,290.74499,,
101590287,  Yapay Zeka Operatörlüğü,2,TYT,35,1,,1,320,514316,333.75803,,
,BİGADİÇ MESLEK YÜKSEKOKULU,,,,,,,,,,,
101550894,  Bankacılık ve Sigortacılık,2,TYT,30,1,,1,,1144459,277.53671,,
101550301,  Elektrik,2,TYT,65,2,,2,,1070793,282.86197,,
101590231,  Fizyoterapi,2,TYT,32,1,,1,,558548,328.42895,,
101590103,  Harita ve Kadastro,2,TYT,25,1,,1,,1034271,285.58701,,
101551414,  Lojistik,2,TYT,65,2,,2,,1242021,270.64159,*,MEDEK
101550928,  Muhasebe ve Vergi Uygulamaları,2,TYT,27,1,,1,,1236773,271.00821,,
101550804,  Ulaştırma ve Trafik Hizmetleri,2,TYT,70,2,,2,,1577047,247.66317,,
101500311,  Ulaştırma ve Trafik Hizmetleri (KKTC Uyruklu),2,TYT,1,,,,5,...,----,,
,BURHANİYE MESLEK YÜKSEKOKULU,,,,,,,,,,,
101551035,  İşletme Yönetimi,2,TYT,40,1,,1,,1248381,270.20041,,
101590294,  Kurumsal Bilişim Uzmanlığı,2,TYT,25,1,,1,320,1076207,282.46935,,
101590301,  Kurumsal Bilişim Uzmanlığı (KKTC Uyruklu),2,TYT,1,,,,"5, 320",,,,
101550937,  Muhasebe ve Vergi Uygulamaları,2,TYT,27,1,,1,,1115584,279.60955,,
101550734,  Pazarlama,2,TYT,45,2,,2,,1415455,258.69121,,
101550355,  Turizm ve Otel İşletmeciliği,2,TYT,35,1,,1,,1102539,280.56215,,
,DURSUNBEY MESLEK YÜKSEKOKULU,,,,,,,,,,,
101551098,  İnşaat Teknolojisi,2,TYT,35,1,,1,,1311175,265.84282,,
101590238,  Kuyumculuk ve Takı Tasarımı,2,TYT,40,1,,1,,1668196,241.45875,,
101551511,  Ormancılık ve Orman Ürünleri,2,TYT,20,1,,1,,715782,311.99174,,
101590308,  Yeşil ve Ekolojik Bina Teknikerliği,2,TYT,35,1,,1,,1753054,235.66711,,
,EDREMİT MESLEK YÜKSEKOKULU,,,,,,,,,,,
101551292,  Bilgisayar Programcılığı,2,TYT,55,2,,2,,697772,313.70804,,
101590175,  Elektrik,2,TYT,45,2,,2,,875446,298.00270,,
101590161,  İnşaat Teknolojisi,2,TYT,35,1,,1,,1032004,285.75282,,
101550452,  Makine,2,TYT,45,2,,2,,895571,296.36683,,
101550461,  Mekatronik,2,TYT,45,2,,2,,755967,308.28712,,
101551105,  Zeytincilik ve Zeytin İşleme Teknolojisi,2,TYT,40,1,,1,,1655070,242.35331,,
,HAVRAN MESLEK YÜKSEKOKULU,,,,,,,,,,,
101550594,  Büro Yönetimi ve Yönetici Asistanlığı,2,TYT,40,1,,1,,1193206,274.03948,,
101500318,  E-Ticaret ve Pazarlama,2,TYT,50,2,,2,,...,----,,
101551053,  İşletme Yönetimi,2,TYT,40,1,,1,,1467704,255.12038,*,MEDEK
101550955,  Muhasebe ve Vergi Uygulamaları,2,TYT,27,1,,1,,1360502,262.43855,*,MEDEK
,İVRİNDİ SAĞLIK HİZMETLERİ MESLEK YÜKSEKOKULU,,,,,,,,,,,
101590315,  Dijital Sağlık Sistemleri Teknikerliği,2,TYT,35,1,,1,,578347,326.15759,,
101551362,  İlk ve Acil Yardım,2,TYT,36,1,,1,,382640,352.42579,*,MEDEK
101550797,  Tıbbi Dokümantasyon ve Sekreterlik,2,TYT,30,1,,1,,504395,335.01668,,
,KEPSUT MESLEK YÜKSEKOKULU,,,,,,,,,,,
101551529,  Bankacılık ve Sigortacılık,2,TYT,30,1,,1,,1212491,272.69580,,
101590102,  Laborant ve Veteriner Sağlık,2,TYT,35,1,,1,,799314,304.43287,,
101590127,  Özel Güvenlik ve Koruma,2,TYT,45,2,,2,2,1329580,264.56650,,
,SAVAŞTEPE MESLEK YÜKSEKOKULU,,,,,,,,,,,
101590224,  Emlak Yönetimi,2,TYT,25,1,,1,,1602196,245.95397,,
101590168,  Laborant ve Veteriner Sağlık,2,TYT,35,1,,1,,869628,298.47996,,
,SINDIRGI MESLEK YÜKSEKOKULU,,,,,,,,,,,
101590245,  Aşçılık,2,TYT,35,1,,1,,867789,298.63404,,
101550858,  Dış Ticaret,2,TYT,50,2,,2,,1421815,258.25380,,
101590322,  Elektrik,2,TYT,50,2,,2,,1250814,270.02865,,
101551538,  Sağlık Kurumları İşletmeciliği,2,TYT,31,1,,1,,1108638,280.11088,,
101550725,  Turizm ve Otel İşletmeciliği,2,TYT,35,1,,1,,1382020,260.97353,,
,SUSURLUK TARIM VE ORMAN MESLEK YÜKSEKOKULU,,,,,,,,,,,
101500325,  Gıda Kalite Kontrolü ve Analizi,2,TYT,30,1,,1,,1391804,260.30230,,
101500332,  Laborant ve Veteriner Sağlık,2,TYT,35,1,,1,,908551,295.32432,,
101500339,  Laboratuvar Teknolojisi,2,TYT,35,1,,1,,857667,299.46862,,
101500346,  Süt ve Ürünleri Teknolojisi,2,TYT,50,2,,2,,...,----,,
,BANDIRMA ONYEDİ EYLÜL ÜNİVERSİTESİ (BALIKESİR) (Devlet Üniversitesi),,,,,,,,,,,YÖKAK
,BANDIRMA MESLEK YÜKSEKOKULU,,,,,,,,,,,
110670139,  Bilgisayar Programcılığı,2,TYT,35,1,,1,,593355,324.48993,,
110670288,  Ceza İnfaz ve Güvenlik Hizmetleri,2,TYT,45,2,,2,17,710689,312.48980,,
110650016,  Dış Ticaret,2,TYT,35,1,,1,,889507,296.85823,,
110670330,  Dış Ticaret (KKTC Uyruklu),2,TYT,1,,,,5,,,,
110650025,  Et ve Ürünleri Teknolojisi,2,TYT,35,1,,1,,1514937,251.90404,,
110650043,  Gıda Teknolojisi,2,TYT,25,1,,1,,850796,300.05104,,
110650052,  İşletme Yönetimi,2,TYT,35,1,,1,,1018693,286.75879,,
110670204,  Medya ve İletişim,2,TYT,50,2,,2,,1034929,285.53927,,
110650061,  Muhasebe ve Vergi Uygulamaları,2,TYT,27,1,,1,,960672,291.19201,,
,DENİZCİLİK MESLEK YÜKSEKOKULU,,,,,,,,,,,
110670197,  Deniz ve Liman İşletmeciliği,2,TYT,35,1,,1,,653197,318.12569,,
110650034,  Gemi İnşaatı,2,TYT,45,2,,2,,779341,306.18248,,
110670165,  Su Altı Teknolojisi,2,TYT,35,1,,1,57,1005902,287.72337,,
,ERDEK MESLEK YÜKSEKOKULU,,,,,,,,,,,
110670164,  Sağlık Turizmi İşletmeciliği,2,TYT,32,1,,1,,1178970,275.06140,,
110650079,  Turizm ve Otel İşletmeciliği,2,TYT,35,1,,1,,1064013,283.37076,,
,GÖNEN MESLEK YÜKSEKOKULU,,,,,,,,,,,
110670179,  Bilgisayar Destekli Tasarım ve Animasyon,2,TYT,45,2,,2,,1043839,284.87681,,
110650097,  Bilgisayar Programcılığı,2,TYT,45,2,,2,,747927,309.01406,,
110670178,  Bilgisayar Programcılığı (Uzaktan Öğretim),2,TYT,200,5,,5,"7, 8",1321079,265.14530,,
110670152,  Bilişim Güvenliği Teknolojisi,2,TYT,45,2,,2,,814633,303.11330,,
110670153,  Doğalgaz ve Tesisatı Teknolojisi,2,TYT,45,2,,2,,1633595,243.81539,,
110670142,  Grafik Tasarımı,2,TYT,45,2,,2,,857104,299.51796,,
110650122,  İşletme Yönetimi,2,TYT,40,1,,1,,1362000,262.33225,,
110650131,  Muhasebe ve Vergi Uygulamaları,2,TYT,27,1,,1,,1301333,266.52389,,
110650149,  Turizm ve Otel İşletmeciliği,2,TYT,35,1,,1,,1238066,270.91595,,
110670180,  Web Tasarımı ve Kodlama,2,TYT,55,2,,2,,868455,298.57900,,
,MANYAS MESLEK YÜKSEKOKULU,,,,,,,,,,,
110670148,  Bankacılık ve Sigortacılık,2,TYT,30,1,,1,,1072977,282.70186,,MEDEK
110670163,  Özel Güvenlik ve Koruma,2,TYT,40,1,,1,2,1351693,263.04082,,
110650158,  Sağlık Kurumları İşletmeciliği,2,TYT,31,1,,1,,1063405,283.41632,,
110650167,  Sosyal Güvenlik,2,TYT,72,2,,2,,1404045,259.47311,,
,SAĞLIK HİZMETLERİ MESLEK YÜKSEKOKULU,,,,,,,,,,,
110670181,  Fizyoterapi,2,TYT,41,2,,2,,511697,334.08866,,
110670145,  Optisyenlik,2,TYT,45,2,,2,,575624,326.47399,,
110670144,  Sosyal Hizmetler,2,TYT,35,1,,1,,805964,303.84847,,
110670182,  Tıbbi Görüntüleme Teknikleri,2,TYT,39,1,,1,,370990,354.32906,,
,BARTIN ÜNİVERSİTESİ (Devlet Üniversitesi),,,,,,,,,,,YÖKAK
,BARTIN MESLEK YÜKSEKOKULU,,,,,,,,,,,
101650133,  Bilgisayar Programcılığı,2,TYT,65,2,,2,,771123,306.91920,*,MEDEK
101650266,  Deniz ve Liman İşletmeciliği (Kurucaşile),2,TYT,30,1,,1,11,1088318,281.57964,,
101650169,  Gemi İnşaatı (Kurucaşile),2,TYT,35,1,,1,,1009367,287.45957,,
101650178,  Grafik Tasarımı,2,TYT,65,2,,2,,1164308,276.12135,,
101650142,  Halkla İlişkiler ve Tanıtım,2,TYT,49,2,,2,,1425088,258.03406,*,MEDEK
101650115,  İşletme Yönetimi,2,TYT,40,1,,1,,1271710,268.57363,*,MEDEK
101690127,  Mahkeme Büro Hizmetleri,2,TYT,35,1,,1,,816560,302.94244,,
101690095,  Marina ve Yat İşletmeciliği (Kurucaşile),2,TYT,35,1,,1,11,1212932,272.66500,,
101650036,  Mobilya ve Dekorasyon,2,TYT,35,1,,1,,1602427,245.93806,,
101650081,  Muhasebe ve Vergi Uygulamaları,2,TYT,27,1,,1,,1144127,277.56113,*,MEDEK
101650327,  Organik Tarım,2,TYT,30,1,,1,,1591289,246.70298,*,MEDEK
101690105,  Peyzaj ve Süs Bitkileri Yetiştiriciliği,2,TYT,18,1,,1,,1632640,243.88128,,
101690169,  Robotik ve Yapay Zeka,2,TYT,35,1,,1,320,756170,308.27132,,
101690101,  Sosyal Güvenlik,2,TYT,36,1,,1,,1134414,278.25049,,
101650072,  Turizm ve Otel İşletmeciliği,2,TYT,35,1,,1,,1191036,274.19368,,
101650318,  Turizm ve Seyahat Hizmetleri,2,TYT,30,1,,1,,1498498,253.03322,,
101690176,  Yapay Zeka Operatörlüğü,2,TYT,35,1,,1,320,782888,305.86201,,
,BARTIN ORGANİZE SANAYİ BÖLGESİ MESLEK YÜKSEKOKULU,,,,,,,,,,,
101600101,  Elektronik Teknolojisi,2,TYT,35,1,,1,,949986,292.02435,,
,BARTIN SAĞLIK HİZMETLERİ MESLEK YÜKSEKOKULU,,,,,,,,,,,
101650293,  Çocuk Gelişimi,2,TYT,36,1,,1,,839731,300.96713,,
101690107,  Engelli Bakımı ve Rehabilitasyon,2,TYT,55,2,,2,,1071434,282.81594,*,MEDEK
101650248,  Evde Hasta Bakımı,2,TYT,55,2,,2,,724242,311.19752,*,MEDEK
101690102,  Fizyoterapi,2,TYT,41,2,,2,,597854,324.00212,,
101650309,  İlk ve Acil Yardım,2,TYT,36,1,,1,,415535,347.30007,*,MEDEK
101650275,  Optisyenlik,2,TYT,55,2,,2,,738927,309.83508,,
101690106,  Saç Bakımı ve Güzellik Hizmetleri,2,TYT,40,1,,1,,1021480,286.54859,,
101690183,  Tele-Sağlık Teknikerliği,2,TYT,35,1,,1,,510708,334.21188,,
101650284,  Tıbbi Dokümantasyon ve Sekreterlik,2,TYT,30,1,,1,,530772,331.72892,,
101650257,  Tıbbi Tanıtım ve Pazarlama,2,TYT,54,2,,2,,1270051,268.68704,,
101650221,  Yaşlı Bakımı,2,TYT,65,2,,2,,908836,295.30195,,
,ULUS MESLEK YÜKSEKOKULU,,,,,,,,,,,
101690190,  Akıllı Altyapılar Teknikerliği,2,TYT,35,1,,1,,1542152,250.03529,,
101650345,  Büro Yönetimi ve Yönetici Asistanlığı,2,TYT,45,2,,2,,1199873,273.57746,,
101650354,  Giyim Üretim Teknolojisi,2,TYT,20,1,,1,,1752082,235.73510,,
101650363,  Ormancılık ve Orman Ürünleri,2,TYT,20,1,,1,,829431,301.84602,,
101690104,  Tapu ve Kadastro,2,TYT,25,1,,1,,1034701,285.55551,,
,BATMAN ÜNİVERSİTESİ (Devlet Üniversitesi),,,,,,,,,,,
,BEŞİRİ ORGANİZE SANAYİ BÖLGESİ MESLEK YÜKSEKOKULU,,,,,,,,,,,
101790142,  Alternatif Enerji Kaynakları Teknolojisi,2,TYT,25,1,,1,,1439094,257.06535,,
101790191,  Kaynak Teknolojisi,2,TYT,25,1,,1,,1556915,249.03054,,
101790149,  Makine,2,TYT,30,1,,1,,1358985,262.54458,,
101790240,  Mekatronik,2,TYT,25,1,,1,,1069994,282.92537,,
101700101,  Tekstil Teknolojisi,2,TYT,20,1,,1,,...,----,,
,HASANKEYF MESLEK YÜKSEKOKULU,,,,,,,,,,,
101790102,  Aşçılık,2,TYT,45,2,,2,,1148407,277.24933,,TUADER
101790198,  Pastacılık ve Ekmekçilik,2,TYT,35,1,,1,,1433695,257.44147,,
,KOZLUK MESLEK YÜKSEKOKULU,,,,,,,,,,,
101750308,  Çocuk Gelişimi,2,TYT,27,1,,1,,1128639,278.67038,,
101790106,  Muhasebe ve Vergi Uygulamaları,2,TYT,27,1,,1,,1474341,254.66888,,
101750362,  Yapı Denetimi,2,TYT,25,1,,1,,1595550,246.40649,,
,SAĞLIK HİZMETLERİ MESLEK YÜKSEKOKULU,,,,,,,,,,,
101750344,  Fizyoterapi,2,TYT,41,2,,2,,596278,324.17432,,
101750335,  İlk ve Acil Yardım,2,TYT,36,1,,1,,354628,357.12627,,
101750389,  Optisyenlik,2,TYT,55,2,,2,,734117,310.28194,,
101750168,  Sağlık Kurumları İşletmeciliği,2,TYT,28,1,,1,,899446,296.05276,,
101750053,  Tıbbi Dokümantasyon ve Sekreterlik,2,TYT,30,1,,1,,503337,335.15256,,
101750247,  Tıbbi Laboratuvar Teknikleri,2,TYT,43,2,,2,,482420,337.88427,,
101750353,  Yaşlı Bakımı,2,TYT,75,2,,2,,767935,307.20320,,
,SASON MESLEK YÜKSEKOKULU,,,,,,,,,,,
101790121,  Çocuk Gelişimi,2,TYT,27,1,,1,,1159242,276.47430,,
101790112,  Eser Koruma,2,TYT,35,1,,1,,1703217,239.07627,,
101790101,  Organik Tarım,2,TYT,35,1,,1,,1678200,240.77458,,
101790104,  Tıbbi ve Aromatik Bitkiler,2,TYT,35,1,,1,,1715395,238.24130,,
,SOSYAL BİLİMLER MESLEK YÜKSEKOKULU,,,,,,,,,,,
101750141,  Bankacılık ve Sigortacılık,2,TYT,30,1,,1,,1066664,283.17079,,
101790109,  Büro Yönetimi ve Yönetici Asistanlığı,2,TYT,40,1,,1,,900044,296.00191,,
101750398,  Çocuk Gelişimi,2,TYT,27,1,,1,,799240,304.43893,,
101790110,  Halkla İlişkiler ve Tanıtım,2,TYT,45,2,,2,,1374369,261.49271,,
101750274,  Muhasebe ve Vergi Uygulamaları,2,TYT,27,1,,1,,1092638,281.26816,,
101790098,  Özel Güvenlik ve Koruma,2,TYT,35,1,,1,2,986794,289.18283,,
101700108,  Sivil Savunma ve İtfaiyecilik,2,TYT,30,1,,,9,...,----,,
,TEKNİK BİLİMLER MESLEK YÜKSEKOKULU,,,,,,,,,,,
101790107,  Bilgisayar Teknolojisi,2,TYT,40,1,,1,320,973327,290.21610,,
101750017,  Elektrik,2,TYT,55,2,,2,,713140,312.24794,,
101750229,  Elektronik Haberleşme Teknolojisi,2,TYT,40,1,,1,,1262201,269.22859,,
101750238,  Elektronik Teknolojisi,2,TYT,45,2,,2,,1055616,283.99721,,
101750283,  Geleneksel El Sanatları,2,TYT,50,2,,2,,1583920,247.20166,,
101750265,  Gıda Teknolojisi,2,TYT,30,1,,1,,1273518,268.45146,,
101750326,  Giyim Üretim Teknolojisi,2,TYT,25,1,,1,,1551266,249.41385,,
101750371,  İç Mekan Tasarımı,2,TYT,45,2,,2,,1297166,266.81149,,
101750256,  İnşaat Teknolojisi,2,TYT,40,1,,1,,1147870,277.28855,,
101750292,  Kimya Teknolojisi,2,TYT,30,1,,1,,...,----,,
101750317,  Kuyumculuk ve Takı Tasarımı,2,TYT,35,1,,1,,1492941,253.41172,,
101790156,  Laborant ve Veteriner Sağlık,2,TYT,35,1,,1,,846188,300.42871,,
101750071,  Makine,2,TYT,50,2,,2,,1040712,285.10851,,
101750195,  Otomotiv Teknolojisi,2,TYT,35,1,,1,,1253266,269.85846,,
101750186,  Rafineri ve Petro-Kimya Teknolojisi,2,TYT,25,1,,1,,738447,309.88299,,
101750177,  Sondaj Teknolojisi,2,TYT,45,2,,2,,1070623,282.87471,,
,BAYBURT ÜNİVERSİTESİ (Devlet Üniversitesi),,,,,,,,,,,YÖKAK
,AYDINTEPE MESLEK YÜKSEKOKULU,,,,,,,,,,,
101850273,  Çocuk Gelişimi,2,TYT,27,1,,1,,1243848,270.51683,,
101890066,  Çocuk Koruma ve Bakım Hizmetleri,2,TYT,45,2,,2,,1385898,260.70829,,
101850194,  Gıda Teknolojisi,2,TYT,30,1,,1,,1703865,239.02995,,
101850282,  Harita ve Kadastro,2,TYT,25,1,,1,,1574984,247.79968,,
101850255,  İnşaat Teknolojisi,2,TYT,35,1,,1,,1672948,241.12825,,
,DEMİRÖZÜ MESLEK YÜKSEKOKULU,,,,,,,,,,,
101890308,  Atçılık ve Antrenörlüğü,2,TYT,30,1,,1,,1820720,230.99013,,
101890045,  İş Makineleri Operatörlüğü,2,TYT,35,1,,1,,1602693,245.92017,,
101850201,  Laborant ve Veteriner Sağlık,2,TYT,35,1,,1,,1359311,262.52261,*,MEDEK
101890060,  Sivil Hava Ulaştırma İşletmeciliği,2,TYT,40,1,,1,"10, 324",1160034,276.41667,*,MEDEK
101890059,  Sivil Havacılık Kabin Hizmetleri,2,TYT,35,1,,1,"10, 324",932386,293.42677,,
,SAĞLIK HİZMETLERİ MESLEK YÜKSEKOKULU,,,,,,,,,,,
101890098,  Anestezi,2,TYT,35,1,,1,,439366,343.76979,,
101890105,  Çocuk Gelişimi,2,TYT,27,1,,1,,1064444,283.34222,,
101890119,  Eczane Hizmetleri,2,TYT,30,1,,1,,733403,310.34656,,
101890133,  İlk ve Acil Yardım,2,TYT,36,1,,1,,471158,339.38488,*,MEDEK
101890147,  Optisyenlik,2,TYT,45,2,,2,,956369,291.52985,,
101890161,  Sağlık Kurumları İşletmeciliği,2,TYT,28,1,,1,,1258688,269.47845,,
101800101,  Tele-Sağlık Teknikerliği,2,TYT,20,1,,1,,...,----,,
101890168,  Tıbbi Dokümantasyon ve Sekreterlik,2,TYT,30,1,,1,,629435,320.61366,,
101890182,  Tıbbi Laboratuvar Teknikleri,2,TYT,43,2,,2,,598558,323.92216,*,MEDEK
101890196,  Yaşlı Bakımı,2,TYT,75,2,,2,,1023019,286.43161,*,MEDEK
,SOSYAL BİLİMLER MESLEK YÜKSEKOKULU,,,,,,,,,,,
101890046,  Aşçılık,2,TYT,55,2,,2,,1311798,265.79907,*,MEDEK
101850167,  Bankacılık ve Sigortacılık,2,TYT,30,1,,1,,1456235,255.89157,*,MEDEK
101850097,  Büro Yönetimi ve Yönetici Asistanlığı,2,TYT,35,1,,1,,1385232,260.75318,,
101890287,  Ceza İnfaz ve Güvenlik Hizmetleri,2,TYT,45,2,,2,17,943378,292.54913,,
101850088,  İşletme Yönetimi,2,TYT,30,1,,1,,1656829,242.23653,,
101850176,  Lojistik,2,TYT,25,1,,1,,1638394,243.49283,,
101890294,  Mahkeme Büro Hizmetleri,2,TYT,35,1,,1,,1064488,283.33870,,
101890315,  Pastacılık ve Ekmekçilik,2,TYT,35,1,,1,,1568932,248.21145,,
101890032,  Posta Hizmetleri,2,TYT,25,1,,1,,1767737,234.65095,,
101890301,  Sosyal Güvenlik,2,TYT,36,1,,1,,1543389,249.95047,,
,TEKNİK BİLİMLER MESLEK YÜKSEKOKULU,,,,,,,,,,,
101890047,  Alternatif Enerji Kaynakları Teknolojisi,2,TYT,35,1,,1,,1864273,227.93762,,
101850122,  Bilgisayar Programcılığı,2,TYT,55,2,,2,,1314193,265.63035,*,MEDEK
101890051,  Biyomedikal Cihaz Teknolojisi,2,TYT,35,1,,1,,1248768,270.17404,,
101890322,  Dijital Sağlık Sistemleri Teknikerliği,2,TYT,45,2,,2,,735020,310.19443,,
101890329,  Elektrikli Cihaz Teknolojisi,2,TYT,45,2,,2,,1703031,239.08834,*,MEDEK
101890048,  Fotoğrafçılık ve Kameramanlık,2,TYT,35,1,,1,,1753773,235.61863,,
101850291,  Grafik Tasarımı,2,TYT,25,1,,1,,1685270,240.29828,,
101890049,  Mekatronik,2,TYT,35,1,,1,,1496499,253.16708,,
101890052,  Özel Güvenlik ve Koruma,2,TYT,45,2,,2,2,1429433,257.73052,,
101800108,  Sivil Savunma ve İtfaiyecilik,2,TYT,40,1,,,9,...,----,,
,BİLECİK ŞEYH EDEBALİ ÜNİVERSİTESİ (Devlet Üniversitesi),,,,,,,,,,,YÖKAK
,BOZÜYÜK MESLEK YÜKSEKOKULU,,,,,,,,,,,
101950121,  Bankacılık ve Sigortacılık,2,TYT,30,1,,1,,1192468,274.09420,,
101950387,  Dış Ticaret,2,TYT,45,2,,2,,1461533,255.54153,,
101950396,  Grafik Tasarımı,2,TYT,65,2,,2,,1167575,275.87953,,
101950457,  Muhasebe ve Vergi Uygulamaları,2,TYT,27,1,,1,,1323689,264.96565,,
101990025,  Reklamcılık,2,TYT,27,1,,1,,1472537,254.79194,,
,GÖLPAZARI MESLEK YÜKSEKOKULU,,,,,,,,,,,
101990026,  Bankacılık ve Sigortacılık,2,TYT,30,1,,1,,1509489,252.27992,,
101950687,  Büro Yönetimi ve Yönetici Asistanlığı,2,TYT,45,2,,2,,1423752,258.12488,,
101950827,  Halkla İlişkiler ve Tanıtım,2,TYT,40,1,,1,,...,----,,
101990027,  Reklamcılık,2,TYT,40,1,,1,,...,----,,
101990028,  Sosyal Hizmetler,2,TYT,45,2,,2,,1229932,271.48225,,
,MESLEK YÜKSEKOKULU,,,,,,,,,,,
101990120,  Aşçılık,2,TYT,55,2,,2,,1045625,284.74420,,
101950563,  Bilgisayar Programcılığı,2,TYT,65,2,,2,,781148,306.01917,,
101990053,  Biyomedikal Cihaz Teknolojisi,2,TYT,35,1,,1,,953935,291.71791,,
101990071,  Çevre Koruma ve Kontrol,2,TYT,35,1,,1,,1464183,255.35802,,
101950033,  Elektrik,2,TYT,45,2,,2,,984723,289.34203,,
101950712,"  Elektrik Enerjisi Üretim, İletim ve Dağıtımı",2,TYT,40,1,,1,,1317792,265.37789,,
101950536,  Elektronik Haberleşme Teknolojisi,2,TYT,40,1,,1,,1365909,262.06627,,
101950545,  Elektronik Teknolojisi,2,TYT,40,1,,1,,1161273,276.33283,,
101990054,  Gıda Kalite Kontrolü ve Analizi,2,TYT,20,1,,1,,1359607,262.49997,,
101950078,  Gıda Teknolojisi,2,TYT,30,1,,1,,1166110,275.98638,,
101990030,  Hibrid ve Elektrikli Taşıtlar Teknolojisi,2,TYT,50,2,,2,,753592,308.50192,,
101990127,  Hibrid ve Elektrikli Taşıtlar Teknolojisi (KKTC Uyruklu),2,TYT,1,,,,5,,,,
101990023,  İç Mekan Tasarımı,2,TYT,41,2,,2,,1268640,268.78488,,
101950615,  İnşaat Teknolojisi,2,TYT,45,2,,2,,1212986,272.66130,,
101950518,  Kimya Teknolojisi,2,TYT,25,1,,1,,1012126,287.24861,,
101950554,  Kontrol ve Otomasyon Teknolojisi,2,TYT,35,1,,1,,1094517,281.13126,,
101950103,  Makine,2,TYT,45,2,,2,,1009437,287.45487,,
101990029,  Mekatronik,2,TYT,45,2,,2,,955086,291.62899,,
101990041,  Metalurji,2,TYT,20,1,,1,,1557599,248.98481,,
101950633,  Otomotiv Teknolojisi,2,TYT,35,1,,1,,1062920,283.45180,,
101990039,  Peyzaj ve Süs Bitkileri Yetiştiriciliği,2,TYT,18,1,,1,,1676656,240.87954,,
101950678,  Üretimde Kalite Kontrol,2,TYT,40,1,,1,,1432832,257.49874,,
,OSMANELİ MESLEK YÜKSEKOKULU,,,,,,,,,,,
101950209,  Dış Ticaret,2,TYT,35,1,,1,,1589841,246.79962,,
101950218,  Elektrik,2,TYT,45,2,,2,,1254203,269.79472,,
101990064,  Evde Hasta Bakımı,2,TYT,45,2,,2,,849644,300.14402,,
101950236,  Makine,2,TYT,45,2,,2,,1265552,268.99786,,
101950475,  Muhasebe ve Vergi Uygulamaları,2,TYT,27,1,,1,,1487775,253.76051,,
101950403,  Sağlık Kurumları İşletmeciliği,2,TYT,28,1,,1,,1167144,275.91066,,
101990032,  Tıbbi Dokümantasyon ve Sekreterlik,2,TYT,30,1,,1,,604097,323.31734,,
101990055,  Turizm ve Otel İşletmeciliği,2,TYT,30,1,,1,,1438424,257.11151,,
,PAZARYERİ MESLEK YÜKSEKOKULU,,,,,,,,,,,
101950757,  Bankacılık ve Sigortacılık,2,TYT,30,1,,1,,1462398,255.47937,,
101950572,  Bilgisayar Programcılığı,2,TYT,65,2,,2,,1053048,284.19317,,
101950421,  Endüstri Ürünleri Tasarımı,2,TYT,35,1,,1,,1688718,240.06013,,
101990056,  İnternet ve Ağ Teknolojileri,2,TYT,55,2,,2,,1497528,253.09867,,
101950599,  Tıbbi Tanıtım ve Pazarlama,2,TYT,36,1,,1,,1555789,249.10971,,
101990057,  Web Tasarımı ve Kodlama,2,TYT,60,2,,2,,1250552,270.04857,,
,SAĞLIK HİZMETLERİ MESLEK YÜKSEKOKULU,,,,,,,,,,,
101990078,  Ameliyathane Hizmetleri,2,TYT,36,1,,1,,557876,328.51290,,
101950845,  Çocuk Gelişimi,2,TYT,32,1,,1,,823738,302.32846,,
101990092,  Diyaliz,2,TYT,30,1,,1,,580795,325.88389,,
101990033,  Eczane Hizmetleri,2,TYT,30,1,,1,,643179,319.16655,,
101950784,  İlk ve Acil Yardım,2,TYT,32,1,,1,,415700,347.27655,,
101990034,  Optisyenlik,2,TYT,45,2,,2,,639034,319.60697,,
101990035,  Tıbbi Dokümantasyon ve Sekreterlik,2,TYT,30,1,,1,,550590,329.37266,,
101950818,  Tıbbi Laboratuvar Teknikleri,2,TYT,43,2,,2,,506414,334.74890,,
,SÖĞÜT MESLEK YÜKSEKOKULU,,,,,,,,,,,
101990024,  Aşçılık,2,TYT,45,2,,2,,1163939,276.14907,,
101990040,  Basım ve Yayım Teknolojileri,2,TYT,35,1,,1,,1703772,239.03797,,
101950581,  Bilgisayar Programcılığı,2,TYT,55,2,,2,,1092976,281.24346,,
101950696,  Büro Yönetimi ve Yönetici Asistanlığı,2,TYT,30,1,,1,,1333824,264.27313,,
101950863,  Halkla İlişkiler ve Tanıtım,2,TYT,37,1,,1,,1650655,242.65595,,
101990015,  İç Mekan Tasarımı,2,TYT,36,1,,1,,1546137,249.76065,,
101990099,  Mahkeme Büro Hizmetleri,2,TYT,35,1,,1,,941102,292.73001,,
101950854,  Moda Tasarımı,2,TYT,40,1,,1,,1498499,253.03315,,
101950836,  Sosyal Güvenlik,2,TYT,72,2,,2,,1687150,240.17138,,
,BİNGÖL ÜNİVERSİTESİ (Devlet Üniversitesi),,,,,,,,,,,YÖKAK
,BİLİŞİM TEKNOLOJİLERİ MESLEK YÜKSEKOKULU,,,,,,,,,,,
102090273,  Bilgisayar Programcılığı,2,TYT,55,2,,2,,1044727,284.81301,,
102000101,  Dijital Dönüşüm Elektroniği,2,TYT,25,1,,1,320,...,----,,
102090280,  Web Tasarımı ve Kodlama,2,TYT,60,2,,2,,1406474,259.30039,,
,BİNGÖL SOSYAL BİLİMLER MESLEK YÜKSEKOKULU,,,,,,,,,,,
102090058,  Aşçılık,2,TYT,55,2,,2,,1185723,274.57603,,
102050224,  Büro Yönetimi ve Yönetici Asistanlığı,2,TYT,40,1,,1,,1072283,282.75466,,
102050427,  Çağrı Merkezi Hizmetleri,2,TYT,45,2,,2,,1407046,259.26340,,
102090096,  E-Ticaret ve Pazarlama,2,TYT,35,1,,1,,1590774,246.73662,,
102050287,  Halkla İlişkiler ve Tanıtım,2,TYT,37,1,,1,,1592738,246.60315,,
102050181,  İşletme Yönetimi,2,TYT,30,1,,1,,1495075,253.26552,,
102050296,  Medya ve İletişim,2,TYT,30,1,,1,,1637132,243.57926,,
102050118,  Muhasebe ve Vergi Uygulamaları,2,TYT,27,1,,1,,1311528,265.81770,,
102090057,  Özel Güvenlik ve Koruma,2,TYT,45,2,,2,2,1194356,273.96322,,
102090095,  Sivil Havacılık Kabin Hizmetleri,2,TYT,45,2,,2,10,874579,298.07249,,
102090076,  Sosyal Güvenlik,2,TYT,45,2,,2,,1395584,260.04487,,
102090062,  Turist Rehberliği,2,TYT,25,1,,1,,1339863,263.86129,,
102090126,  Turizm ve Otel İşletmeciliği,2,TYT,25,1,,1,,1482756,254.09321,,
,BİNGÖL TEKNİK BİLİMLER MESLEK YÜKSEKOKULU,,,,,,,,,,,
102050533,  Alternatif Enerji Kaynakları Teknolojisi,2,TYT,25,1,,1,,1649025,242.76824,,
102090203,  Doğalgaz ve Tesisatı Teknolojisi,2,TYT,25,1,,1,,1567127,248.33451,,
102050039,  Elektrik,2,TYT,40,1,,1,,1095271,281.08012,,
102090097,  Elektronik Haberleşme Teknolojisi,2,TYT,25,1,,1,,1526843,251.08305,,
102090287,  Giyim Üretim Teknolojisi,2,TYT,15,1,,1,,1775704,234.10357,,
102090105,  Grafik Tasarımı,2,TYT,35,1,,1,,1546590,249.72884,,
102090106,  Halıcılık ve Kilimcilik,2,TYT,25,1,,1,,1751075,235.80675,,
102050454,  Harita ve Kadastro,2,TYT,25,1,,1,,1232158,271.32852,,
102090088,  İç Mekan Tasarımı,2,TYT,27,1,,1,,1507215,252.43816,,
102050145,  İnşaat Teknolojisi,2,TYT,45,2,,2,,1423362,258.15126,,
102090077,  Makine,2,TYT,40,1,,1,,1561501,248.72594,,
102050348,  Mekatronik,2,TYT,30,1,,1,,1270413,268.66365,,
102090079,  Otomotiv Teknolojisi,2,TYT,35,1,,1,,1495829,253.21318,,
,GENÇ MESLEK YÜKSEKOKULU,,,,,,,,,,,
102090087,  Bilişim Güvenliği Teknolojisi,2,TYT,55,2,,2,,1627470,244.23509,,
102050393,  Çocuk Gelişimi,2,TYT,18,1,,1,,1174468,275.37877,,
102050384,  Elektrik,2,TYT,25,1,,1,,1416124,258.64450,,
102050542,  Ormancılık ve Orman Ürünleri,2,TYT,20,1,,1,,972425,290.28499,,
102090081,  Sağlık Bilgi Sistemleri Teknikerliği,2,TYT,35,1,,1,,1204205,273.27349,,
102050515,  Sivil Savunma ve İtfaiyecilik,2,TYT,75,2,,,9,1041985,285.01379,,
,"GIDA, TARIM VE HAYVANCILIK MESLEK YÜKSEKOKULU",,,,,,,,,,,
102050012,  Arıcılık,2,TYT,25,1,,1,,1617684,244.89598,,
102050242,  Bahçe Tarımı,2,TYT,15,1,,1,,1757682,235.34543,,
102090107,  Gıda Kalite Kontrolü ve Analizi,2,TYT,20,1,,1,,1753386,235.64457,,
102090108,  Gıda Teknolojisi,2,TYT,25,1,,1,,1634628,243.74825,,
102050251,  Laborant ve Veteriner Sağlık,2,TYT,35,1,,1,,1094217,281.15320,,
102090217,  Organik Tarım,2,TYT,25,1,,1,,1746972,236.08744,,
102090294,  Peyzaj ve Süs Bitkileri Yetiştiriciliği,2,TYT,8,1,,1,,1787082,233.32436,,
102090224,  Sulama Teknolojisi,2,TYT,25,1,,1,,1774110,234.21158,,
102090066,  Süt ve Ürünleri Teknolojisi,2,TYT,30,1,,1,,1717719,238.08421,,
102050093,  Tarla Bitkileri,2,TYT,18,1,,1,,1668291,241.45091,,
102090231,  Tıbbi ve Aromatik Bitkiler,2,TYT,25,1,,1,,1751529,235.77317,,
,SAĞLIK HİZMETLERİ MESLEK YÜKSEKOKULU,,,,,,,,,,,
102090082,  Ağız ve Diş Sağlığı,2,TYT,36,1,,1,,443002,343.26197,,
102090099,  Çevre Sağlığı,2,TYT,35,1,,1,,783082,305.84521,,
102050303,  Çocuk Gelişimi,2,TYT,27,1,,1,,941805,292.67506,,
102090083,  Çocuk Koruma ve Bakım Hizmetleri,2,TYT,35,1,,1,,1250253,270.07171,,
102090084,  Diş Protez Teknolojisi,2,TYT,35,1,,1,,560663,328.18762,,
102090098,  Diyaliz,2,TYT,39,1,,1,,621256,321.48268,,
102090067,  Eczane Hizmetleri,2,TYT,30,1,,1,,635077,320.01434,,
102090119,  Engelli Bakımı ve Rehabilitasyon,2,TYT,35,1,,1,,1012537,287.21884,,
102090133,  Evde Hasta Bakımı,2,TYT,35,1,,1,,640723,319.42615,,
102050445,  Fizyoterapi,2,TYT,41,2,,2,,662664,317.16367,,
102090064,  İlk ve Acil Yardım,2,TYT,36,1,,1,,395220,350.41074,,
102090094,  Odyometri,2,TYT,35,1,,1,,700143,313.48155,,
102050524,  Optisyenlik,2,TYT,35,1,,1,,825959,302.13952,,
102050206,  Patoloji Laboratuvar Teknikleri,2,TYT,36,1,,1,,700446,313.45296,,
102050436,  Sağlık Kurumları İşletmeciliği,2,TYT,28,1,,1,,1108054,280.15082,,
102050312,  Tıbbi Dokümantasyon ve Sekreterlik,2,TYT,30,1,,1,,563571,327.85227,,
102050199,  Tıbbi Laboratuvar Teknikleri,2,TYT,34,1,,1,,517582,333.35704,,
102050366,  Yaşlı Bakımı,2,TYT,35,1,,1,,855811,299.63185,,
,SOLHAN SAĞLIK HİZMETLERİ MESLEK YÜKSEKOKULU,,,,,,,,,,,
102050472,  Çocuk Gelişimi,2,TYT,27,1,,1,,1248264,270.20916,,
102050499,  Tıbbi Dokümantasyon ve Sekreterlik,2,TYT,30,1,,1,,680023,315.43439,,
102050506,  Tıbbi Laboratuvar Teknikleri,2,TYT,34,1,,1,,625617,321.02323,,
,BİTLİS EREN ÜNİVERSİTESİ (Devlet Üniversitesi),,,,,,,,,,,
,ADİLCEVAZ MESLEK YÜKSEKOKULU,,,,,,,,,,,
102150365,  Bilgisayar Programcılığı,2,TYT,50,2,,2,,1434715,257.37205,,
102190141,  Elektronik Haberleşme Teknolojisi,2,TYT,50,2,,2,,1666751,241.55280,,
102190113,  Muhasebe ve Vergi Uygulamaları,2,TYT,27,1,,1,,1633167,243.84477,,
102150762,  Özel Güvenlik ve Koruma,2,TYT,50,2,,2,2,1329143,264.59504,,
102190020,  Posta Hizmetleri,2,TYT,28,1,,1,,1772681,234.31117,,
,AHLAT MESLEK YÜKSEKOKULU,,,,,,,,,,,
102150841,  Bankacılık ve Sigortacılık,2,TYT,30,1,,1,,1475085,254.61743,,
102190049,  Eser Koruma,2,TYT,35,1,,1,,1784218,233.52122,,
102150753,  Mimari Dekoratif Sanatlar,2,TYT,35,1,,1,,1769106,234.55666,,
102190197,  Ofis Teknolojileri ve Veri Yönetimi,2,TYT,35,1,,1,,1807925,231.86977,,
102190039,  Seramik ve Cam Tasarımı,2,TYT,35,1,,1,,1772482,234.32385,,
,GÜROYMAK MESLEK YÜKSEKOKULU,,,,,,,,,,,
102190064,  Fotoğrafçılık ve Kameramanlık,2,TYT,35,1,,1,,1760226,235.16849,,
102190071,  Halkla İlişkiler ve Tanıtım,2,TYT,29,1,,1,,1709998,238.61111,,
,HİZAN MESLEK YÜKSEKOKULU,,,,,,,,,,,
102190106,  Arıcılık,2,TYT,30,1,,1,163,1799250,232.47647,,
102150426,  Bankacılık ve Sigortacılık,2,TYT,30,1,,1,163,1506305,252.49802,,
102150541,  Laborant ve Veteriner Sağlık,2,TYT,35,1,,1,163,1243249,270.55984,,
102150435,  Lojistik,2,TYT,35,1,,1,163,1690626,239.93019,,
102190183,  Mahkeme Büro Hizmetleri,2,TYT,35,1,,1,163,1105178,280.36044,,
102150665,  Tıbbi Tanıtım ve Pazarlama,2,TYT,36,1,,1,163,1674455,241.02774,,
,ORGANİZE SANAYİ BÖLGESİ MESLEK YÜKSEKOKULU,,,,,,,,,,,
102190169,  Elektrik,2,TYT,45,2,,2,340,1343067,263.63927,,
102190176,  Gıda Teknolojisi,2,TYT,25,1,,1,340,1725832,237.52976,,
102190204,  Kaynak Teknolojisi,2,TYT,35,1,,1,340,1832510,230.17489,,
102100101,  Tahribatsız Muayene,2,TYT,25,1,,1,340,...,----,,
,SAĞLIK HİZMETLERİ MESLEK YÜKSEKOKULU,,,,,,,,,,,
102150683,  Anestezi,2,TYT,41,2,,2,,383590,352.28062,,
102190211,  Çevre Sağlığı ve Çevresel Risk Yönetimi Teknikerliği,2,TYT,55,2,,2,,868566,298.56816,,
102150453,  Çocuk Gelişimi,2,TYT,32,1,,1,,912639,294.99012,,
102150692,  Engelli Bakımı ve Rehabilitasyon,2,TYT,65,2,,2,,1043751,284.88229,,
102150595,  İlk ve Acil Yardım,2,TYT,32,1,,1,,394119,350.58272,,
102150798,  Optisyenlik,2,TYT,45,2,,2,,886123,297.13568,,
102150514,  Patoloji Laboratuvar Teknikleri,2,TYT,54,2,,2,,711244,312.43571,,
102150771,  Sosyal Hizmetler,2,TYT,35,1,,1,,1121239,279.20274,,
102150805,  Tıbbi Görüntüleme Teknikleri,2,TYT,39,1,,1,,416903,347.09740,,
102150532,  Tıbbi Laboratuvar Teknikleri,2,TYT,43,2,,2,,544157,330.13552,,
102150638,  Yaşlı Bakımı,2,TYT,65,2,,2,,830378,301.76597,,
,SOSYAL BİLİMLER MESLEK YÜKSEKOKULU,,,,,,,,,,,
102190148,  Aşçılık,2,TYT,35,1,,1,,1211959,272.73196,,
102150647,  Çağrı Merkezi Hizmetleri,2,TYT,45,2,,2,,1410931,258.99847,,
102190035,  Muhasebe ve Vergi Uygulamaları,2,TYT,27,1,,1,,1494664,253.29394,,
102150726,  Sağlık Kurumları İşletmeciliği,2,TYT,28,1,,1,,1234408,271.17158,,
102150823,  Sosyal Güvenlik,2,TYT,45,2,,2,,1380126,261.10615,,
,TATVAN MESLEK YÜKSEKOKULU,,,,,,,,,,,
102190057,  Bilgisayar Teknolojisi,2,TYT,55,2,,2,320,1518584,251.65116,,
102190041,  Deniz ve Liman İşletmeciliği,2,TYT,35,1,,1,,1438666,257.09406,,
102150198,  Harita ve Kadastro,2,TYT,25,1,,1,,1331962,264.40080,,
102150286,  Laboratuvar Teknolojisi,2,TYT,40,1,,1,,960832,291.17829,,
102150277,  Muhasebe ve Vergi Uygulamaları,2,TYT,27,1,,1,,1507963,252.38588,,
102190044,  Sağlık Bilgi Sistemleri Teknikerliği,2,TYT,45,2,,2,,1031083,285.82228,,
102190246,  Yapı Tesisat Teknolojisi,2,TYT,40,1,,1,,1844433,229.34008,,
,TEKNİK BİLİMLER MESLEK YÜKSEKOKULU,,,,,,,,,,,
102150789,  Biyomedikal Cihaz Teknolojisi,2,TYT,35,1,,1,,1223223,271.94910,,
102150392,  İnşaat Teknolojisi,2,TYT,40,1,,1,,1564343,248.52856,,
102190045,  Makine,2,TYT,35,1,,1,,1545868,249.78099,,
102150498,  Mekatronik,2,TYT,35,1,,1,,1464731,255.32240,,
102190046,  Mimari Restorasyon,2,TYT,40,1,,1,,1641866,243.25574,,
102190050,  Otomotiv Teknolojisi,2,TYT,35,1,,1,,1589267,246.83845,,
102150708,  Sivil Savunma ve İtfaiyecilik,2,TYT,55,2,,,9,922426,294.22292,,
102190032,  Tapu ve Kadastro,2,TYT,25,1,,1,,1084589,281.85391,,
102190033,  Ulaştırma ve Trafik Hizmetleri,2,TYT,35,1,,1,,1671617,241.21863,,
102150505,  Yapı Denetimi,2,TYT,20,1,,1,,1642959,243.17948,,
,BOLU ABANT İZZET BAYSAL ÜNİVERSİTESİ (Devlet Üniversitesi),,,,,,,,,,,YÖKAK
,BOLU MESLEK YÜKSEKOKULU,,,,,,,,,,,
100150768,  Bankacılık ve Sigortacılık,2,TYT,30,1,,1,,854305,299.76122,,MEDEK
100190173,  İnsan Kaynakları Yönetimi,2,TYT,27,1,,1,,921484,294.29856,,
100150486,  İşletme Yönetimi,2,TYT,35,1,,1,,1054175,284.10909,,
100150035,  Kooperatifçilik,2,TYT,35,1,,1,,1513871,251.97806,,
100150441,  Muhasebe ve Vergi Uygulamaları,2,TYT,27,1,,1,,956461,291.52260,,
100190174,  Sağlık Kurumları İşletmeciliği,2,TYT,31,1,,1,,918058,294.56097,,
100150071,  Turizm ve Otel İşletmeciliği,2,TYT,35,1,,1,,1020061,286.65516,,
,BOLU TEKNİK BİLİMLER MESLEK YÜKSEKOKULU,,,,,,,,,,,
100150538,  Bilgisayar Programcılığı,2,TYT,65,2,,2,,584714,325.44877,,
100150811,  Elektrik,2,TYT,45,2,,2,321,862410,299.07594,,MEDEK
100150829,  Elektronik Teknolojisi,2,TYT,40,1,,1,321,942144,292.64718,,MEDEK
100190243,  Gıda Teknolojisi,2,TYT,25,1,,1,321,960974,291.16644,,
100150865,  Grafik Tasarımı,2,TYT,40,1,,1,,772477,306.79793,,
100150777,  İç Mekan Tasarımı,2,TYT,45,2,,2,,1026007,286.20096,,
100150468,  Otomotiv Teknolojisi,2,TYT,35,1,,1,,843710,300.63173,,
100190168,  Peyzaj ve Süs Bitkileri Yetiştiriciliği,2,TYT,20,1,,1,,1464334,255.34756,,
100190152,  Tekstil Teknolojisi,2,TYT,30,1,,1,321,1577265,247.64684,,
,GEREDE MESLEK YÜKSEKOKULU,,,,,,,,,,,
100150556,  Ayakkabı Tasarım ve Üretimi,2,TYT,25,1,,1,154,1719979,237.93063,,
100150195,  Bilgisayar Programcılığı,2,TYT,45,2,,2,,817435,302.86342,,
100150423,  Deri Teknolojisi,2,TYT,30,1,,1,,1581303,247.37566,,
100150495,  İşletme Yönetimi,2,TYT,40,1,,1,,1440296,256.97575,,MEDEK
100150132,  Kimya Teknolojisi,2,TYT,25,1,,1,,958109,291.39433,,
100190169,  Makine Resim ve Konstrüksiyonu,2,TYT,45,2,,2,,1315718,265.52195,,
100150786,  Moda Tasarımı,2,TYT,45,2,,2,,1334283,264.24174,,
100150459,  Muhasebe ve Vergi Uygulamaları,2,TYT,27,1,,1,,1330796,264.48116,,
100150477,  Otomotiv Teknolojisi,2,TYT,35,1,,1,,1082392,282.01194,,
100190214,  Özel Güvenlik ve Koruma,2,TYT,45,2,,2,2,1323363,264.98716,,
100150856,  Posta Hizmetleri,2,TYT,45,2,,2,,1757263,235.37609,,
100190175,  Sivil Savunma ve İtfaiyecilik,2,TYT,50,2,,,9,780284,306.10014,,
100150432,  Tekstil Teknolojisi,2,TYT,25,1,,1,,1703349,239.06653,,
,MEHMET TANRIKULU SAĞLIK HİZMETLERİ MESLEK YÜKSEKOKULU,,,,,,,,,,,
100150714,  Ağız ve Diş Sağlığı,2,TYT,36,1,,1,,414112,347.51774,,
100150874,  Çocuk Gelişimi,2,TYT,23,1,,1,,684920,314.96076,,
100190215,  İlk ve Acil Yardım,2,TYT,27,1,,1,,350006,357.90545,,
100190122,  Tıbbi Dokümantasyon ve Sekreterlik,2,TYT,25,1,,1,,461650,340.67657,,
100150723,  Tıbbi Görüntüleme Teknikleri,2,TYT,25,1,,1,,370789,354.36370,,
,MENGEN MESLEK YÜKSEKOKULU,,,,,,,,,,,
100150202,  Aşçılık,2,TYT,45,2,,2,,725045,311.12051,,MEDEK
100190250,  Pastacılık ve Ekmekçilik,2,TYT,35,1,,1,,884242,297.28851,,
,MUDURNU SÜREYYA ASTARCI MESLEK YÜKSEKOKULU,,,,,,,,,,,
100150502,  İşletme Yönetimi,2,TYT,35,1,,1,,1519103,251.61604,,
100150511,  Kümes Hayvanları Yetiştiriciliği,2,TYT,25,1,,1,,1614467,245.11734,,
100190150,  Laborant ve Veteriner Sağlık,2,TYT,35,1,,1,,796255,304.69855,,
100150689,  Mimari Restorasyon,2,TYT,35,1,,1,,1339713,263.87049,,
100150705,  Ormancılık ve Orman Ürünleri,2,TYT,20,1,,1,,711713,312.39029,,
100150592,  Turizm ve Otel İşletmeciliği,2,TYT,30,1,,1,,1303115,266.40471,,
,SEBEN İZZET BAYSAL MESLEK YÜKSEKOKULU,,,,,,,,,,,
100190299,  Akıllı Sera Teknolojileri,2,TYT,35,1,,1,,1798447,232.53295,,
100190257,  Bitki Koruma,2,TYT,20,1,,1,,1673604,241.08735,,
100150847,  Sosyal Güvenlik,2,TYT,54,2,,2,,1386181,260.68779,,
100150838,  Sosyal Hizmetler,2,TYT,35,1,,1,,1024114,286.34573,,
,YENİÇAĞA YAŞAR ÇELİK MESLEK YÜKSEKOKULU,,,,,,,,,,,
100150644,  Dış Ticaret,2,TYT,40,1,,1,,1300787,266.56030,,
100150635,  Gıda Kalite Kontrolü ve Analizi,2,TYT,25,1,,1,,1392409,260.26415,,
100150608,  İnşaat Teknolojisi,2,TYT,40,1,,1,,1160820,276.36241,,
100150617,  Lojistik,2,TYT,55,2,,2,,1292834,267.10172,,MEDEK
,BURDUR MEHMET AKİF ERSOY ÜNİVERSİTESİ (Devlet Üniversitesi),,,,,,,,,,,YÖKAK
,AĞLASUN MESLEK YÜKSEKOKULU,,,,,,,,,,,
107350366,  Bankacılık ve Sigortacılık,2,TYT,30,1,,1,,1355090,262.80493,*,MEDEK
107350587,  Bilgisayar Programcılığı,2,TYT,65,2,,2,,1208946,272.94617,,
107390126,  Bilişim Güvenliği Teknolojisi,2,TYT,55,2,,2,,1331594,264.42620,,
107390231,  Büro Yönetimi ve Yönetici Asistanlığı,2,TYT,40,1,,1,,1435618,257.30769,,
107390280,  Mahkeme Büro Hizmetleri,2,TYT,35,1,,1,,898133,296.15707,,
107351107,  Posta Hizmetleri,2,TYT,35,1,,1,,1743183,236.34676,,
107390287,  Turizm ve Seyahat Hizmetleri,2,TYT,30,1,,1,,1516493,251.79438,,
,ALTINYAYLA MEHMET TUĞRUL GÜVENLİK HİZMETLERİ MESLEK YÜKSEKOKULU,,,,,,,,,,,
107390189,  Acil Durum ve Afet Yönetimi,2,TYT,43,2,,2,,931491,293.50105,,
107390196,  Sivil Savunma ve İtfaiyecilik,2,TYT,45,2,,,9,809979,303.50967,,
,BUCAK EMİN GÜLMEZ TEKNİK BİLİMLER MESLEK YÜKSEKOKULU,,,,,,,,,,,
107300143,  Arka-Yüz Yazılım Geliştirme,2,TYT,25,1,,1,320,...,----,,
107390135,  Bilgisayar Destekli Tasarım ve Animasyon,2,TYT,60,2,,2,,1331547,264.42939,,
107350896,  Biyomedikal Cihaz Teknolojisi,2,TYT,35,1,,1,,1020592,286.61583,,
107390117,"  Elektrik Enerjisi Üretim, İletim ve Dağıtımı",2,TYT,55,2,,2,,1414567,258.75366,,
107350842,  Grafik Tasarımı,2,TYT,65,2,,2,,1376750,261.32963,,
107350887,  Moda Tasarımı,2,TYT,35,1,,1,,1501844,252.80300,,
107390343,  Sanal ve Artırılmış Gerçeklik,2,TYT,35,1,,1,,1642338,243.22373,,
107390238,  Web Tasarımı ve Kodlama,2,TYT,60,2,,2,,1207794,273.02628,,
107390350,  Web Tasarımı ve Kodlama (KKTC Uyruklu),2,TYT,1,,,,5,,,,
107390357,  Yapay Zeka Operatörlüğü,2,TYT,35,1,,1,320,869384,298.50052,,
107390364,  Yenilenebilir Enerji Teknikerliği,2,TYT,45,2,,2,,1332703,264.35324,,
,BUCAK HİKMET TOLUNAY ULAŞTIRMA VE LOJİSTİK MESLEK YÜKSEKOKULU,,,,,,,,,,,
107300150,  Çocuk Gelişimi,2,TYT,32,1,,1,,922763,294.19526,,
107300157,  Dış Ticaret,2,TYT,40,1,,1,,1472036,254.82488,,
107300164,  Halkla İlişkiler ve Tanıtım,2,TYT,45,2,,2,,1603649,245.85745,*,MEDEK
107300171,  İşletme Yönetimi,2,TYT,40,1,,1,,1518818,251.63574,,
107300178,  Lojistik,2,TYT,55,2,,2,,1542607,250.00509,,
107300185,  Muhasebe ve Vergi Uygulamaları,2,TYT,27,1,,1,,1323033,265.01049,,
107300192,  Sivil Hava Ulaştırma İşletmeciliği,2,TYT,40,1,,1,10,744353,309.33625,*,MEDEK
107300199,  Sivil Havacılık Kabin Hizmetleri,2,TYT,35,1,,1,10,573871,326.67252,,
,BURDUR GIDA TARIM VE HAYVANCILIK MESLEK YÜKSEKOKULU,,,,,,,,,,,
107300206,  Arıcılık,2,TYT,25,1,,1,,...,----,,
107390123,  Aşçılık,2,TYT,55,2,,2,,924939,294.02403,,
107390110,  Bahçe Tarımı,2,TYT,25,1,,1,,1631291,243.97402,,
107351125,  Bitki Koruma,2,TYT,20,1,,1,,1123410,279.04537,,
107390378,  Dijital Tarım Teknolojileri,2,TYT,35,1,,1,,1786881,233.33971,,
107351028,  Gıda Teknolojisi,2,TYT,25,1,,1,,1194286,273.96667,,
107300213,  Hayvancılık Teknolojileri ve İşletmeciliği,2,TYT,30,1,,1,320,...,----,,
107390385,  Kümes Hayvanları Yetiştiriciliği,2,TYT,35,1,,1,,1861283,228.14359,,
107351064,  Laborant ve Veteriner Sağlık,2,TYT,35,1,,1,,693461,314.12092,,MEDEK
107390152,  Süt ve Besi Hayvancılığı,2,TYT,35,1,,1,,1609138,245.48219,,
107350393,  Süt ve Ürünleri Teknolojisi,2,TYT,35,1,,1,,1736487,236.79601,,
,BURDUR SAĞLIK HİZMETLERİ MESLEK YÜKSEKOKULU,,,,,,,,,,,
107390120,  Ağız ve Diş Sağlığı,2,TYT,45,2,,2,,476441,338.68581,,
107390153,  Ameliyathane Hizmetleri,2,TYT,45,2,,2,,539324,330.70483,*,MEDEK
107390096,  Anestezi,2,TYT,50,2,,2,,389918,351.24859,,
107300220,  Dijital Sağlık Sistemleri Teknikerliği,2,TYT,30,1,,1,,...,----,,
107390084,  Fizyoterapi,2,TYT,41,2,,2,,586236,325.27938,,
107390148,  Fizyoterapi (KKTC Uyruklu),2,TYT,2,,,,5,2256502,192.64989,,
107351037,  İlk ve Acil Yardım,2,TYT,32,1,,1,,402475,349.27498,*,MEDEK
107390161,  Ortopedik Protez ve Ortez,2,TYT,35,1,,1,,656260,317.81850,,
107300227,  Sağlık Bilgi Sistemleri Teknikerliği,2,TYT,65,2,,2,,1091777,281.33003,*,MEDEK
107390392,  Tele-Sağlık Teknikerliği,2,TYT,50,2,,2,,509034,334.41839,,
107390399,  Tıbbi Veri İşleme Teknikerliği,2,TYT,35,1,,1,,554734,328.88327,,
,ÇAVDIR MESLEK YÜKSEKOKULU,,,,,,,,,,,
107350948,  Sosyal Hizmetler,2,TYT,40,1,,1,,1212973,272.66232,,
107390114,  Yaşlı Bakımı,2,TYT,55,2,,2,,1006433,287.68275,,MEDEK
,GÖLHİSAR MESLEK YÜKSEKOKULU,,,,,,,,,,,
107300234,  Akıllı Sera Teknolojileri,2,TYT,35,1,,1,,1745789,236.17037,,
107350612,  Bankacılık ve Sigortacılık,2,TYT,30,1,,1,,1305107,266.26326,,
107350578,  Bilgisayar Programcılığı,2,TYT,65,2,,2,,1108686,280.10747,*,MEDEK
107390406,  Coğrafi Bilgi Sistemleri,2,TYT,35,1,,1,,1786101,233.39359,,
107390413,  Çevresel Ölçüm ve İzleme Sistemleri Teknikerliği,2,TYT,35,1,,1,,1777952,233.94978,,
107350321,  Elektrik,2,TYT,45,2,,2,,1193570,274.01543,,
107351116,  Harita ve Kadastro,2,TYT,25,1,,1,,1133615,278.30851,,
107350966,  İnternet ve Ağ Teknolojileri,2,TYT,55,2,,2,,1540866,250.12160,,
107300241,  Karbon Yönetimi Teknikerliği,2,TYT,50,2,,2,,...,----,,
107350984,  Mimari Restorasyon,2,TYT,45,2,,2,,1620021,244.74237,*,MEDEK
107350957,  Ormancılık ve Orman Ürünleri,2,TYT,20,1,,1,,625566,321.02702,,
107351019,  Sosyal Güvenlik,2,TYT,54,2,,2,,1477016,254.49172,,
107390089,  Tapu ve Kadastro,2,TYT,30,1,,1,,992313,288.75237,,
,GÖLHİSAR SAĞLIK HİZMETLERİ MESLEK YÜKSEKOKULU,,,,,,,,,,,
107350799,  Çocuk Gelişimi,2,TYT,32,1,,1,,986371,289.21561,,
107350851,  Eczane Hizmetleri,2,TYT,30,1,,1,,721527,311.45981,,
107390420,  Evde Hasta Bakımı,2,TYT,35,1,,1,,812071,303.32541,,
107390094,  İlk ve Acil Yardım,2,TYT,36,1,,1,,459115,341.03465,*,MEDEK
107390154,  İş ve Uğraşı Terapisi,2,TYT,55,2,,2,,1016621,286.91403,,
107390115,  Optisyenlik,2,TYT,35,1,,1,,686466,314.81056,,
107350727,  Tıbbi Dokümantasyon ve Sekreterlik,2,TYT,30,1,,1,,568583,327.26906,,
,SOSYAL BİLİMLER MESLEK YÜKSEKOKULU,,,,,,,,,,,
107390127,  Basım ve Yayım Teknolojileri,2,TYT,60,2,,2,,1635260,243.70286,,
107350666,  Büro Yönetimi ve Yönetici Asistanlığı,2,TYT,40,1,,1,,1043678,284.88830,,
107350745,  Çağrı Merkezi Hizmetleri,2,TYT,55,2,,2,,1356730,262.69630,,
107350409,  Muhasebe ve Vergi Uygulamaları,2,TYT,27,1,,1,,1103444,280.49449,,
107351073,  Sağlık Kurumları İşletmeciliği,2,TYT,28,1,,1,,1043881,284.87338,*,MEDEK
107350921,  Sivil Hava Ulaştırma İşletmeciliği,2,TYT,40,1,,1,10,664677,316.96266,*,MEDEK
,TEFENNİ MESLEK YÜKSEKOKULU,,,,,,,,,,,
107351134,  İnsan Kaynakları Yönetimi,2,TYT,36,1,,1,,1585736,247.08137,,
107300248,  Kurumsal Bilişim Uzmanlığı,2,TYT,40,1,,1,320,...,----,,
107390427,  Ofis Teknolojileri ve Veri Yönetimi,2,TYT,35,1,,1,,1799726,232.44208,,
,TEKNİK BİLİMLER MESLEK YÜKSEKOKULU,,,,,,,,,,,
107390434,  Akıllı Altyapılar Teknikerliği,2,TYT,35,1,,1,,1469893,254.97047,,
107350551,  Bilgisayar Programcılığı,2,TYT,65,2,,2,,791783,305.08540,,
107390441,  Bulut Bilişim Operatörlüğü,2,TYT,35,1,,1,320,1093931,281.17307,,
107390448,  Dijital Dönüşüm Elektroniği,2,TYT,35,1,,1,320,1410351,259.03712,,
107350869,  Doğalgaz ve Tesisatı Teknolojisi,2,TYT,35,1,,1,,1557000,249.02463,,
107390455,  Elektrikli Cihaz Teknolojisi,2,TYT,55,2,,2,,1567935,248.27904,,
107390138,  Hibrid ve Elektrikli Taşıtlar Teknolojisi,2,TYT,45,2,,2,,879607,297.66110,,
107300255,  Hidrolik ve Pnömatik Teknikerliği,2,TYT,25,1,,1,,...,----,,
107350993,  İç Mekan Tasarımı,2,TYT,45,2,,2,,1268726,268.77882,,
107390462,  İmalat Yürütme Sistemleri Operatörlüğü,2,TYT,35,1,,1,320,1911821,224.50834,,
107350542,  İnşaat Teknolojisi,2,TYT,40,1,,1,,1237731,270.93898,*,MEDEK
107351055,  Kontrol ve Otomasyon Teknolojisi,2,TYT,45,2,,2,,1174626,275.36763,,
107390119,  Makine,2,TYT,45,2,,2,,1168008,275.84988,*,MEDEK
107350939,  Mekatronik,2,TYT,45,2,,2,,1084406,281.86861,,
107350445,  Otomotiv Teknolojisi,2,TYT,35,1,,1,,1071753,282.79299,,
107390469,  Otonom Sistemler Teknikerliği,2,TYT,35,1,,1,320,970845,290.40509,,
,YEŞİLOVA İSMAİL AKIN TURİZM MESLEK YÜKSEKOKULU,,,,,,,,,,,
107390203,  Aşçılık,2,TYT,45,2,,2,,1092025,281.31216,,MEDEK
107390210,  Turist Rehberliği,2,TYT,40,1,,1,,1180422,274.95579,,
107390217,  Turizm ve Otel İşletmeciliği,2,TYT,30,1,,1,,1411212,258.98116,,
,BURSA ULUDAĞ ÜNİVERSİTESİ (Devlet Üniversitesi),,,,,,,,,,,YÖKAK
,BÜYÜKORHAN MESLEK YÜKSEKOKULU,,,,,,,,,,,
109752088,  Avcılık ve Yaban Hayatı,2,TYT,45,2,,,,1257562,269.55529,,
109790464,  Çocuk Gelişimi,2,TYT,32,1,,,,827254,302.02576,,
109751796,  Ormancılık ve Orman Ürünleri,2,TYT,20,1,,,,748371,308.97356,,
,GEMLİK ASIM KOCABIYIK MESLEK YÜKSEKOKULU,,,,,,,,,,,
109751584,  Bahçe Tarımı,2,TYT,40,1,,,,1323190,264.99932,,
109751521,  Bilgisayar Programcılığı,2,TYT,60,2,,,,459246,341.01891,*,MEDEK
109750392,  Deniz ve Liman İşletmeciliği,2,TYT,35,1,,,,658006,317.63967,,
109750408,  Dış Ticaret,2,TYT,45,2,,,,781020,306.03191,,
109750417,  Gıda Teknolojisi,2,TYT,25,1,,,,835519,301.32838,,
109750426,  Harita ve Kadastro,2,TYT,25,1,,,,739319,309.80021,,
109790556,  Hibrid ve Elektrikli Taşıtlar Teknolojisi,2,TYT,35,1,,,,423812,346.07496,,
109751663,  Makine,2,TYT,55,2,,,,570285,327.06979,,
,HARMANCIK MESLEK YÜKSEKOKULU,,,,,,,,,,,
109751133,  Aşçılık,2,TYT,60,2,,,,838773,301.05713,,TUADER
109790472,  Mobilya ve Dekorasyon,2,TYT,40,1,,,,1532395,250.70051,,
109751309,  Muhasebe ve Vergi Uygulamaları,2,TYT,27,1,,,,1276231,268.26436,,
109752043,  Turizm ve Otel İşletmeciliği,2,TYT,35,1,,,,1132340,278.39810,,
,İNEGÖL MESLEK YÜKSEKOKULU,,,,,,,,,,,
109751081,  Çocuk Gelişimi,2,TYT,32,1,,,,675417,315.89076,,
109750435,  Dış Ticaret,2,TYT,45,2,,,,892411,296.62230,,
109790661,"  Elektrik Enerjisi Üretim, İletim ve Dağıtımı",2,TYT,55,2,,,,974405,290.13160,,
109790469,  İlk ve Acil Yardım,2,TYT,36,1,,,,363217,355.66517,,
109751575,  İnşaat Teknolojisi,2,TYT,40,1,,,,832311,301.60388,*,MEDEK
109751336,  İşletme Yönetimi,2,TYT,40,1,,,,998165,288.30694,,
109790668,  Makine Resim ve Konstrüksiyonu,2,TYT,55,2,,,,1083839,281.91020,,
109750471,  Mobilya ve Dekorasyon,2,TYT,55,2,,,,1179829,275.00047,,
109751257,  Muhasebe ve Vergi Uygulamaları,2,TYT,27,1,,,,844027,300.60684,,
109751072,  Pazarlama,2,TYT,35,1,,,,1062622,283.47681,,
109751196,  Tekstil Teknolojisi,2,TYT,50,2,,,,1272315,268.53111,,
,İZNİK MESLEK YÜKSEKOKULU,,,,,,,,,,,
109790471,  Çini Sanatı ve Tasarımı,2,TYT,25,1,,,,1290918,267.23910,,
109750532,  Gıda Teknolojisi,2,TYT,25,1,,,,1069324,282.97249,,
109750541,  Harita ve Kadastro,2,TYT,25,1,,,,984142,289.38787,,
109751212,  Mimari Restorasyon,2,TYT,45,2,,,,1020423,286.62787,,
109790460,  Seramik ve Cam Tasarımı,2,TYT,25,1,,,,1421189,258.29559,,
109750577,  Turist Rehberliği,2,TYT,45,2,,,,880835,297.56307,,TUADER
,KARACABEY MESLEK YÜKSEKOKULU,,,,,,,,,,,
109752176,  Bilgisayar Programcılığı,2,TYT,55,2,,,,589284,324.93656,,
109750586,  Gıda Teknolojisi,2,TYT,25,1,,,,989630,288.96180,,
109700388,  Hayvancılık Teknolojileri ve İşletmeciliği,2,TYT,35,1,,,320,1652286,242.54486,,
109751363,  İşletme Yönetimi,2,TYT,40,1,,,,1218776,272.26316,,
109751803,  Laborant ve Veteriner Sağlık,2,TYT,40,1,,,,637790,319.73523,*,MEDEK
109751266,  Muhasebe ve Vergi Uygulamaları,2,TYT,27,1,,,,1045927,284.72261,,
109751769,  Organik Tarım,2,TYT,45,2,,,,1639477,243.42121,,
109751618,  Süt ve Ürünleri Teknolojisi,2,TYT,35,1,,,,1526778,251.08734,,
,KELES MESLEK YÜKSEKOKULU,,,,,,,,,,,
109751239,  Bankacılık ve Sigortacılık,2,TYT,30,1,,,,963041,291.00162,*,MEDEK
109751539,  Bilgisayar Programcılığı,2,TYT,60,2,,,,732077,310.46715,,
109751106,  Gıda Teknolojisi,2,TYT,25,1,,,,1374977,261.45200,,
109751345,  İşletme Yönetimi,2,TYT,40,1,,,,1377627,261.27089,,
,MENNAN PASİNLİ ATÇILIK MESLEK YÜKSEKOKULU,,,,,,,,,,,
109752131,  Atçılık ve Antrenörlüğü,2,TYT,45,2,,,,941152,292.72659,*,MEDEK
,MUSTAFAKEMALPAŞA MESLEK YÜKSEKOKULU,,,,,,,,,,,
109750692,  Gıda Teknolojisi,2,TYT,25,1,,,,1101937,280.60372,,MEDEK
109751354,  İşletme Yönetimi,2,TYT,35,1,,,,1327483,264.70305,,
109751275,  Muhasebe ve Vergi Uygulamaları,2,TYT,27,1,,,,1259027,269.45365,,
109752007,  Organik Tarım,2,TYT,25,1,,,,1633300,243.83516,,
109750726,  Pazarlama,2,TYT,35,1,,,,1374898,261.45654,,
109750735,  Tohumculuk Teknolojisi,2,TYT,25,1,,,,1601069,246.03222,,
,ORHANELİ MESLEK YÜKSEKOKULU,,,,,,,,,,,
109751645,  Büro Yönetimi ve Yönetici Asistanlığı,2,TYT,45,2,,,,1029585,285.93417,,
109752219,  Çağrı Merkezi Hizmetleri,2,TYT,50,2,,,,1272568,268.51489,,
109790612,  Giyim Üretim Teknolojisi,2,TYT,15,1,,,,1366241,262.04405,,
109751284,  Muhasebe ve Vergi Uygulamaları,2,TYT,27,1,,,,1300150,266.60434,*,MEDEK
,ORHANGAZİ YENİKÖY ASİL ÇELİK MESLEK YÜKSEKOKULU,,,,,,,,,,,
109790570,  Bilgisayar Programcılığı,2,TYT,65,2,,,,644785,319.00665,,
109790577,  Elektronik Teknolojisi,2,TYT,55,2,,,,963420,290.97414,*,MEDEK
109790584,  Makine,2,TYT,55,2,,,,869322,298.50535,,
109790591,  Otomotiv Teknolojisi,2,TYT,55,2,,,,702224,313.28985,,
109790598,  Peyzaj ve Süs Bitkileri Yetiştiriciliği,2,TYT,50,2,,,,1590612,246.74701,,
,SAĞLIK HİZMETLERİ MESLEK YÜKSEKOKULU,,,,,,,,,,,
109750011,  Anestezi,2,TYT,41,2,,,,247947,378.30398,,
109751654,  İlk ve Acil Yardım,2,TYT,36,1,,,,275590,372.19611,*,MEDEK
109750038,  Tıbbi Dokümantasyon ve Sekreterlik,2,TYT,30,1,,,,355577,356.96050,,
109751557,  Tıbbi Görüntüleme Teknikleri,2,TYT,39,1,,,,296089,367.98460,,
109751548,  Tıbbi Laboratuvar Teknikleri,2,TYT,43,2,,,,339652,359.75567,,
,SOSYAL BİLİMLER MESLEK YÜKSEKOKULU,,,,,,,,,,,
109751221,  Bankacılık ve Sigortacılık,2,TYT,30,1,,,,577809,326.22070,,
109751636,  Büro Yönetimi ve Yönetici Asistanlığı,2,TYT,40,1,,,,684320,315.01745,,
109750065,  Dış Ticaret,2,TYT,45,2,,,,592273,324.60557,,
109790461,  Emlak Yönetimi,2,TYT,40,1,,,,938724,292.92283,,
109751327,  İşletme Yönetimi,2,TYT,40,1,,,,647813,318.67879,,
109752034,  Lojistik,2,TYT,55,2,,,,654117,318.03364,*,MEDEK
109751248,  Muhasebe ve Vergi Uygulamaları,2,TYT,27,1,,,,594100,324.40923,,
109751812,  Özel Güvenlik ve Koruma,2,TYT,45,2,,,2,917237,294.62339,,
109750108,  Pazarlama,2,TYT,35,1,,,,748862,308.92994,,
109750126,  Turizm ve Otel İşletmeciliği,2,TYT,35,1,,,,732876,310.39563,,
,TEKNİK BİLİMLER MESLEK YÜKSEKOKULU,,,,,,,,,,,
109750374,  Bilgisayar Programcılığı,2,TYT,50,2,,,,316002,364.10431,,
109790459,  Doğalgaz ve Tesisatı Teknolojisi,2,TYT,35,1,,,,975310,290.06451,,
109750198,  Elektrik,2,TYT,50,2,,,,422692,346.24659,,
109751487,  Elektronik Teknolojisi,2,TYT,50,2,,,,488249,337.11306,,
109750214,  Endüstriyel Kalıpçılık,2,TYT,60,2,,,,682114,315.23114,,
109751672,  Et ve Ürünleri Teknolojisi,2,TYT,50,2,,,,1385304,260.74735,,
109750223,  Gıda Teknolojisi,2,TYT,25,1,,,,595568,324.25036,,
109751169,  Grafik Tasarımı,2,TYT,50,2,,,,486598,337.32850,,
109790470,  Hibrid ve Elektrikli Taşıtlar Teknolojisi,2,TYT,50,2,,,,362974,355.70544,,
109751424,  İklimlendirme ve Soğutma Teknolojisi,2,TYT,35,1,,,,824226,302.29056,,
109750259,  Makine,2,TYT,50,2,,,,388674,351.44020,*,MEDEK
109790389,  Moda Tasarımı,2,TYT,35,1,,,,555138,328.83560,,
109751318,  Otomotiv Teknolojisi,2,TYT,35,1,,,,386706,351.76638,,
109790458,  Peyzaj ve Süs Bitkileri Yetiştiriciliği,2,TYT,30,1,,,,967210,290.68198,,
109790532,  Peyzaj ve Süs Bitkileri Yetiştiriciliği (KKTC Uyruklu),2,TYT,1,,,,5,,,,
109790640,  Robotik ve Yapay Zeka,2,TYT,50,2,,,320,375753,353.53975,,
109751609,  Süt ve Ürünleri Teknolojisi,2,TYT,30,1,,,,1250115,270.08145,,
109751566,  Tarım Makineleri,2,TYT,30,1,,,,1100278,280.72270,,
109751187,  Tekstil Teknolojisi,2,TYT,60,2,,,,817529,302.85694,,
,YENİŞEHİR İBRAHİM ORHAN MESLEK YÜKSEKOKULU,,,,,,,,,,,
109790390,  Bitki Koruma,2,TYT,20,1,,,,1224072,271.89195,,
109751733,  Çocuk Gelişimi,2,TYT,27,1,,,,783396,305.81760,,
109750841,  Dış Ticaret,2,TYT,35,1,,,,1118002,279.43555,,
109750859,  Gıda Teknolojisi,2,TYT,25,1,,,,1212157,272.71846,,
109751433,  İklimlendirme ve Soğutma Teknolojisi,2,TYT,35,1,,,,1328016,264.66665,,
109752025,  Laborant ve Veteriner Sağlık,2,TYT,35,1,,,,718096,311.77878,,
109751293,  Muhasebe ve Vergi Uygulamaları,2,TYT,27,1,,,,1084643,281.84949,,
109790654,  Otomotiv Gövde ve Yüzey İşlem Teknolojileri,2,TYT,35,1,,,,1022576,286.46413,,
109752185,  Sivil Hava Ulaştırma İşletmeciliği,2,TYT,35,1,,,10,529521,331.88538,*,MEDEK
,ÇANAKKALE ONSEKİZ MART ÜNİVERSİTESİ (Devlet Üniversitesi),,,,,,,,,,,YÖKAK
,AYVACIK MESLEK YÜKSEKOKULU,,,,,,,,,,,
102751021,  Bankacılık ve Sigortacılık,2,TYT,30,1,,1,,1056213,283.95030,,
102751269,  Geleneksel El Sanatları,2,TYT,25,1,,1,,1589832,246.80045,,
102750826,  İşletme Yönetimi,2,TYT,40,1,,1,,1311844,265.79567,,
102790173,  Turist Rehberliği,2,TYT,65,2,,2,,866336,298.75701,,
102750156,  Turizm ve Otel İşletmeciliği,2,TYT,35,1,,1,,1081101,282.10460,,
,BAYRAMİÇ MESLEK YÜKSEKOKULU,,,,,,,,,,,
102790172,  Çocuk Gelişimi,2,TYT,27,1,,1,,826073,302.13048,,
102751339,  Halkla İlişkiler ve Tanıtım,2,TYT,49,2,,2,,1512837,252.04570,,
102790211,  Laboratuvar Teknolojisi,2,TYT,40,1,,1,,867130,298.68920,,
102790212,  Ormancılık ve Orman Ürünleri,2,TYT,20,1,,1,,813702,303.18616,,
,BİGA MESLEK YÜKSEKOKULU,,,,,,,,,,,
102750208,  Elektrik,2,TYT,35,1,,1,,899522,296.04674,,
102751375,"  Elektrik Enerjisi Üretim, İletim ve Dağıtımı",2,TYT,35,1,,1,,1087508,281.63735,,
102751515,"  Elektrik Enerjisi Üretim, İletim ve Dağıtımı (KKTC Uyruklu)",2,TYT,1,,,,5,,,,
102751012,  Gıda Teknolojisi,2,TYT,30,1,,1,,1047976,284.57100,,
102751003,  İşletme Yönetimi,2,TYT,35,1,,1,,1263939,269.10851,,
102750226,  Kooperatifçilik,2,TYT,30,1,,1,,1627611,244.22600,,
102750235,  Makine,2,TYT,40,1,,1,,911325,295.10019,,
102790364,  Mobilya ve Dekorasyon,2,TYT,35,1,,1,,1472709,254.78047,,
102750747,  Muhasebe ve Vergi Uygulamaları,2,TYT,27,1,,1,,1186981,274.48809,,
102750808,  Otomotiv Teknolojisi,2,TYT,35,1,,1,,860134,299.26091,,
102750271,  Pazarlama,2,TYT,35,1,,1,,1347069,263.36251,,
102750695,  Süt ve Ürünleri Teknolojisi,2,TYT,35,1,,1,,1727089,237.44443,,
102790539,  Yenilenebilir Enerji Teknikerliği,2,TYT,35,1,,1,,920967,294.33453,,
,ÇAN MESLEK YÜKSEKOKULU,,,,,,,,,,,
102790218,  Alternatif Enerji Kaynakları Teknolojisi,2,TYT,35,1,,1,,1187675,274.43765,,
102751303,  Biyomedikal Cihaz Teknolojisi,2,TYT,35,1,,1,,873567,298.15432,,
102751172,"  Elektrik Enerjisi Üretim, İletim ve Dağıtımı",2,TYT,35,1,,1,,1181727,274.85936,,
102751066,  Elektronik Teknolojisi,2,TYT,30,1,,1,,1077861,282.34748,,
102751296,  Enerji Tesisleri İşletmeciliği,2,TYT,35,1,,1,,1547782,249.64733,,
102790546,  Karbon Yönetimi Teknikerliği,2,TYT,35,1,,1,,1220847,272.11777,,
102750332,  Lojistik,2,TYT,65,2,,2,,1142442,277.67555,,
102790234,  Madencilik Teknolojisi,2,TYT,20,1,,1,,1474249,254.67560,,
102750323,  Mekatronik,2,TYT,45,2,,2,,836336,301.25945,,
102751278,  Mimari Dekoratif Sanatlar,2,TYT,75,2,,2,,1678841,240.73345,,
102751057,  Muhasebe ve Vergi Uygulamaları,2,TYT,27,1,,1,,1380183,261.10189,,
102751551,  Sondaj Teknolojisi,2,TYT,35,1,,1,,1448950,256.38790,,
,ÇANAKKALE SAĞLIK HİZMETLERİ MESLEK YÜKSEKOKULU,,,,,,,,,,,
102751287,  Anestezi,2,TYT,50,2,,2,,306080,366.01199,,
102790308,  Eczane Hizmetleri,2,TYT,26,1,,1,,510356,334.25727,,
102790553,  Eczane Hizmetleri (KKTC Uyruklu),2,TYT,1,,,,5,,,,
102751321,  Elektronörofizyoloji,2,TYT,35,1,,1,,506491,334.74064,,
102751048,  İlk ve Acil Yardım,2,TYT,36,1,,1,,298145,367.57921,,
102750959,  Tıbbi Görüntüleme Teknikleri,2,TYT,39,1,,1,,331659,361.20267,,
102750941,  Tıbbi Laboratuvar Teknikleri,2,TYT,43,2,,2,,413124,347.66136,,
,ÇANAKKALE SOSYAL BİLİMLER MESLEK YÜKSEKOKULU,,,,,,,,,,,
102751039,  Büro Yönetimi ve Yönetici Asistanlığı,2,TYT,40,1,,1,,763444,307.61203,,
102751393,  Çocuk Gelişimi,2,TYT,27,1,,1,,584065,325.52079,,
102750605,  Fotoğrafçılık ve Kameramanlık,2,TYT,35,1,,1,,888329,296.95580,,
102750977,  Halkla İlişkiler ve Tanıtım,2,TYT,55,2,,2,,950543,291.98141,,
102750817,  İşletme Yönetimi,2,TYT,40,1,,1,,778649,306.24466,,
102750738,  Muhasebe ve Vergi Uygulamaları,2,TYT,27,1,,1,,766065,307.37167,,
,ÇANAKKALE TEKNİK BİLİMLER MESLEK YÜKSEKOKULU,,,,,,,,,,,
102790560,  Alternatif Enerji Kaynakları Teknolojisi,2,TYT,35,1,,1,,975068,290.08273,,
102750095,  Bilgisayar Programcılığı,2,TYT,55,2,,2,,401174,349.47518,,
102790214,  Elektrik,2,TYT,50,2,,2,,647343,318.72987,,
102751542,  Gıda Kalite Kontrolü ve Analizi,2,TYT,40,1,,1,,901604,295.87951,,MEDEK
102751181,  Giyim Üretim Teknolojisi,2,TYT,20,1,,1,,1151904,276.99695,,
102750623,  Grafik Tasarımı,2,TYT,55,2,,2,,615852,322.06452,,
102790292,  İç Mekan Tasarımı,2,TYT,36,1,,1,,713987,312.16744,,
102790567,  İnsansız Araç Teknikerliği,2,TYT,35,1,,1,320,575019,326.54240,,
102750968,  İnşaat Teknolojisi,2,TYT,45,2,,2,,761136,307.81578,,MEDEK
102790574,  Mobil Teknolojileri,2,TYT,35,1,,1,,906111,295.52241,,
102790581,  Otonom Sistemler Teknikerliği,2,TYT,35,1,,1,320,596832,324.11474,,
102790588,  Oyun Geliştirme ve Programlama,2,TYT,35,1,,1,320,634253,320.10320,,
102790595,  Robotik ve Yapay Zeka,2,TYT,35,1,,1,320,471831,339.29293,,
102790602,  Talaşlı Üretim Teknikerliği,2,TYT,55,2,,2,,1555672,249.11679,,
102790609,  Yapı Yüzeyi Tasarım Teknikerliği,2,TYT,25,1,,1,,1101694,280.61975,,
,DENİZCİLİK MESLEK YÜKSEKOKULU,,,,,,,,,,,
102790371,  Gemi İnşaatı,2,TYT,55,2,,2,,592931,324.53332,,
102790378,  Mekatronik,2,TYT,35,1,,1,,635569,319.95961,,
102790385,  Su Altı Kaynak Teknolojisi,2,TYT,30,1,,1,"57, 320",886479,297.10444,,
102790392,  Su Altı Teknolojisi,2,TYT,30,1,,1,57,886573,297.09746,,
,EZİNE GIDA İHTİSAS ORGANİZE SANAYİ BÖLGESİ MESLEK YÜKSEKOKULU,,,,,,,,,,,
102790399,  Dış Ticaret,2,TYT,45,2,,2,,1423943,258.10946,,
102790406,  Gıda Kalite Kontrolü ve Analizi,2,TYT,45,2,,2,321,1431301,257.60475,,
102790413,  Halkla İlişkiler ve Tanıtım,2,TYT,53,2,,2,,1613607,245.17786,,
102790420,  İşletme Yönetimi,2,TYT,40,1,,1,,1520724,251.50337,,
102790616,  Lojistik,2,TYT,35,1,,1,,1360263,262.45501,,
102790427,  Muhasebe ve Vergi Uygulamaları,2,TYT,27,1,,1,,1437508,257.17433,,
102790434,  Pazarlama,2,TYT,30,1,,1,,1576921,247.67259,,
102790441,  Süt ve Ürünleri Teknolojisi,2,TYT,25,1,,1,321,1652327,242.54197,,
102790448,  Turizm ve Seyahat Hizmetleri,2,TYT,30,1,,1,,1403044,259.53858,,
,GELİBOLU PİRİ REİS MESLEK YÜKSEKOKULU,,,,,,,,,,,
102750377,  Deniz ve Liman İşletmeciliği,2,TYT,35,1,,1,,718836,311.71030,,
102751578,  İnsan Kaynakları Yönetimi,2,TYT,41,2,,2,,1062726,283.46785,,
102750395,  Turizm ve Otel İşletmeciliği,2,TYT,35,1,,1,,1050680,284.37154,,
102751533,  Turizm ve Seyahat Hizmetleri,2,TYT,30,1,,1,,1279124,268.06537,,
,GÖKÇEADA MESLEK YÜKSEKOKULU,,,,,,,,,,,
102750677,  Dış Ticaret,2,TYT,50,2,,2,,1051327,284.32329,,
102750711,  Halkla İlişkiler ve Tanıtım,2,TYT,41,2,,2,,1300505,266.58076,,
102750844,  İşletme Yönetimi,2,TYT,40,1,,1,,1309981,265.92699,,
102750465,  Turizm ve Otel İşletmeciliği,2,TYT,35,1,,1,,1033635,285.63219,,
,LAPSEKİ MESLEK YÜKSEKOKULU,,,,,,,,,,,
102790623,  Akıllı Tarım ve Gıda Yönetimi,2,TYT,35,1,,1,,1497057,253.12894,,
102790216,  Bankacılık ve Sigortacılık,2,TYT,30,1,,1,,921185,294.31860,,MEDEK
102751154,  Bitki Koruma,2,TYT,20,1,,1,,1216457,272.42037,,
102790240,  Biyokimya,2,TYT,30,1,,1,,788217,305.40334,,
102751145,  Fidan Yetiştiriciliği,2,TYT,35,1,,1,,1494270,253.31883,,
102751524,  Fidan Yetiştiriciliği (KKTC Uyruklu),2,TYT,1,,,,5,,,,
102751109,  Laboratuvar Teknolojisi,2,TYT,45,2,,2,,736291,310.07971,,
102750774,  Muhasebe ve Vergi Uygulamaları,2,TYT,27,1,,1,,1145831,277.43480,,
102750598,  Organik Tarım,2,TYT,35,1,,1,,1614538,245.11276,,
102790233,  Peyzaj ve Süs Bitkileri Yetiştiriciliği,2,TYT,20,1,,1,,1595539,246.40725,,
,YENİCE MESLEK YÜKSEKOKULU,,,,,,,,,,,
102750526,  Bankacılık ve Sigortacılık,2,TYT,30,1,,1,,1182178,274.82729,,
102750686,  Dış Ticaret,2,TYT,45,2,,2,,1355742,262.76273,,
102790293,  Laborant ve Veteriner Sağlık,2,TYT,40,1,,1,,773122,306.73795,,
102751127,  Lojistik,2,TYT,65,2,,2,,1361770,262.34702,,
102751436,  Mimari Dekoratif Sanatlar,2,TYT,65,2,,2,,1711950,238.47574,,
102790455,  Moda Tasarımı,2,TYT,35,1,,1,,1047996,284.56955,,
102751506,  Ormancılık ve Orman Ürünleri,2,TYT,20,1,,1,,826328,302.10822,,
,ÇANKIRI KARATEKİN ÜNİVERSİTESİ (Devlet Üniversitesi),,,,,,,,,,,YÖKAK
,ÇERKEŞ MESLEK YÜKSEKOKULU,,,,,,,,,,,
102890085,  Endüstriyel Cam ve Seramik,2,TYT,30,1,,1,,1767478,234.67000,,
102890158,  Evde Hasta Bakımı,2,TYT,55,2,,2,,885429,297.19227,,
102800101,  Tıbbi Veri İşleme Teknikerliği,2,TYT,25,1,,1,,...,----,,
102890172,  Yaşlı Bakımı,2,TYT,50,2,,2,,1027851,286.06104,,
,ELDİVAN SAĞLIK HİZMETLERİ MESLEK YÜKSEKOKULU,,,,,,,,,,,
102850376,  Çocuk Gelişimi,2,TYT,27,1,,1,,1031906,285.76085,,
102850313,  İlk ve Acil Yardım,2,TYT,36,1,,1,,459009,341.04862,*,MEDEK
102890067,  Optisyenlik,2,TYT,35,1,,1,,833972,301.45532,,
,GIDA VE TARIM MESLEK YÜKSEKOKULU,,,,,,,,,,,
102890151,  Avcılık ve Yaban Hayatı,2,TYT,35,1,,1,,1270493,268.65786,,
102890137,  Tarla Bitkileri,2,TYT,20,1,,1,,1747638,236.04066,,MEDEK
102890228,  Tıbbi ve Aromatik Bitkiler,2,TYT,35,1,,1,,1738628,236.65458,,
,KURŞUNLU MESLEK YÜKSEKOKULU,,,,,,,,,,,
102800108,  Alternatif Enerji Kaynakları Teknolojisi,2,TYT,25,1,,1,,...,----,,
102800115,  Tele-Sağlık Teknikerliği,2,TYT,25,1,,1,,...,----,,
,MESLEK YÜKSEKOKULU,,,,,,,,,,,
102850304,  Bankacılık ve Sigortacılık,2,TYT,30,1,,1,,1265865,268.97837,*,MEDEK
102850216,  Bilgisayar Programcılığı,2,TYT,55,2,,2,,1018324,286.78599,,
102850349,  Büro Yönetimi ve Yönetici Asistanlığı,2,TYT,45,2,,2,,1212650,272.68510,,
102850022,  Elektrik,2,TYT,40,1,,1,,1149489,277.17041,,MEDEK
102890066,  Elektrikli Cihaz Teknolojisi,2,TYT,40,1,,1,,1512809,252.04718,,MEDEK
102890347,  Elektrikli Cihaz Teknolojisi (KKTC Uyruklu),2,TYT,1,,,,5,,,,
102850164,  Elektronik Haberleşme Teknolojisi,2,TYT,40,1,,1,,1512775,252.04983,,MEDEK
102850173,  Elektronik Teknolojisi,2,TYT,40,1,,1,,1300669,266.56837,*,MEDEK
102890049,  İç Mekan Tasarımı,2,TYT,41,2,,2,,1502676,252.74902,,
102850155,  İklimlendirme ve Soğutma Teknolojisi,2,TYT,35,1,,1,,1587324,246.97135,,
102850207,  İnşaat Teknolojisi,2,TYT,45,2,,2,,1575505,247.76530,,MEDEK
102850094,  Makine,2,TYT,50,2,,2,,1218688,272.26913,,
102850225,  Mekatronik,2,TYT,45,2,,2,,1233650,271.22298,*,MEDEK
102850137,  Muhasebe ve Vergi Uygulamaları,2,TYT,27,1,,1,,1385728,260.71956,,MEDEK
102850128,  Turizm ve Otel İşletmeciliği,2,TYT,30,1,,1,,1437116,257.20051,,
,SOSYAL BİLİMLER MESLEK YÜKSEKOKULU,,,,,,,,,,,
102890109,  Özel Güvenlik ve Koruma,2,TYT,35,1,,1,2,1339416,263.89008,,
102890123,  Sivil Savunma ve İtfaiyecilik,2,TYT,65,2,,,9,862311,299.08380,,
102890235,  Sosyal Hizmetler,2,TYT,35,1,,1,,1129777,278.58576,,
,ŞABANÖZÜ MESLEK YÜKSEKOKULU,,,,,,,,,,,
102890354,  Çevre Sağlığı ve Çevresel Risk Yönetimi Teknikerliği,2,TYT,50,2,,2,,1349038,263.22370,,
102890249,  Laborant ve Veteriner Sağlık,2,TYT,35,1,,1,,1163118,276.20651,,
102890256,  Tıbbi Laboratuvar Teknikleri,2,TYT,34,1,,1,,569124,327.20267,,
,ÇUKUROVA ÜNİVERSİTESİ (ADANA) (Devlet Üniversitesi),,,,,,,,,,,YÖKAK
,ABDİ SÜTCÜ SAĞLIK HİZMETLERİ MESLEK YÜKSEKOKULU,,,,,,,,,,,
102950666,  Ağız ve Diş Sağlığı,2,TYT,36,1,,,,320933,363.18970,,
102950136,  Anestezi,2,TYT,41,2,,,,263611,374.75494,,
102951222,  Diş Protez Teknolojisi,2,TYT,45,2,,,,351209,357.70150,,
102900409,  Diş Protez Teknolojisi (KKTC Uyruklu),2,TYT,1,,,,5,...,----,,
102951204,  Fizyoterapi,2,TYT,41,2,,,,413600,347.59106,,
102951231,  İlk ve Acil Yardım,2,TYT,36,1,,,,262021,375.12178,,
102950851,  Tıbbi Görüntüleme Teknikleri,2,TYT,30,1,,,,243414,379.37357,,
102950842,  Tıbbi Laboratuvar Teknikleri,2,TYT,34,1,,,,363596,355.59734,,
102990471,  Tıbbi Veri İşleme Teknikerliği,2,TYT,35,1,,,,370308,354.44797,,
102951249,  Yaşlı Bakımı,2,TYT,45,2,,,,648652,318.59228,,
,ADANA MESLEK YÜKSEKOKULU,,,,,,,,,,,
102950127,  Bilgisayar Programcılığı,2,TYT,85,3,,,,541355,330.45975,*,MEDEK
102950799,  Bilgisayar Programcılığı (Uzaktan Öğretim),2,TYT,120,3,,,"7, 8",996415,288.44071,,
102951337,  Çocuk Gelişimi,2,TYT,27,1,,,,541875,330.40015,,
102950039,  Elektrik,2,TYT,50,2,,,,554628,328.89542,,
102990396,  Elektrik (KKTC Uyruklu),2,TYT,1,,,,5,...,----,,
102950781,  Elektronik Teknolojisi,2,TYT,45,2,,,,756407,308.25051,*,MEDEK
102990327,  Emlak Yönetimi,2,TYT,45,2,,,,1022542,286.46710,,
102951346,  İç Mekan Tasarımı,2,TYT,27,1,,,,698449,313.64573,,
102950772,  İklimlendirme ve Soğutma Teknolojisi,2,TYT,35,1,,,,886538,297.09978,,
102950878,  İnşaat Teknolojisi,2,TYT,45,2,,,,851704,299.97693,*,MEDEK
102950975,  Makine,2,TYT,55,2,,,,764157,307.54865,,
102951258,  Moda Tasarımı,2,TYT,35,1,,,,905161,295.59633,,
102950709,  Muhasebe ve Vergi Uygulamaları,2,TYT,27,1,,,,687379,314.71646,*,MEDEK
102950718,  Muhasebe ve Vergi Uygulamaları (Uzaktan Öğretim),2,TYT,27,1,,,7,1051254,284.32833,,
102950754,  Otomotiv Teknolojisi,2,TYT,35,1,,,,627527,320.81392,,
102990401,  Saç Bakımı ve Güzellik Hizmetleri,2,TYT,40,1,,,,767165,307.27333,,
102950684,  Tekstil Teknolojisi,2,TYT,25,1,,,,1024675,286.30242,,
102950806,  Turizm ve Seyahat Hizmetleri,2,TYT,30,1,,,,904830,295.62159,,
,ADANA ORGANİZE SANAYİ BÖLGESİ TEKNİK BİLİMLER MESLEK YÜKSEKOKULU,,,,,,,,,,,
102951319,  Coğrafi Bilgi Sistemleri,2,TYT,35,1,,,,1316166,265.48936,,
102951001,  Elektrik,2,TYT,35,1,,,321,803547,304.05636,,
102951019,  Elektronik Teknolojisi,2,TYT,35,1,,,321,1013146,287.17154,,
102900416,  Kaynak Teknolojisi,2,TYT,30,1,,,,...,----,,
102951046,  Makine,2,TYT,35,1,,,321,936078,293.13132,*,MEDEK
102950993,  Tekstil Teknolojisi,2,TYT,30,1,,,321,1406532,259.29699,,
,ALADAĞ MESLEK YÜKSEKOKULU,,,,,,,,,,,
102951425,  Avcılık ve Yaban Hayatı,2,TYT,45,2,,,,1031399,285.79731,,
102990326,  Madencilik Teknolojisi,2,TYT,15,1,,,,1558012,248.95712,,
102951276,  Ormancılık ve Orman Ürünleri,2,TYT,20,1,,,,632044,320.32919,,
,CEYHAN MESLEK YÜKSEKOKULU,,,,,,,,,,,
102950251,  Bilgisayar Programcılığı,2,TYT,50,2,,,,839756,300.96566,,
102950948,  Büro Yönetimi ve Yönetici Asistanlığı,2,TYT,40,1,,,,957992,291.40262,,
102950206,  Elektrik,2,TYT,45,2,,,,1013468,287.14809,,
102950763,  İnşaat Teknolojisi,2,TYT,45,2,,,,1169968,275.70348,,
102950727,  Muhasebe ve Vergi Uygulamaları,2,TYT,27,1,,,,1089404,281.50306,,
102950233,  Pazarlama,2,TYT,35,1,,,,1414095,258.78499,,
102951285,  Sivil Savunma ve İtfaiyecilik,2,TYT,45,2,,,9,671629,316.27385,,
102990400,  Tarım Makineleri,2,TYT,40,1,,,,1611717,245.30558,,
,İMAMOĞLU MESLEK YÜKSEKOKULU,,,,,,,,,,,
102951294,  Bilgisayar Teknolojisi,2,TYT,50,2,,,"223, 320",1258526,269.48923,,
102990325,  Doğalgaz ve Tesisatı Teknolojisi,2,TYT,25,1,,,223,1471541,254.85874,,
102951382,  Laboratuvar Teknolojisi,2,TYT,25,1,,,223,739163,309.81458,,
,KARAİSALI MESLEK YÜKSEKOKULU,,,,,,,,,,,
102950921,  Bilgisayar Destekli Tasarım ve Animasyon,2,TYT,40,1,,,,1359672,262.49562,,
102950348,  Bilgisayar Programcılığı,2,TYT,50,2,,,,1102457,280.56863,,
102990478,  Cnc Programlama ve Operatörlüğü,2,TYT,50,2,,,,1224043,271.89446,,
102950296,  Harita ve Kadastro,2,TYT,25,1,,,,1063602,283.40172,,
102950321,  Seracılık,2,TYT,30,1,,,,1598352,246.21355,,
102950903,  Tıbbi ve Aromatik Bitkiler,2,TYT,35,1,,,,1546000,249.77158,,
,KOZAN MESLEK YÜKSEKOKULU,,,,,,,,,,,
102951107,  Bahçe Tarımı,2,TYT,30,1,,,,1481363,254.18824,,
102950693,  Bankacılık ve Sigortacılık,2,TYT,30,1,,,,974198,290.14848,,
102950436,  Bilgisayar Programcılığı,2,TYT,55,2,,,,1019009,286.73463,,MEDEK
102950736,  Muhasebe ve Vergi Uygulamaları,2,TYT,27,1,,,,1202101,273.41771,,
102990485,  Ofis Teknolojileri ve Veri Yönetimi,2,TYT,40,1,,,,1467425,255.13872,,
,POZANTI MESLEK YÜKSEKOKULU,,,,,,,,,,,
102950887,  Bahçe Tarımı,2,TYT,20,1,,,,1678735,240.73971,,
102951073,  Muhasebe ve Vergi Uygulamaları,2,TYT,27,1,,,,1367300,261.97202,,
102951064,  Turizm ve Otel İşletmeciliği,2,TYT,30,1,,,,1440874,256.93800,,
,TUFANBEYLİ MESLEK YÜKSEKOKULU,,,,,,,,,,,
102990257,"  Elektrik Enerjisi Üretim, İletim ve Dağıtımı (Tufanbeyli)",2,TYT,45,2,,,,1388866,260.50107,,
,YUMURTALIK MESLEK YÜKSEKOKULU,,,,,,,,,,,
102951373,  Dış Ticaret,2,TYT,45,2,,,,1288380,267.41245,,
102951125,  Organik Tarım,2,TYT,30,1,,,,1650317,242.67948,,
102951116,  Su Altı Teknolojisi,2,TYT,30,1,,,57,1207588,273.03989,,
102950463,  Turizm ve Otel İşletmeciliği,2,TYT,35,1,,,,1292274,267.14217,,
,DİCLE ÜNİVERSİTESİ (DİYARBAKIR) (Devlet Üniversitesi),,,,,,,,,,,YÖKAK
,ATATÜRK SAĞLIK HİZMETLERİ MESLEK YÜKSEKOKULU,,,,,,,,,,,
103050742,  Ağız ve Diş Sağlığı,2,TYT,45,2,,2,,313764,364.52854,,
103050169,  Anestezi,2,TYT,35,1,,1,,250290,377.77063,,
103050751,  Diş Protez Teknolojisi,2,TYT,35,1,,1,,450083,342.28139,,
103050733,  Diyaliz,2,TYT,64,2,,2,,516133,333.52869,,
103050706,  Fizyoterapi,2,TYT,41,2,,2,,496142,336.07782,,
103050627,  Ortopedik Protez ve Ortez,2,TYT,35,1,,1,,592928,324.53366,,
103050187,  Tıbbi Dokümantasyon ve Sekreterlik,2,TYT,30,1,,1,,371497,354.24361,,
103050636,  Tıbbi Görüntüleme Teknikleri,2,TYT,30,1,,1,,262006,375.12492,,
103050699,  Tıbbi Laboratuvar Teknikleri,2,TYT,34,1,,1,,366290,355.12704,*,MEDEK
103000339,  Yaşlı Bakımı,2,TYT,20,1,,1,,...,----,,
,BİSMİL MESLEK YÜKSEKOKULU,,,,,,,,,,,
103090151,  Bilgisayar Programcılığı,2,TYT,65,2,,2,,1259252,269.43795,,
103050203,  Organik Tarım,2,TYT,35,1,,1,,1624847,244.41615,,
103050645,  Tarım Makineleri,2,TYT,40,1,,1,,1682778,240.46777,,
,ÇERMİK MESLEK YÜKSEKOKULU,,,,,,,,,,,
103050239,  Bankacılık ve Sigortacılık,2,TYT,30,1,,1,,1124164,278.98938,,MEDEK
103050672,  Büro Yönetimi ve Yönetici Asistanlığı,2,TYT,45,2,,2,,1150079,277.12794,,
103050557,  İşletme Yönetimi,2,TYT,30,1,,1,,1562746,248.64182,,
,DİYARBAKIR SOSYAL BİLİMLER MESLEK YÜKSEKOKULU,,,,,,,,,,,
103050681,  Aşçılık,2,TYT,50,2,,2,,766344,307.34504,,
103090109,  Çocuk Gelişimi,2,TYT,27,1,,1,,667505,316.67736,,
103050548,  İşletme Yönetimi,2,TYT,35,1,,1,,953887,291.72081,*,MEDEK
103050512,  Muhasebe ve Vergi Uygulamaları,2,TYT,27,1,,1,,820535,302.59648,*,MEDEK
103050821,  Turizm Animasyonu,2,TYT,45,2,,2,,1447332,256.50183,,
103050124,  Turizm ve Otel İşletmeciliği,2,TYT,35,1,,1,,959781,291.25962,,MEDEK
,DİYARBAKIR TARIM MESLEK YÜKSEKOKULU,,,,,,,,,,,
103050566,  Bahçe Tarımı,2,TYT,40,1,,1,,1317999,265.36254,,
103050433,  Gıda Teknolojisi,2,TYT,25,1,,1,,1180852,274.92309,*,MEDEK
103050442,  Organik Tarım,2,TYT,40,1,,1,,1405652,259.35797,*,MEDEK
103050787,  Süt ve Besi Hayvancılığı,2,TYT,35,1,,1,,1577085,247.66071,,
103050503,  Süt ve Ürünleri Teknolojisi,2,TYT,35,1,,1,,1658018,242.15401,,
103050451,  Tohumculuk Teknolojisi,2,TYT,40,1,,1,,1609499,245.45809,,
,DİYARBAKIR TEKNİK BİLİMLER MESLEK YÜKSEKOKULU,,,,,,,,,,,
103090169,  Basım ve Yayım Teknolojileri,2,TYT,45,2,,2,,1428978,257.76407,,
103050151,  Bilgisayar Programcılığı,2,TYT,50,2,,2,,638321,319.68040,,MEDEK
103050654,  Doğal Yapı Taşları Teknolojisi,2,TYT,45,2,,2,,1663311,241.78961,,
103050072,  Elektrik,2,TYT,50,2,,2,,730431,310.61102,*,MEDEK
103050663,  Elektrikli Cihaz Teknolojisi,2,TYT,35,1,,1,,1186031,274.55467,,
103050609,  Elektronik Teknolojisi,2,TYT,50,2,,2,,982841,289.48526,*,MEDEK
103090233,  Harita ve Kadastro,2,TYT,25,1,,1,,781468,305.98717,,
103050848,  İç Mekan Tasarımı,2,TYT,36,1,,1,,935630,293.16620,,
103090149,  İnşaat Teknolojisi,2,TYT,45,2,,2,,781225,306.01203,,
103050715,  Kimya Teknolojisi,2,TYT,25,1,,1,,993046,288.69478,*,MEDEK
103050812,  Makine,2,TYT,50,2,,2,,988139,289.07792,,
103090168,  Makine Resim ve Konstrüksiyonu,2,TYT,35,1,,1,,1500753,252.87931,,
103050857,  Mobilya ve Dekorasyon,2,TYT,35,1,,1,,1472637,254.78533,,
103090173,  Otomotiv Teknolojisi,2,TYT,35,1,,1,,1014823,287.04871,,
103090167,  Peyzaj ve Süs Bitkileri Yetiştiriciliği,2,TYT,50,2,,2,,1482062,254.14046,*,MEDEK
103090254,  Radyo ve Televizyon Teknolojisi,2,TYT,30,1,,1,,1251073,270.01180,,
103090108,  Saç Bakımı ve Güzellik Hizmetleri,2,TYT,45,2,,2,,898129,296.15733,,
103090261,  Tekstil Teknolojisi,2,TYT,40,1,,1,,1531491,250.76284,,
,ERGANİ MESLEK YÜKSEKOKULU,,,,,,,,,,,
103050318,  Bilgisayar Programcılığı,2,TYT,55,2,,2,,1275095,268.34057,*,MEDEK
103090174,  Çocuk Gelişimi,2,TYT,27,1,,1,,1001613,288.04689,,
103050593,  İşletme Yönetimi,2,TYT,40,1,,1,,1456025,255.90533,,
103050521,  Muhasebe ve Vergi Uygulamaları,2,TYT,27,1,,1,,1326742,264.75317,,MEDEK
,SİLVAN MESLEK YÜKSEKOKULU,,,,,,,,,,,
103050796,  Bilgisayar Programcılığı,2,TYT,50,2,,2,,1375095,261.44375,,
103050724,  Çocuk Gelişimi,2,TYT,27,1,,1,,1030449,285.86840,,
103050803,  Elektrik,2,TYT,45,2,,2,,1292608,267.11795,*,MEDEK
,DOKUZ EYLÜL ÜNİVERSİTESİ (İZMİR) (Devlet Üniversitesi),,,,,,,,,,,YÖKAK
,BERGAMA MESLEK YÜKSEKOKULU,,,,,,,,,,,
103190782,  Alternatif Enerji Kaynakları Teknolojisi,2,TYT,35,1,,,,854587,299.73867,,
103150759,  Bilgisayar Teknolojisi,2,TYT,60,2,,,320,694771,313.99733,,
103150741,  İş Makineleri Operatörlüğü,2,TYT,45,2,,,,951127,291.93029,,
,EFES MESLEK YÜKSEKOKULU (Selçuk),,,,,,,,,,,
103190563,  Gıda Teknolojisi,2,TYT,30,1,,,,792289,305.04213,*,MEDEK
103190567,  Kültürel Miras ve Turizm,2,TYT,60,2,,,,1115086,279.64502,,
103150786,  Sivil Hava Ulaştırma İşletmeciliği,2,TYT,40,1,,,10,430421,345.09215,*,MEDEK
103190408,  Sivil Hava Ulaştırma İşletmeciliği (KKTC Uyruklu),2,TYT,2,,,,"5, 10",737013,310.01379,,
103190691,  Sivil Havacılık Kabin Hizmetleri,2,TYT,45,2,,,10,388738,351.42923,,
103150777,  Turizm ve Otel İşletmeciliği,2,TYT,35,1,,,,778000,306.30415,,
,İZMİR MESLEK YÜKSEKOKULU,,,,,,,,,,,
103150335,  Bilgisayar Programcılığı,2,TYT,70,2,,,,304014,366.41982,,
103150705,  Bilgisayar Programcılığı (Uzaktan Öğretim),2,TYT,100,3,,,"7, 8",552515,329.14781,,
103150644,  Büro Yönetimi ve Yönetici Asistanlığı,2,TYT,40,1,,,,645302,318.95349,,
103150062,  Döküm,2,TYT,45,2,,,,1147534,277.31196,,
103150071,  Elektrik,2,TYT,55,2,,,,452843,341.90135,,
103190629,  Elektrik (KKTC Uyruklu),2,TYT,1,,,,5,1948206,221.86325,,
103150556,  Elektronik Haberleşme Teknolojisi,2,TYT,55,2,,,,709446,312.60458,,
103150565,  Elektronik Teknolojisi,2,TYT,65,2,,,,573222,326.74414,,
103150114,  Harita ve Kadastro,2,TYT,25,1,,,,576972,326.31914,,
103150547,  İklimlendirme ve Soğutma Teknolojisi,2,TYT,45,2,,,,817004,302.90142,,
103150626,  İnşaat Teknolojisi,2,TYT,40,1,,,,504248,335.03578,,
103150538,  Kimya Teknolojisi,2,TYT,20,1,,,,483431,337.75357,,
103150468,  Kuyumculuk ve Takı Tasarımı,2,TYT,45,2,,,,832752,301.56529,,
103150159,  Makine,2,TYT,50,2,,,,476415,338.68835,,
103190543,  Makine Resim ve Konstrüksiyonu,2,TYT,50,2,,,,768959,307.11212,,
103150177,  Mekatronik,2,TYT,50,2,,,,374521,353.75286,,
103150502,  Muhasebe ve Vergi Uygulamaları,2,TYT,27,1,,,,572690,326.80172,*,MEDEK
103150195,  Pazarlama,2,TYT,30,1,,,,615235,322.13081,*,MEDEK
103150202,  Sağlık Kurumları İşletmeciliği,2,TYT,28,1,,,,645127,318.96945,,
103150635,  Tarımsal İşletmecilik,2,TYT,35,1,,,,953580,291.74426,,
103150477,  Tekstil Teknolojisi,2,TYT,50,2,,,,917974,294.56760,,
103150238,  Turizm ve Otel İşletmeciliği,2,TYT,35,1,,,,529087,331.93667,,
103150608,  Yapı Tesisat Teknolojisi,2,TYT,50,2,,,,1001406,288.06202,,
103190630,  Yapı Tesisat Teknolojisi (KKTC Uyruklu),2,TYT,1,,,,5,,,,
,KİRAZ MESLEK YÜKSEKOKULU,,,,,,,,,,,
103190789,  Laborant ve Veteriner Sağlık,2,TYT,35,1,,,,746896,309.10940,,
103190796,  Süt ve Ürünleri Teknolojisi,2,TYT,45,2,,,,1687954,240.11164,,
103100395,  Tarım Makineleri ve Teknolojileri,2,TYT,30,1,,,,...,----,,
,SAĞLIK HİZMETLERİ MESLEK YÜKSEKOKULU,,,,,,,,,,,
103190413,  Ağız ve Diş Sağlığı,2,TYT,36,1,,,,334701,360.64461,,
103150353,  Anestezi,2,TYT,41,2,,,,243272,379.40267,,
103190810,  Biyomedikal Cihaz Teknolojisi,2,TYT,35,1,,,,586132,325.29067,,
103190817,  Biyomedikal Cihaz Teknolojisi (KKTC Uyruklu),2,TYT,2,,,,5,,,,
103150653,  İlk ve Acil Yardım,2,TYT,36,1,,,,257510,376.15081,*,MEDEK
103100402,  Laboratuvar Hayvanları,2,TYT,30,1,,,320,...,----,,
103150698,  Nükleer Tıp Teknikleri,2,TYT,35,1,,,,527931,332.07391,,
103150768,  Nükleer Tıp Teknikleri (KKTC Uyruklu),2,TYT,1,,,,5,,,,
103150459,  Odyometri,2,TYT,35,1,,,,471760,339.30210,,
103150371,  Radyoterapi,2,TYT,45,2,,,,472555,339.20230,,
103150389,  Tıbbi Dokümantasyon ve Sekreterlik,2,TYT,30,1,,,,383275,352.32835,,
103150617,  Tıbbi Görüntüleme Teknikleri,2,TYT,39,1,,,,283913,370.46809,,
103150732,  Tıbbi Görüntüleme Teknikleri (KKTC Uyruklu),2,TYT,1,,,,5,1049990,284.42361,,
103150592,  Tıbbi Laboratuvar Teknikleri,2,TYT,43,2,,,,352796,357.43550,*,MEDEK
,TORBALI MESLEK YÜKSEKOKULU,,,,,,,,,,,
103150529,  Doğal Yapı Taşları Teknolojisi,2,TYT,45,2,,,,1369934,261.79833,,
103150486,  Endüstriyel Cam ve Seramik,2,TYT,35,1,,,,1287576,267.47234,,
103150511,  Geoteknik,2,TYT,45,2,,,,1115058,279.64717,,
103190640,  Kaynak Teknolojisi,2,TYT,45,2,,,,1075013,282.55750,,
103190564,  Madencilik Teknolojisi,2,TYT,30,1,,,,1111944,279.87234,,
103190824,  Sivil Savunma ve İtfaiyecilik,2,TYT,35,1,,,9,584371,325.48690,,
103150495,  Sondaj Teknolojisi,2,TYT,35,1,,,,1101550,280.62974,,
,DÜZCE ÜNİVERSİTESİ (Devlet Üniversitesi),,,,,,,,,,,YÖKAK
,AKÇAKOCA MESLEK YÜKSEKOKULU,,,,,,,,,,,
103390258,  Aşçılık,2,TYT,35,1,,1,,885771,297.16580,,
103350703,  Bilgisayar Programcılığı,2,TYT,35,1,,1,,790787,305.17849,,
103350184,  Dış Ticaret,2,TYT,35,1,,1,,1316894,265.43665,,
103350642,  Gıda Teknolojisi,2,TYT,25,1,,1,,1164612,276.09755,,
103350396,  İşletme Yönetimi,2,TYT,35,1,,1,,1369715,261.81367,,
103390223,  Mahkeme Büro Hizmetleri,2,TYT,35,1,,1,,784664,305.70664,,
103350351,  Muhasebe ve Vergi Uygulamaları,2,TYT,27,1,,1,,1210080,272.86758,,
103350166,  Turizm ve Otel İşletmeciliği,2,TYT,35,1,,1,,1235256,271.11572,,
,ÇİLİMLİ MESLEK YÜKSEKOKULU,,,,,,,,,,,
103390148,  Laborant ve Veteriner Sağlık,2,TYT,35,1,,1,,892846,296.58759,,
103350369,  Muhasebe ve Vergi Uygulamaları,2,TYT,27,1,,1,,1411018,258.99339,,
103350669,  Tıbbi ve Aromatik Bitkiler,2,TYT,35,1,,1,,1573935,247.87264,,
,DR. ENGİN PAK CUMAYERİ MESLEK YÜKSEKOKULU,,,,,,,,,,,
103350766,  Büro Yönetimi ve Yönetici Asistanlığı,2,TYT,30,1,,1,,1199147,273.63071,,
103350581,  Endüstriyel Kalıpçılık,2,TYT,35,1,,1,,1444033,256.72601,,
103350306,  Makine,2,TYT,45,2,,2,,1225574,271.78676,,
103350678,  Mekatronik,2,TYT,45,2,,2,,968564,290.57896,,
,GÖLYAKA MESLEK YÜKSEKOKULU,,,,,,,,,,,
103350457,  Bilgisayar Programcılığı,2,TYT,35,1,,1,,910578,295.16087,,
103390251,  E-Ticaret ve Pazarlama,2,TYT,35,1,,1,,1256227,269.64908,,
103350536,  Grafik Tasarımı,2,TYT,35,1,,1,,1074337,282.60659,,
103350633,  Halkla İlişkiler ve Tanıtım,2,TYT,35,1,,1,,1535901,250.46181,,
103350193,  Turizm ve Otel İşletmeciliği,2,TYT,25,1,,1,,1358783,262.55790,,
,GÜMÜŞOVA MESLEK YÜKSEKOKULU,,,,,,,,,,,
103350615,  Kaynak Teknolojisi,2,TYT,30,1,,1,,1561153,248.74889,,
103390160,  Makine Resim ve Konstrüksiyonu,2,TYT,35,1,,1,,1386236,260.68393,,
103350509,  Metalurji,2,TYT,25,1,,1,,1610282,245.40521,,
103350624,  Üretimde Kalite Kontrol,2,TYT,35,1,,1,,1498717,253.01776,,
,KAYNAŞLI MESLEK YÜKSEKOKULU,,,,,,,,,,,
103390149,  Acil Durum ve Afet Yönetimi,2,TYT,43,2,,2,,859900,299.28068,,
103390265,  Çevre Sağlığı ve Çevresel Risk Yönetimi Teknikerliği,2,TYT,35,1,,1,,1360496,262.43914,,
103350554,  Dış Ticaret,2,TYT,35,1,,1,,1452340,256.15218,,
103350563,  Geleneksel El Sanatları,2,TYT,25,1,,1,,1587594,246.95238,,
103350272,  Harita ve Kadastro,2,TYT,25,1,,1,,1118163,279.42297,,
103350448,  Lojistik,2,TYT,35,1,,1,,1173805,275.42723,,
103390202,  Polimer Teknolojisi,2,TYT,23,1,,1,,1620254,244.72769,,
103350254,  Yapı Ressamlığı,2,TYT,35,1,,1,,1575569,247.76102,,
,MESLEK YÜKSEKOKULU,,,,,,,,,,,
103350757,  Arıcılık (Yığılca),2,TYT,25,1,,1,,1702182,239.14932,,
103390286,  Arka-Yüz Yazılım Geliştirme,2,TYT,35,1,,1,320,857385,299.49329,,
103350518,  Bilgisayar Programcılığı,2,TYT,35,1,,1,,658268,317.61577,*,MEDEK
103350024,  Elektrik,2,TYT,45,2,,2,,922215,294.23877,*,MEDEK
103350421,  Elektronik Teknolojisi,2,TYT,35,1,,1,,1057751,283.83055,,
103390123,  İç Mekan Tasarımı,2,TYT,27,1,,1,,1038794,285.24750,,
103350403,  İklimlendirme ve Soğutma Teknolojisi,2,TYT,45,2,,2,,1457064,255.83779,,
103350493,  İnşaat Teknolojisi,2,TYT,35,1,,1,,991224,288.83835,,
103350439,  Kontrol ve Otomasyon Teknolojisi,2,TYT,35,1,,1,,998528,288.27692,,
103350096,  Makine,2,TYT,45,2,,2,,891648,296.68211,*,MEDEK
103350739,  Moda Tasarımı,2,TYT,35,1,,1,,1189850,274.27857,,
103350378,  Otomotiv Teknolojisi,2,TYT,35,1,,1,,907956,295.37327,,
103390293,  Robotik ve Yapay Zeka,2,TYT,35,1,,1,320,672821,316.15469,,
103390300,  Yenilenebilir Enerji Teknikerliği,2,TYT,35,1,,1,,989284,288.98954,,
,ORMANCILIK MESLEK YÜKSEKOKULU,,,,,,,,,,,
103350784,  Ormancılık ve Orman Ürünleri,2,TYT,20,1,,1,,586132,325.29002,,
,SAĞLIK HİZMETLERİ MESLEK YÜKSEKOKULU,,,,,,,,,,,
103350599,  Çocuk Gelişimi,2,TYT,32,1,,1,,743221,309.43972,,
103350721,  İlk ve Acil Yardım,2,TYT,32,1,,1,,399659,349.71608,,
103390307,  Tıbbi Veri İşleme Teknikerliği,2,TYT,35,1,,1,,573234,326.74257,,
103350687,  Yaşlı Bakımı,2,TYT,40,1,,1,,913343,294.92997,,
,SOSYAL BİLİMLER MESLEK YÜKSEKOKULU,,,,,,,,,,,
103350696,  Çağrı Merkezi Hizmetleri,2,TYT,30,1,,1,,1402783,259.55710,,
103350387,  İşletme Yönetimi,2,TYT,35,1,,1,,1226069,271.75240,,
103350342,  Muhasebe ve Vergi Uygulamaları,2,TYT,27,1,,1,,1057121,283.87829,,
103350527,  Sosyal Güvenlik,2,TYT,63,2,,2,,1168034,275.84831,,
,EGE ÜNİVERSİTESİ (İZMİR) (Devlet Üniversitesi),,,,,,,,,,,YÖKAK
,ALİAĞA MESLEK YÜKSEKOKULU,,,,,,,,,,,
103450571,  Elektrik,2,TYT,60,2,,,,664165,317.01463,*,MEDEK
103450614,  Makine,2,TYT,60,2,,,,638665,319.64415,*,MEDEK
103451348,  Metalurji,2,TYT,50,2,,,,979667,289.72859,,
103451048,  Rafineri ve Petro-Kimya Teknolojisi,2,TYT,25,1,,,,571113,326.97892,,
,ATATÜRK SAĞLIK HİZMETLERİ MESLEK YÜKSEKOKULU,,,,,,,,,,,
103451569,  Ameliyathane Hizmetleri,2,TYT,45,2,,,,399831,349.68837,,
103451718,  Ameliyathane Hizmetleri (KKTC Uyruklu),2,TYT,1,,,,5,,,,
103450023,  Anestezi,2,TYT,30,1,,,,210366,387.51008,,
103450147,  Çocuk Gelişimi,2,TYT,27,1,,,,415340,347.32827,,
103450041,  Diyaliz,2,TYT,64,2,,,,455994,341.46722,,
103451745,  Diyaliz (KKTC Uyruklu),2,TYT,1,,,,5,,,,
103451375,  Eczane Hizmetleri,2,TYT,30,1,,,,455511,341.53590,,
103451666,  Engelli Bakımı ve Rehabilitasyon,2,TYT,60,2,,,,782147,305.92737,,
103451303,  İlk ve Acil Yardım,2,TYT,32,1,,,,214382,386.47848,*,MEDEK
103451675,  Optisyenlik,2,TYT,35,1,,,,326474,362.14205,,
103450086,  Tıbbi Dokümantasyon ve Sekreterlik,2,TYT,30,1,,,,326353,362.16204,,
103451233,  Tıbbi Laboratuvar Teknikleri,2,TYT,43,2,,,,295221,368.15591,*,MEDEK
,BAYINDIR MESLEK YÜKSEKOKULU,,,,,,,,,,,
103451612,  Çim Alan Tesisi ve Yönetimi,2,TYT,35,1,,,,1574315,247.84673,*,MEDEK
103451296,  Moda Tasarımı,2,TYT,40,1,,,,861105,299.18039,,
103490355,  Peyzaj ve Süs Bitkileri Yetiştiriciliği,2,TYT,23,1,,,,1225010,271.82840,*,MEDEK
103450526,  Seracılık,2,TYT,35,1,,,,1563658,248.57485,,
,BERGAMA MESLEK YÜKSEKOKULU,,,,,,,,,,,
103451269,  Bilgisayar Programcılığı,2,TYT,60,2,,,,519513,333.11476,,
103451824,  Bitki Koruma,2,TYT,20,1,,,,913262,294.93729,,
103451357,  Eser Koruma,2,TYT,55,2,,,,1334248,264.24334,,
103451181,  Kontrol ve Otomasyon Teknolojisi,2,TYT,35,1,,,,653884,318.05638,,
103451463,  Mantarcılık,2,TYT,25,1,,,,1419484,258.41451,,
103490540,  Muhasebe ve Vergi Uygulamaları,2,TYT,27,1,,,,912322,295.01858,,
103490441,  Muhasebe ve Vergi Uygulamaları (Uzaktan Öğretim),2,TYT,90,3,,,7,1137943,277.99936,,
103450641,  Seracılık,2,TYT,55,2,,,,1570793,248.08420,,
103451639,  Turizm Animasyonu,2,TYT,45,2,,,,1203579,273.31644,,
103450668,  Turizm ve Otel İşletmeciliği,2,TYT,35,1,,,,666048,316.82773,,
,EGE MESLEK YÜKSEKOKULU,,,,,,,,,,,
103490357,  Basım ve Yayım Teknolojileri,2,TYT,65,2,,,,752691,308.58512,,
103450456,  Bilgisayar Programcılığı,2,TYT,70,2,,,,244200,379.17976,*,MEDEK
103450129,  Biyomedikal Cihaz Teknolojisi,2,TYT,35,1,,,,511622,334.09809,,
103450156,  Elektrik,2,TYT,70,2,,,,377645,353.23184,,
103451154,  Elektronik Haberleşme Teknolojisi,2,TYT,70,2,,,,637028,319.81300,,MEDEK
103451163,  Elektronik Teknolojisi,2,TYT,70,2,,,,504723,334.97506,,
103450226,  Gıda Teknolojisi,2,TYT,25,1,,,,540395,330.57330,,MEDEK
103450898,  Grafik Tasarımı,2,TYT,45,2,,,,430511,345.07930,,
103490449,  İç Mekan Tasarımı,2,TYT,36,1,,,,480485,338.14182,,
103451084,  İşletme Yönetimi,2,TYT,40,1,,,,503934,335.07344,*,MEDEK
103450271,  Makine,2,TYT,70,2,,,,404302,348.99897,,
103490356,  Makine Resim ve Konstrüksiyonu,2,TYT,60,2,,,,661854,317.24271,,MEDEK
103451684,  Mekatronik (Kız),2,TYT,20,,,,"31, 32",538752,330.77136,,
103451657,  Mekatronik (Erkek),2,TYT,20,,,,"32, 33",257639,376.12136,,
103451012,  Muhasebe ve Vergi Uygulamaları,2,TYT,27,1,,,,534764,331.25464,,
103451057,  Otomotiv Teknolojisi,2,TYT,35,1,,,,435009,344.40789,*,MEDEK
103490554,  Otonom Sistemler Teknikerliği,2,TYT,35,1,,,320,365385,355.29238,,
103490561,  Oyun Geliştirme ve Programlama,2,TYT,35,1,,,320,351012,357.73766,,
103490547,  Ön-Yüz Yazılım Geliştirme,2,TYT,35,1,,,320,350901,357.75537,,
103490652,  Ön-Yüz Yazılım Geliştirme (KKTC Uyruklu),2,TYT,1,,,,"5, 320",,,,
103451799,  Polimer Teknolojisi,2,TYT,40,1,,,,806993,303.76023,,
103490358,  Seramik ve Cam Tasarımı,2,TYT,30,1,,,,770881,306.94092,,
103451251,  Tarım Makineleri,2,TYT,30,1,,,,927950,293.78315,,
,EMEL AKIN MESLEK YÜKSEKOKULU,,,,,,,,,,,
103451287,  Giyim Üretim Teknolojisi,2,TYT,35,1,,,,888321,296.95619,,
103451278,  Moda Tasarımı,2,TYT,35,1,,,,511542,334.10793,,
103450923,  Tekstil Teknolojisi,2,TYT,35,1,,,,857259,299.50373,,
,HAVACILIK MESLEK YÜKSEKOKULU,,,,,,,,,,,
103490659,  Sivil Hava Ulaştırma İşletmeciliği,2,TYT,35,1,,,10,328915,361.69408,*,MEDEK
103490666,  Uçak Teknolojisi,2,TYT,25,1,,,10,181758,395.48777,,
,ÖDEMİŞ MESLEK YÜKSEKOKULU,,,,,,,,,,,
103451075,  Bahçe Tarımı,2,TYT,20,1,,,,1403131,259.53257,,
103451806,  Laborant ve Veteriner Sağlık,2,TYT,35,1,,,,578367,326.15536,*,MEDEK
103450871,  Organik Tarım,2,TYT,30,1,,,,1496069,253.19711,,MEDEK
103451587,  Süt ve Besi Hayvancılığı,2,TYT,30,1,,,,1549693,249.52151,,MEDEK
103451312,  Süt ve Ürünleri Teknolojisi,2,TYT,30,1,,,,1552617,249.32137,,
103451596,  Tıbbi ve Aromatik Bitkiler,2,TYT,30,1,,,,1318192,265.34846,*,MEDEK
103450738,  Tohumculuk Teknolojisi,2,TYT,30,1,,,,1597154,246.29742,,
,SİBER GÜVENLİK MESLEK YÜKSEKOKULU,,,,,,,,,,,
103490526,  Siber Güvenlik Analistliği ve Operatörlüğü,2,TYT,30,1,,,"22, 24, 34, 320",157518,402.96691,,
,TİRE KUTSAN MESLEK YÜKSEKOKULU,,,,,,,,,,,
103450792,  Bilgisayar Programcılığı,2,TYT,65,2,,,,558604,328.42184,,MEDEK
103450765,  Gıda Teknolojisi,2,TYT,35,1,,,321,889013,296.90033,,MEDEK
103490568,  Muhasebe ve Vergi Uygulamaları,2,TYT,27,1,,,,927297,293.83552,,
,URLA DENİZCİLİK MESLEK YÜKSEKOKULU,,,,,,,,,,,
103451603,  Deniz Ulaştırma ve İşletme,2,TYT,32,1,,,11,261232,375.30133,,
103451621,  Su Altı Teknolojisi,2,TYT,40,1,,,57,723926,311.22953,,
,ERCİYES ÜNİVERSİTESİ (KAYSERİ) (Devlet Üniversitesi),,,,,,,,,,,YÖKAK
,HALİL BAYRAKTAR SAĞLIK HİZMETLERİ MESLEK YÜKSEKOKULU,,,,,,,,,,,
103550685,  Ağız ve Diş Sağlığı,2,TYT,30,1,,,,350462,357.83188,,
103550904,  Ameliyathane Hizmetleri,2,TYT,30,1,,,,452427,341.96042,,MEDEK
103550155,  Anestezi,2,TYT,30,1,,,,286886,369.84683,,
103550182,  Elektronörofizyoloji,2,TYT,30,1,,,,511382,334.12757,,
103550931,  İlk ve Acil Yardım,2,TYT,30,1,,,,280300,371.21469,,MEDEK
103550191,  Odyometri,2,TYT,30,1,,,,506285,334.76686,,
103550216,  Radyoterapi,2,TYT,30,1,,,,526676,332.22694,,
103550225,  Tıbbi Dokümantasyon ve Sekreterlik,2,TYT,30,1,,,,365044,355.34799,,
103550879,  Tıbbi Görüntüleme Teknikleri,2,TYT,30,1,,,,308187,365.59783,,
103550852,  Tıbbi Laboratuvar Teknikleri,2,TYT,30,1,,,,386723,351.76315,,MEDEK
,ERZİNCAN BİNALİ YILDIRIM ÜNİVERSİTESİ (Devlet Üniversitesi),,,,,,,,,,,YÖKAK
,ÇAYIRLI MESLEK YÜKSEKOKULU,,,,,,,,,,,
103690078,  Laborant ve Veteriner Sağlık,2,TYT,35,1,,1,,1340580,263.81211,,
103650948,  Tıbbi Laboratuvar Teknikleri,2,TYT,34,1,,1,,627012,320.86938,,
,İLİÇ DURSUN YILDIRIM MESLEK YÜKSEKOKULU,,,,,,,,,,,
103651001,"  Elektrik Enerjisi Üretim, İletim ve Dağıtımı",2,TYT,35,1,,1,,1715392,238.24162,,
103651064,  Tapu ve Kadastro,2,TYT,35,1,,1,,1420162,258.36621,,
103690106,  Tıbbi Laboratuvar Teknikleri,2,TYT,34,1,,1,,637696,319.74544,,
,KEMAH MESLEK YÜKSEKOKULU,,,,,,,,,,,
103650551,  Bankacılık ve Sigortacılık,2,TYT,30,1,,1,,1529339,250.91627,,
103651055,  Bankacılık ve Sigortacılık (Uzaktan Öğretim),2,TYT,55,2,,2,7,1333067,264.32752,,
103690083,  Bilişim Güvenliği Teknolojisi,2,TYT,35,1,,1,,1669866,241.34297,,
103650806,  Çağrı Merkezi Hizmetleri,2,TYT,35,1,,1,,1614563,245.11025,,
103690081,  Raylı Sistemler Makinistliği,2,TYT,45,2,,2,6,1073079,282.69560,,
103651107,  Sağlık Kurumları İşletmeciliği,2,TYT,28,1,,1,,1431383,257.59876,,
,KEMALİYE HACI ALİ AKIN MESLEK YÜKSEKOKULU,,,,,,,,,,,
103600206,  Dijital Sağlık Sistemleri Teknikerliği,2,TYT,55,2,,2,,1308287,266.04435,,
103651019,  Laborant ve Veteriner Sağlık,2,TYT,35,1,,1,,1396259,259.99815,,
103650366,  Mimari Restorasyon,2,TYT,35,1,,1,,1749256,235.93286,,
,MESLEK YÜKSEKOKULU,,,,,,,,,,,
103600213,  Arka-Yüz Yazılım Geliştirme,2,TYT,30,1,,1,320,...,----,,
103690130,  Basım ve Yayım Teknolojileri,2,TYT,35,1,,1,,1630736,244.00865,,
103650842,  Bilgisayar Programcılığı,2,TYT,65,2,,2,,1063789,283.38739,,MEDEK
103650684,  Büro Yönetimi ve Yönetici Asistanlığı,2,TYT,40,1,,1,,1090042,281.45455,,
103690137,  Ceza İnfaz ve Güvenlik Hizmetleri,2,TYT,45,2,,2,17,840291,300.92120,,
103650039,  Elektrik,2,TYT,50,2,,2,,1256675,269.62024,,
103690103,  Elektronik Teknolojisi,2,TYT,35,1,,1,,1389919,260.42993,,
103650075,  Harita ve Kadastro,2,TYT,25,1,,1,,1392818,260.23817,,
103650903,  İç Mekan Tasarımı,2,TYT,36,1,,1,,1572416,247.97645,,
103650463,  İnşaat Teknolojisi,2,TYT,35,1,,1,,1593864,246.52794,,
103650481,  Lojistik,2,TYT,35,1,,1,,1575880,247.74252,,
103690144,  Mahkeme Büro Hizmetleri,2,TYT,35,1,,1,,907119,295.44298,,
103650912,  Moda Tasarımı,2,TYT,35,1,,1,,1547700,249.65376,,
103650375,  Muhasebe ve Vergi Uygulamaları,2,TYT,27,1,,1,,1333639,264.28758,,MEDEK
103600220,  Ön-Yüz Yazılım Geliştirme,2,TYT,30,1,,1,320,...,----,,
103690060,  Sivil Hava Ulaştırma İşletmeciliği,2,TYT,40,1,,1,10,916301,294.69648,,MEDEK
103650939,  Sivil Havacılık Kabin Hizmetleri,2,TYT,40,1,,1,10,759681,307.95227,,
103690186,  Talaşlı Üretim Teknikerliği,2,TYT,50,2,,2,,1926298,223.46359,,
103650921,  Uçak Teknolojisi,2,TYT,35,1,,1,10,400141,349.63376,,
103690151,  Uçak Teknolojisi (KKTC Uyruklu),2,TYT,1,,,,"5, 10",,,,
103690193,  Yenilenebilir Enerji Teknikerliği,2,TYT,40,1,,1,,1368828,261.87472,,
,REFAHİYE BAHAR YILDIRIM SAĞLIK HİZMETLERİ MESLEK YÜKSEKOKULU,,,,,,,,,,,
103690107,  Çocuk Gelişimi,2,TYT,27,1,,1,,1200389,273.54241,,
103690108,  Tıbbi Dokümantasyon ve Sekreterlik,2,TYT,30,1,,1,,690868,314.36369,,
,REFAHİYE MESLEK YÜKSEKOKULU,,,,,,,,,,,
103650648,  Posta Hizmetleri,2,TYT,45,2,,2,,1781693,233.69447,,
103690082,  Raylı Sistemler Elektrik ve Elektronik,2,TYT,35,1,,1,6,1051893,284.28232,,
103650303,  Raylı Sistemler İşletmeciliği,2,TYT,35,1,,1,6,1301966,266.48085,,
103650887,  Raylı Sistemler İşletmeciliği (Uzaktan Öğretim),2,TYT,35,1,,1,"6, 7",770638,306.96166,,
103650418,  Raylı Sistemler Yol Teknolojisi,2,TYT,35,1,,1,6,1393224,260.21137,,
,SAĞLIK HİZMETLERİ MESLEK YÜKSEKOKULU,,,,,,,,,,,
103650657,  Acil Durum ve Afet Yönetimi,2,TYT,43,2,,2,,822889,302.39858,,
103690069,  Ağız ve Diş Sağlığı,2,TYT,50,2,,2,,477989,338.48123,,
103690084,  Anestezi,2,TYT,41,2,,2,,399495,349.73705,,
103650321,  Çocuk Gelişimi,2,TYT,27,1,,1,,894247,296.47267,,
103690058,  Eczane Hizmetleri,2,TYT,30,1,,1,,673273,316.11045,,
103650975,  Evde Hasta Bakımı,2,TYT,45,2,,2,,758487,308.06144,,
103651091,  İlk ve Acil Yardım,2,TYT,41,2,,2,,424109,346.02812,,
103650339,  Tıbbi Dokümantasyon ve Sekreterlik,2,TYT,30,1,,1,,542654,330.30924,,
103690085,  Tıbbi Görüntüleme Teknikleri,2,TYT,39,1,,1,,431376,344.95472,,
,TERCAN MESLEK YÜKSEKOKULU,,,,,,,,,,,
103650533,  Bilgisayar Programcılığı,2,TYT,60,2,,2,,1557141,249.01600,,
103690200,"  Elektrik Enerjisi Üretim, İletim ve Dağıtımı",2,TYT,30,1,,1,,1664647,241.69850,,
103650966,  Sosyal Hizmetler,2,TYT,40,1,,1,,1388552,260.52160,,
,TURİZM VE OTELCİLİK MESLEK YÜKSEKOKULU,,,,,,,,,,,
103650896,  Aşçılık,2,TYT,65,2,,2,,1229171,271.53603,,
103690061,  Turist Rehberliği,2,TYT,30,1,,1,,1459408,255.67892,,
103650348,  Turizm ve Otel İşletmeciliği,2,TYT,30,1,,1,,1538713,250.26551,,
,ÜZÜMLÜ MESLEK YÜKSEKOKULU,,,,,,,,,,,
103650603,  Bilgisayar Programcılığı,2,TYT,35,1,,1,,1521636,251.44165,,
103690086,  İç Mekan Tasarımı,2,TYT,27,1,,1,,1771709,234.37910,,
103651073,  Sivil Savunma ve İtfaiyecilik,2,TYT,75,2,,,9,1042364,284.98366,,
,ESKİŞEHİR OSMANGAZİ ÜNİVERSİTESİ (Devlet Üniversitesi),,,,,,,,,,,YÖKAK
,ESKİŞEHİR MESLEK YÜKSEKOKULU,,,,,,,,,,,
103890295,  Cnc Programlama ve Operatörlüğü,2,TYT,65,2,,2,,586552,325.24400,,
103850258,  Çevre Koruma ve Kontrol,2,TYT,55,2,,2,,960757,291.18518,,
103850267,  Mekatronik,2,TYT,35,1,,1,,464829,340.24565,,
103890231,  Uçak Teknolojisi,2,TYT,45,2,,2,10,187622,393.80513,,
,MAHMUDİYE ATÇILIK MESLEK YÜKSEKOKULU,,,,,,,,,,,
103850328,  Atçılık ve Antrenörlüğü,2,TYT,45,2,,2,,1159577,276.44938,,
,SAĞLIK HİZMETLERİ MESLEK YÜKSEKOKULU,,,,,,,,,,,
103850204,  İlk ve Acil Yardım,2,TYT,36,1,,1,,261724,375.18460,,
103850301,  Optisyenlik,2,TYT,35,1,,1,,450405,342.23591,,
103850179,  Ortopedik Protez ve Ortez,2,TYT,45,2,,2,,562976,327.92132,,
103890232,  Ortopedik Protez ve Ortez (KKTC Uyruklu),2,TYT,1,,,,5,,,,
103850055,  Tıbbi Dokümantasyon ve Sekreterlik,2,TYT,30,1,,1,,387343,351.65845,,
103850188,  Tıbbi Görüntüleme Teknikleri,2,TYT,35,1,,1,,284882,370.27253,,
103850161,  Tıbbi Laboratuvar Teknikleri,2,TYT,43,2,,2,,373136,353.96919,,
103850213,  Yaşlı Bakımı,2,TYT,45,2,,2,,729158,310.72969,,
,SİVRİHİSAR MESLEK YÜKSEKOKULU,,,,,,,,,,,
103890302,  Alternatif Enerji Kaynakları Teknolojisi,2,TYT,35,1,,1,,1027972,286.05040,,
103850125,  Bilgisayar Programcılığı,2,TYT,50,2,,2,,517055,333.42095,,
103850197,  İnşaat Teknolojisi,2,TYT,45,2,,2,,902407,295.81732,,
103850107,  Makine,2,TYT,50,2,,2,,692112,314.24576,,
103850134,  Muhasebe ve Vergi Uygulamaları,2,TYT,27,1,,1,,861484,299.14891,,
,ESKİŞEHİR TEKNİK ÜNİVERSİTESİ (Devlet Üniversitesi),,,,,,,,,,,
,BİLİŞİM TEKNOLOJİLERİ MESLEK YÜKSEKOKULU,,,,,,,,,,,
112490531,  Bilgisayar Programcılığı,2,TYT,65,2,,2,,322777,362.84275,*,MEDEK
112490475,  Bulut Bilişim Operatörlüğü,2,TYT,35,1,,1,320,420093,346.63075,,
112490538,  İnsansız Hava Aracı Teknolojisi ve Operatörlüğü,2,TYT,50,2,,2,,289006,369.41521,,
112490545,  Mekatronik,2,TYT,50,2,,2,,399586,349.72596,*,MEDEK
112490482,  Oyun Geliştirme ve Programlama,2,TYT,35,1,,1,320,375703,353.54841,,
112490489,  Robotik ve Yapay Zeka,2,TYT,35,1,,1,320,223205,384.20276,,
112490559,  Siber Güvenlik Analistliği ve Operatörlüğü,2,TYT,35,1,,1,320,196514,391.29931,,
112490566,  Uzaktan Algılama ve Coğrafi Bilgi Sistemleri,2,TYT,35,1,,1,,811837,303.34556,,
,PORSUK MESLEK YÜKSEKOKULU,,,,,,,,,,,
112490446,  Basım ve Yayım Teknolojileri,2,TYT,50,2,,2,,958410,291.37014,,
112451243,"  Elektrik Enerjisi Üretim, İletim ve Dağıtımı",2,TYT,50,2,,2,,684467,315.00441,,
112450969,  Grafik Tasarımı,2,TYT,50,2,,2,,524542,332.48452,,
112490573,  Hidrojen ve Enerji Depolama Teknikerliği,2,TYT,35,1,,1,,880756,297.57007,,
112490444,  Makine Resim ve Konstrüksiyonu,2,TYT,50,2,,2,,753462,308.51438,*,MEDEK
112450642,  Radyo ve Televizyon Teknolojisi,2,TYT,50,2,,2,,829504,301.84102,,
112451234,  Yapı Denetimi,2,TYT,50,2,,2,,928311,293.75283,,
,ULAŞTIRMA MESLEK YÜKSEKOKULU,,,,,,,,,,,
112450766,  Lojistik,2,TYT,35,1,,1,,613433,322.32195,*,MEDEK
112490445,  Raylı Sistemler Elektrik ve Elektronik,2,TYT,50,2,,2,6,471277,339.36619,,
112450475,  Raylı Sistemler İşletmeciliği,2,TYT,35,1,,1,6,585027,325.41608,,
112450484,  Raylı Sistemler Makine Teknolojisi,2,TYT,50,2,,2,6,559687,328.29954,,
112490443,  Raylı Sistemler Makinistliği,2,TYT,50,2,,2,6,505628,334.85549,,
112450633,  Raylı Sistemler Yol Teknolojisi,2,TYT,50,2,,2,6,718158,311.77316,,
112450978,  Sivil Havacılık Kabin Hizmetleri,2,TYT,50,2,,2,10,354411,357.15965,,
112450615,  Ulaştırma ve Trafik Hizmetleri,2,TYT,50,2,,2,,992404,288.74506,,
112451367,  Ulaştırma ve Trafik Hizmetleri (KKTC Uyruklu),2,TYT,1,,,,5,...,----,,
,FIRAT ÜNİVERSİTESİ (ELAZIĞ) (Devlet Üniversitesi),,,,,,,,,,,YÖKAK
,BASKİL MESLEK YÜKSEKOKULU,,,,,,,,,,,
103990154,  Alternatif Enerji Kaynakları Teknolojisi,2,TYT,25,1,,,,1488054,253.74192,,
103951282,  Bahçe Tarımı,2,TYT,23,1,,,,1786383,233.37338,,
103990242,  Organik Tarım,2,TYT,40,1,,,,1780758,233.75818,,
103990185,  Raylı Sistemler Makinistliği,2,TYT,30,1,,,6,791807,305.08344,,
,ELAZIĞ ORGANİZE SANAYİ BÖLGESİ MESLEK YÜKSEKOKULU,,,,,,,,,,,
103950866,  Bilgisayar Programcılığı,2,TYT,45,2,,,321,1043239,284.92159,,
103990179,  Doğalgaz ve Tesisatı Teknolojisi,2,TYT,25,1,,,321,1601769,245.98309,,
103950857,  Elektronik Teknolojisi,2,TYT,30,1,,,321,1221291,272.08658,,
103990186,  Endüstri Ürünleri Tasarımı,2,TYT,35,1,,,,1730652,237.20300,,
103990243,  Giyim Üretim Teknolojisi,2,TYT,20,1,,,,1722280,237.77453,,
103951334,  İnşaat Teknolojisi,2,TYT,35,1,,,321,1468078,255.09435,,
103951307,  Kaynak Teknolojisi,2,TYT,35,1,,,321,1609629,245.44967,,MEDEK
103950778,  Kimya Teknolojisi,2,TYT,25,1,,,321,1375542,261.41253,,
103951291,  Yapı Denetimi,2,TYT,18,1,,,,1469234,255.01562,,
,KARAKOÇAN MESLEK YÜKSEKOKULU,,,,,,,,,,,
103951025,  Bilgisayar Programcılığı,2,TYT,40,1,,,,1434181,257.40669,,
103951404,  Gıda Teknolojisi,2,TYT,25,1,,,,1717993,238.06395,,
103990183,  Tapu ve Kadastro,2,TYT,25,1,,,,1105024,280.37201,,
103951458,  Yapı Denetimi,2,TYT,20,1,,,,1696613,239.52990,,
,KEBAN MESLEK YÜKSEKOKULU,,,,,,,,,,,
103950715,  Çevre Koruma ve Kontrol,2,TYT,35,1,,,,1594518,246.48014,,
103950812,"  Elektrik Enerjisi Üretim, İletim ve Dağıtımı",2,TYT,35,1,,,,1300782,266.56062,,
103990259,  Geoteknik,2,TYT,35,1,,,,1735104,236.89062,,
103950327,  Gıda Teknolojisi,2,TYT,30,1,,,,1710759,238.55657,,
103990244,  Peyzaj ve Süs Bitkileri Yetiştiriciliği,2,TYT,20,1,,,,1782047,233.67033,,
,KOVANCILAR MESLEK YÜKSEKOKULU,,,,,,,,,,,
103950981,  Bilgisayar Programcılığı,2,TYT,45,2,,,,1375848,261.39086,,
103990105,  Eczane Hizmetleri,2,TYT,30,1,,,,640665,319.43394,,
103990266,  Evde Hasta Bakımı,2,TYT,35,1,,,,688142,314.63666,,
103951397,  İlk ve Acil Yardım,2,TYT,32,1,,,,356974,356.72771,,
103950999,  İşletme Yönetimi,2,TYT,35,1,,,,1590025,246.78837,,
103990158,  Optisyenlik,2,TYT,35,1,,,,807337,303.73258,,
103990188,  Sağlık Kurumları İşletmeciliği,2,TYT,28,1,,,,1095871,281.03643,,
,SAĞLIK HİZMETLERİ MESLEK YÜKSEKOKULU,,,,,,,,,,,
103950106,  Anestezi,2,TYT,41,2,,,,311167,365.01850,,
103900381,  Çocuk Gelişimi,2,TYT,27,1,,,,995363,288.51965,,
103950972,  Fizyoterapi,2,TYT,41,2,,,,491696,336.65511,,
103990187,  Odyometri,2,TYT,35,1,,,,541217,330.47488,,
103950706,  Otopsi Yardımcılığı,2,TYT,27,1,,,,596200,324.18232,,
103990413,  Otopsi Yardımcılığı (KKTC Uyruklu),2,TYT,1,,,,5,,,,
103950124,  Tıbbi Dokümantasyon ve Sekreterlik,2,TYT,30,1,,,,414493,347.46246,,
103950909,  Tıbbi Görüntüleme Teknikleri,2,TYT,39,1,,,,327553,361.94621,,
103950893,  Tıbbi Laboratuvar Teknikleri,2,TYT,34,1,,,,426841,345.61602,,MEDEK
,SİVRİCE MESLEK YÜKSEKOKULU,,,,,,,,,,,
103951255,  Atçılık ve Antrenörlüğü,2,TYT,35,1,,,,1674800,241.00381,,
103950424,  Harita ve Kadastro,2,TYT,25,1,,,,1092186,281.29988,,
103990157,  Laborant ve Veteriner Sağlık,2,TYT,35,1,,,,729305,310.71589,,
103950451,  Turizm ve Otel İşletmeciliği,2,TYT,30,1,,,,1550259,249.48240,,
,SOSYAL BİLİMLER MESLEK YÜKSEKOKULU,,,,,,,,,,,
103990184,  Aşçılık,2,TYT,35,1,,,,860281,299.24921,,MEDEK
103951413,  Bankacılık ve Sigortacılık,2,TYT,30,1,,,,942325,292.63215,,
103950954,  Büro Yönetimi ve Yönetici Asistanlığı,2,TYT,35,1,,,,756666,308.22588,,
103950681,  Dış Ticaret,2,TYT,35,1,,,,1367006,261.99143,,
103951052,  Halkla İlişkiler ve Tanıtım,2,TYT,45,2,,,,1325593,264.83235,,
103950787,  İşletme Yönetimi,2,TYT,35,1,,,,1269083,268.75481,,
103950742,  Muhasebe ve Vergi Uygulamaları,2,TYT,27,1,,,,984265,289.37790,,
103950699,  Pazarlama,2,TYT,35,1,,,,1437086,257.20245,,
103950178,  Turizm ve Otel İşletmeciliği,2,TYT,35,1,,,,1272596,268.51321,,
,TEKNİK BİLİMLER MESLEK YÜKSEKOKULU,,,,,,,,,,,
103950309,  Bilgisayar Programcılığı,2,TYT,95,3,,,,736782,310.03606,,
103990245,  Bilgisayar Programcılığı (Uzaktan Öğretim),2,TYT,100,3,,,"7, 8",1294996,266.95990,,
103950212,  Biyomedikal Cihaz Teknolojisi,2,TYT,35,1,,,,902337,295.82237,,
103950221,  Elektrik,2,TYT,85,3,,,,842407,300.74520,,
103950839,  Elektronik Teknolojisi,2,TYT,35,1,,,,1050947,284.35105,,
103950724,  Grafik Tasarımı,2,TYT,45,2,,,,1164981,276.06956,,
103990252,  Hibrid ve Elektrikli Taşıtlar Teknolojisi,2,TYT,35,1,,,,857652,299.46980,,
103990107,  İç Mekan Tasarımı,2,TYT,36,1,,,,1218796,272.26159,,
103950918,  İnşaat Teknolojisi,2,TYT,35,1,,,,1060996,283.59305,,
103950275,  Makine,2,TYT,35,1,,,,1172984,275.48741,,MEDEK
103951361,  Mekatronik,2,TYT,35,1,,,,1001599,288.04783,,
103990159,  Mimari Restorasyon,2,TYT,35,1,,,,1306898,266.14043,,
103951343,  Otomotiv Teknolojisi,2,TYT,35,1,,,,1124050,278.99790,,
103900388,  Siber Güvenlik Analistliği ve Operatörlüğü,2,TYT,25,1,,,320,...,----,,
,GALATASARAY ÜNİVERSİTESİ (İSTANBUL) (Devlet Üniversitesi),,,,,,,,,,,
,DENİZCİLİK MESLEK YÜKSEKOKULU,,,,,,,,,,,
104070077,  Deniz Ulaştırma ve İşletme,2,TYT,23,1,,1,"11, 37",167374,399.83271,,
104070084,  Gemi Makineleri İşletmeciliği,2,TYT,18,1,,1,"11, 37",211047,387.34103,,
,GAZİ ÜNİVERSİTESİ (ANKARA) (Devlet Üniversitesi),,,,,,,,,,,YÖKAK
,SAĞLIK HİZMETLERİ MESLEK YÜKSEKOKULU,,,,,,,,,,,
104150914,  Ağız ve Diş Sağlığı,2,TYT,45,2,,,,296028,367.99781,,
104190624,  Ağız ve Diş Sağlığı (KKTC Uyruklu),2,TYT,1,,,,5,,,,
104150632,  İlk ve Acil Yardım,2,TYT,32,1,,,,227547,383.13435,,MEDEK
104150756,  Patoloji Laboratuvar Teknikleri,2,TYT,54,2,,,,445656,342.89085,,MEDEK
104190561,  Patoloji Laboratuvar Teknikleri (KKTC Uyruklu),2,TYT,1,,,,5,936626,293.08906,,
104150086,  Tıbbi Dokümantasyon ve Sekreterlik,2,TYT,30,1,,,,353156,357.37141,,
104150598,  Tıbbi Görüntüleme Teknikleri,2,TYT,40,1,,,,258874,375.83377,,
104150589,  Tıbbi Laboratuvar Teknikleri,2,TYT,43,2,,,,343906,358.99301,,MEDEK
104150641,  Yaşlı Bakımı,2,TYT,65,2,,,,685140,314.93876,,MEDEK
,TEKNİK BİLİMLER MESLEK YÜKSEKOKULU,,,,,,,,,,,
104151093,"  Elektrik Enerjisi Üretim, İletim ve Dağıtımı",2,TYT,45,2,,,321,513239,333.89251,,
104190631,"  Elektrik Enerjisi Üretim, İletim ve Dağıtımı (KKTC Uyruklu)",2,TYT,1,,,,5,,,,
104151039,  Elektronik Teknolojisi,2,TYT,75,2,,,321,374270,353.79066,,MEDEK
104151084,  Endüstri Ürünleri Tasarımı,2,TYT,65,2,,,321,658873,317.55166,,
104151021,  Endüstriyel Kalıpçılık,2,TYT,50,2,,,321,761949,307.74603,,MEDEK
104151075,  Kaynak Teknolojisi,2,TYT,50,2,,,321,738635,309.86413,,MEDEK
104190336,  Kaynak Teknolojisi (KKTC Uyruklu),2,TYT,1,,,,5,,,,
104151057,  Kimya Teknolojisi,2,TYT,25,1,,,321,429149,345.27864,,MEDEK
104151012,  Makine,2,TYT,50,2,,,321,373641,353.89123,,MEDEK
104151048,  Mekatronik,2,TYT,65,2,,,321,370197,354.46638,,MEDEK
104151163,  Polimer Teknolojisi,2,TYT,33,1,,,321,786678,305.53421,,
,TUSAŞ-KAZAN MESLEK YÜKSEKOKULU,,,,,,,,,,,
104151003,  Bilgisayar Programcılığı,2,TYT,45,2,,,,330573,361.39847,*,MEDEK
104190553,  Bilişim Güvenliği Teknolojisi,2,TYT,45,2,,,,403340,349.14758,,
104190554,  Kontrol ve Otomasyon Teknolojisi,2,TYT,45,2,,,,406165,348.72318,,
104151199,  Uçak Teknolojisi,2,TYT,45,2,,,10,206035,388.68438,,
,GAZİANTEP İSLAM BİLİM VE TEKNOLOJİ ÜNİVERSİTESİ (Devlet Üniversitesi),,,,,,,,,,,
,SAĞLIK HİZMETLERİ MESLEK YÜKSEKOKULU,,,,,,,,,,,
111210053,  Ameliyathane Hizmetleri,2,TYT,36,1,,1,,512625,333.96671,,
111210021,  İlk ve Acil Yardım,2,TYT,36,1,,1,,359865,356.23154,*,MEDEK
111210022,  Tıbbi Laboratuvar Teknikleri,2,TYT,34,1,,1,,469844,339.55729,,
111210014,  Yaşlı Bakımı,2,TYT,30,1,,1,,...,----,,MEDEK
,TEKNİK BİLİMLER MESLEK YÜKSEKOKULU,,,,,,,,,,,
111210023,  Bilgisayar Programcılığı,2,TYT,55,2,,2,,652256,318.22459,*,MEDEK
111210024,  Makine,2,TYT,45,2,,2,,1038265,285.28566,*,MEDEK
,GAZİANTEP ÜNİVERSİTESİ (Devlet Üniversitesi),,,,,,,,,,,
,ARABAN MESLEK YÜKSEKOKULU,,,,,,,,,,,
104290221,  Çocuk Gelişimi,2,TYT,27,1,,1,,892172,296.64071,,
104251356,  Laborant ve Veteriner Sağlık,2,TYT,35,1,,1,,1110149,280.00423,,
104251074,  Organik Tarım,2,TYT,45,2,,2,,1707750,238.76610,,
,İSLAHİYE MESLEK YÜKSEKOKULU,,,,,,,,,,,
104290409,  İnşaat Teknolojisi,2,TYT,45,2,,2,,1430013,257.69171,,
104251056,  İşletme Yönetimi,2,TYT,35,1,,1,,1465202,255.29221,,
104251259,  Laborant ve Veteriner Sağlık,2,TYT,35,1,,1,,1044706,284.81450,,
104251268,  Lojistik,2,TYT,35,1,,1,,1502271,252.77462,,
104251065,  Muhasebe ve Vergi Uygulamaları,2,TYT,27,1,,1,,1318885,265.29956,*,MEDEK
104250888,  Organik Tarım,2,TYT,35,1,,1,,1717398,238.10721,*,MEDEK
104290416,  Süt ve Besi Hayvancılığı,2,TYT,35,1,,1,,1734058,236.96309,,
104251286,  Tıbbi Dokümantasyon ve Sekreterlik,2,TYT,30,1,,1,,537421,330.93056,,
,NACİ TOPÇUOĞLU MESLEK YÜKSEKOKULU,,,,,,,,,,,
104251223,  Ayakkabı Tasarım ve Üretimi,2,TYT,35,1,,1,"154, 321",1614939,245.08342,,
104290311,  Biyomedikal Cihaz Teknolojisi,2,TYT,40,1,,1,,869687,298.47523,,
104290423,  Doğalgaz ve Tesisatı Teknolojisi,2,TYT,30,1,,1,321,1369834,261.80520,,
104290430,  Elektrik,2,TYT,35,1,,1,321,893480,296.53294,,
104290318,  Elektronik Haberleşme Teknolojisi,2,TYT,45,2,,2,321,1260229,269.36919,*,MEDEK
104290325,  Elektronik Teknolojisi,2,TYT,45,2,,2,,1086970,281.68147,*,MEDEK
104290332,  Gıda Kalite Kontrolü ve Analizi,2,TYT,23,1,,1,321,1158985,276.49087,*,MEDEK
104250852,  Gıda Teknolojisi,2,TYT,30,1,,1,321,1186044,274.55380,*,MEDEK
104200360,  Gıda Teknolojisi (KKTC Uyruklu),2,TYT,1,,,,5,...,----,,
104290339,  Giyim Üretim Teknolojisi,2,TYT,20,1,,1,,1528410,250.97952,,
104250579,  Halıcılık ve Kilimcilik,2,TYT,35,1,,1,321,1478623,254.37878,,
104290437,  İklimlendirme ve Soğutma Teknolojisi,2,TYT,35,1,,1,321,1291451,267.20201,,
104290444,  İmalat Yürütme Sistemleri Operatörlüğü,2,TYT,35,1,,1,"320, 321",1606704,245.64806,,
104251311,  Kimya Teknolojisi,2,TYT,25,1,,1,321,990368,288.90530,*,MEDEK
104290297,  Kontrol ve Otomasyon Teknolojisi,2,TYT,35,1,,1,,982813,289.48723,,
104251374,  Makine,2,TYT,55,2,,2,321,1166607,275.95088,*,MEDEK
104290353,  Mekatronik,2,TYT,45,2,,2,321,748489,308.96230,*,MEDEK
104290451,  Otomotiv Teknolojisi,2,TYT,45,2,,2,321,1114434,279.69060,,
104290367,  Tekstil Teknolojisi,2,TYT,40,1,,1,,1459343,255.68322,,
104251347,  Tekstil ve Halı Makineleri,2,TYT,45,2,,2,321,1576013,247.73419,*,MEDEK
104251171,  Un ve Unlu Mamuller Teknolojisi,2,TYT,35,1,,1,321,1662715,241.83066,,
,NİZİP MESLEK YÜKSEKOKULU,,,,,,,,,,,
104251002,  Bankacılık ve Sigortacılık,2,TYT,30,1,,1,,1086164,281.74143,,
104250931,  Bilgisayar Programcılığı,2,TYT,35,1,,1,,1004950,287.79096,*,MEDEK
104250976,  Büro Yönetimi ve Yönetici Asistanlığı,2,TYT,40,1,,1,,1169366,275.74683,,
104251338,  Çağrı Merkezi Hizmetleri,2,TYT,46,2,,2,,1216647,272.40725,,
104250825,  Dış Ticaret,2,TYT,45,2,,2,,1414769,258.74034,,
104250376,  Gıda Teknolojisi,2,TYT,25,1,,1,,1375060,261.44584,,
104250667,  İşletme Yönetimi,2,TYT,40,1,,1,,1434635,257.37710,,
104250622,  Muhasebe ve Vergi Uygulamaları,2,TYT,27,1,,1,,1193813,273.99902,,
104250525,  Organik Tarım,2,TYT,35,1,,1,,1580869,247.40440,,
,NURDAĞI MESLEK YÜKSEKOKULU,,,,,,,,,,,
104290219,  Peyzaj ve Süs Bitkileri Yetiştiriciliği,2,TYT,20,1,,1,,1709355,238.65272,,
104251011,  Tıbbi ve Aromatik Bitkiler,2,TYT,35,1,,1,,1734890,236.90496,,
,OĞUZELİ MESLEK YÜKSEKOKULU,,,,,,,,,,,
104250755,  Bilgisayar Programcılığı,2,TYT,55,2,,2,,854399,299.75412,,
104290138,  Ceza İnfaz ve Güvenlik Hizmetleri,2,TYT,45,2,,2,17,694569,314.01600,,
104250676,  İşletme Yönetimi,2,TYT,40,1,,1,,1253660,269.83252,,
104251189,  Lojistik,2,TYT,50,2,,2,,1406729,259.28403,*,MEDEK
104250631,  Muhasebe ve Vergi Uygulamaları,2,TYT,27,1,,1,,1077118,282.40228,,
104251144,  Özel Güvenlik ve Koruma,2,TYT,45,2,,2,2,1031067,285.82340,,
104251198,  Sivil Savunma ve İtfaiyecilik,2,TYT,75,2,,,9,745257,309.25612,,
104251383,  Sosyal Güvenlik,2,TYT,63,2,,2,,1151554,277.02045,,
,SAĞLIK HİZMETLERİ MESLEK YÜKSEKOKULU,,,,,,,,,,,
104250913,  Ağız ve Diş Sağlığı,2,TYT,63,2,,2,,379540,352.92094,,
104251392,  Ameliyathane Hizmetleri,2,TYT,36,1,,1,,454675,341.64626,*,MEDEK
104250904,  Diş Protez Teknolojisi,2,TYT,40,1,,1,,465865,340.10025,,
104251038,  Fizyoterapi,2,TYT,50,2,,2,,474209,338.97915,,
104250985,  İlk ve Acil Yardım,2,TYT,32,1,,1,,265759,374.28628,*,MEDEK
104250313,  Tıbbi Dokümantasyon ve Sekreterlik,2,TYT,30,1,,1,,399565,349.72853,,
104250737,  Tıbbi Laboratuvar Teknikleri,2,TYT,43,2,,2,,404629,348.94779,*,MEDEK
104250552,  Yaşlı Bakımı,2,TYT,40,1,,1,,708320,312.71451,*,MEDEK
,SOSYAL BİLİMLER MESLEK YÜKSEKOKULU,,,,,,,,,,,
104250094,  Bankacılık ve Sigortacılık,2,TYT,30,1,,1,,639114,319.59861,*,MEDEK
104290287,  Bankacılık ve Sigortacılık (Uzaktan Öğretim),2,TYT,55,2,,2,7,1211912,272.73514,,
104250967,  Büro Yönetimi ve Yönetici Asistanlığı,2,TYT,45,2,,2,,749786,308.84959,,
104251365,  Çağrı Merkezi Hizmetleri,2,TYT,40,1,,1,,784644,305.70833,,
104250137,  Çocuk Gelişimi,2,TYT,27,1,,1,,540132,330.60616,,
104250146,  Dış Ticaret,2,TYT,45,2,,2,,744048,309.36508,,
104290290,  E-Ticaret ve Pazarlama,2,TYT,40,1,,1,,616734,321.96810,*,MEDEK
104250658,  İşletme Yönetimi,2,TYT,40,1,,1,,811224,303.39748,*,MEDEK
104290374,  Lojistik,2,TYT,50,2,,2,,897975,296.16837,*,MEDEK
104250613,  Muhasebe ve Vergi Uygulamaları,2,TYT,27,1,,1,,721885,311.42420,*,MEDEK
,TEKNİK BİLİMLER MESLEK YÜKSEKOKULU,,,,,,,,,,,
104290388,  Arka-Yüz Yazılım Geliştirme,2,TYT,35,1,,1,320,599885,323.77290,,
104290500,  Kuyumculuk ve Takı Tasarımı,2,TYT,35,1,,1,,1367658,261.95032,,
104290507,  Mimari Dekoratif Sanatlar,2,TYT,35,1,,1,,1147375,277.32355,,
104290395,  Ön-Yüz Yazılım Geliştirme,2,TYT,35,1,,1,320,666493,316.77730,,
104290514,  Radyo ve Televizyon Teknolojisi,2,TYT,25,1,,1,,1154086,276.84356,,
104290402,  Robotik ve Yapay Zeka,2,TYT,35,1,,1,320,426906,345.60685,,
,TURİZM VE OTELCİLİK MESLEK YÜKSEKOKULU,,,,,,,,,,,
104250085,  Aşçılık,2,TYT,75,2,,2,,707238,312.82088,,
104250701,  İkram Hizmetleri,2,TYT,45,2,,2,,1314813,265.58625,,
104250331,  Turizm ve Otel İşletmeciliği,2,TYT,35,1,,1,,902969,295.77257,,
104250728,  Turizm ve Seyahat Hizmetleri,2,TYT,35,1,,1,,1061613,283.54778,,
,GEBZE TEKNİK ÜNİVERSİTESİ (Devlet Üniversitesi),,,,,,,,,,,YÖKAK
,SİBER GÜVENLİK MESLEK YÜKSEKOKULU,,,,,,,,,,,
104410217,  Siber Güvenlik Analistliği ve Operatörlüğü,2,TYT,30,1,,,"22, 24, 34, 320",122400,415.57936,,
104410231,  Siber Güvenlik Analistliği ve Operatörlüğü (KKTC Uyruklu),2,TYT,2,,,,"5, 22, 24, 34, 320",,,,
,GİRESUN ÜNİVERSİTESİ (Devlet Üniversitesi),,,,,,,,,,,
,ALUCRA TURAN BULUTÇU MESLEK YÜKSEKOKULU,,,,,,,,,,,
104550425,  Bankacılık ve Sigortacılık,2,TYT,30,1,,1,,1447313,256.50330,,
104550558,  Halkla İlişkiler ve Tanıtım,2,TYT,37,1,,1,,1697138,239.49384,,
104551017,  Laborant ve Veteriner Sağlık,2,TYT,35,1,,1,,1110525,279.97651,,
104550955,  Medya ve İletişim,2,TYT,30,1,,1,,1702057,239.15739,,
104590115,  Sağlık Kurumları İşletmeciliği,2,TYT,28,1,,1,,1285703,267.60452,,
104590183,  Sosyal Güvenlik,2,TYT,36,1,,1,,1593690,246.53999,,
104590176,  Tıbbi Dokümantasyon ve Sekreterlik,2,TYT,30,1,,1,,630246,320.52642,,
,BULANCAK MESLEK YÜKSEKOKULU,,,,,,,,,,,
104590190,  Elektrik,2,TYT,55,2,,2,,1144963,277.50048,,
104590197,  Elektronik Teknolojisi,2,TYT,45,2,,2,,1336158,264.11235,,
104590204,  Fındık Eksperliği,2,TYT,35,1,,1,,1652982,242.49764,,
104590211,  Makine,2,TYT,45,2,,2,,1224225,271.88112,,
104590218,  Tekstil Teknolojisi,2,TYT,30,1,,1,,1728917,237.31980,,
,DERELİ MESLEK YÜKSEKOKULU (Keşap),,,,,,,,,,,
104551026,  Aşçılık,2,TYT,45,2,,2,,1070800,282.86171,,
104550964,  Çağrı Merkezi Hizmetleri,2,TYT,35,1,,1,,1472555,254.79109,,
104590116,  Ormancılık ve Orman Ürünleri,2,TYT,20,1,,1,,821149,302.54559,,
104550919,  Turizm ve Otel İşletmeciliği,2,TYT,35,1,,1,,1483729,254.02680,,
,ESPİYE MESLEK YÜKSEKOKULU,,,,,,,,,,,
104590132,  Acil Durum ve Afet Yönetimi (Yağlıdere),2,TYT,38,1,,1,,947843,292.19227,,
104550901,  Gıda Kalite Kontrolü ve Analizi,2,TYT,25,1,,1,,1556566,249.05370,,
104550849,  Özel Güvenlik ve Koruma,2,TYT,55,2,,2,2,1276925,268.21907,,
104550885,  Sivil Savunma ve İtfaiyecilik,2,TYT,65,2,,,9,871490,298.32390,,
104550937,  Tıbbi ve Aromatik Bitkiler,2,TYT,35,1,,1,,1712057,238.46842,,
,EYNESİL KAMİL NALBANT MESLEK YÜKSEKOKULU,,,,,,,,,,,
104550497,  Çocuk Gelişimi,2,TYT,36,1,,1,,1022909,286.44002,,
104590568,  Enerji Tesisleri İşletmeciliği,2,TYT,25,1,,1,,1760156,235.17293,,
104590470,  Mahkeme Büro Hizmetleri,2,TYT,35,1,,1,,1001950,288.02168,,
104551089,  Sosyal Hizmetler,2,TYT,45,2,,2,,1218660,272.27089,,
,GİRESUN MESLEK YÜKSEKOKULU,,,,,,,,,,,
104590225,  Bankacılık ve Sigortacılık,2,TYT,30,1,,1,,1003461,287.90515,,
104590428,  Bilgisayar Programcılığı,2,TYT,70,2,,2,,848693,300.22023,,
104590477,  Bilgisayar Programcılığı (KKTC Uyruklu),2,TYT,1,,,,5,,,,
104590239,  Büro Yönetimi ve Yönetici Asistanlığı,2,TYT,45,2,,2,,1024135,286.34444,,
104590442,  Grafik Tasarımı,2,TYT,65,2,,2,,1126036,278.85645,,
104590246,  Halkla İlişkiler ve Tanıtım,2,TYT,61,2,,2,,1443836,256.73959,,
104590456,  Harita ve Kadastro,2,TYT,30,1,,1,,1065740,283.24251,,
104590267,  İşletme Yönetimi,2,TYT,40,1,,1,,1323812,264.95755,,
104590274,  Mimari Restorasyon,2,TYT,45,2,,2,,1431890,257.56345,,
104590281,  Moda Tasarımı,2,TYT,45,2,,2,,1398364,259.85728,,
104590288,  Muhasebe ve Vergi Uygulamaları,2,TYT,27,1,,1,,1203742,273.30641,,
104590316,  Turizm ve Seyahat Hizmetleri,2,TYT,30,1,,1,,1354059,262.87565,,
104590505,  Yeşil ve Ekolojik Bina Teknikerliği,2,TYT,35,1,,1,,1522563,251.37494,,
,KEŞAP MESLEK YÜKSEKOKULU,,,,,,,,,,,
104550894,  Dış Ticaret,2,TYT,40,1,,1,,1570982,248.06930,,
104590114,  Emlak Yönetimi,2,TYT,20,1,,1,,1652241,242.54887,,
104590102,  İnşaat Teknolojisi,2,TYT,45,2,,2,,1471300,254.87359,,
104551035,  Sağlık Kurumları İşletmeciliği,2,TYT,28,1,,1,,1134844,278.21667,,
,SAĞLIK HİZMETLERİ MESLEK YÜKSEKOKULU,,,,,,,,,,,
104551053,  Anestezi,2,TYT,41,2,,2,,370427,354.42715,,
104590091,  Çocuk Gelişimi,2,TYT,36,1,,1,,755806,308.30144,,
104590084,  Diyaliz,2,TYT,47,2,,2,,583009,325.63930,,
104590082,  Fizyoterapi,2,TYT,41,2,,2,,575278,326.51254,,
104550991,  İlk ve Acil Yardım,2,TYT,32,1,,1,,361554,355.94600,*,MEDEK
104550946,  Optisyenlik,2,TYT,45,2,,2,,602590,323.48884,,
104590512,  Tele-Sağlık Teknikerliği,2,TYT,40,1,,1,,454234,341.70980,,
104550831,  Tıbbi Laboratuvar Teknikleri,2,TYT,43,2,,2,,497457,335.91146,*,MEDEK
104500262,  Tıbbi Veri İşleme Teknikerliği,2,TYT,30,1,,1,,470178,339.51327,,
104590519,  Yaşlı Bakımı,2,TYT,45,2,,2,,852648,299.89755,,
,ŞEBİNKARAHİSAR MESLEK YÜKSEKOKULU,,,,,,,,,,,
104590323,  Bankacılık ve Sigortacılık,2,TYT,30,1,,1,,1520907,251.49049,,
104590330,  Bilişim Güvenliği Teknolojisi,2,TYT,55,2,,2,,1486731,253.83163,,
104590337,  Elektrik,2,TYT,55,2,,2,,1439258,257.05338,,
104590344,  Gıda Teknolojisi,2,TYT,25,1,,1,,1591553,246.68588,,
104590351,  Halkla İlişkiler ve Tanıtım,2,TYT,21,1,,1,,1683210,240.43672,,
104590358,  İç Mekan Tasarımı,2,TYT,36,1,,1,,1612931,245.22263,,
104590526,  İklimlendirme ve Soğutma Teknolojisi,2,TYT,35,1,,1,,1805610,232.03130,,
104590365,  İnsan Kaynakları Yönetimi,2,TYT,27,1,,1,,1543455,249.94635,,
104590379,  Mimari Restorasyon,2,TYT,35,1,,1,,1724634,237.61293,,
104590386,  Moda Tasarımı,2,TYT,25,1,,1,,1656974,242.22605,,
,ŞEBİNKARAHİSAR SAĞLIK HİZMETLERİ MESLEK YÜKSEKOKULU,,,,,,,,,,,
104590400,  İlk ve Acil Yardım,2,TYT,41,2,,2,,486691,337.31588,,
104590533,  Tıbbi Veri İşleme Teknikerliği,2,TYT,45,2,,2,,643316,319.15405,,
,TİREBOLU MEHMET BAYRAK MESLEK YÜKSEKOKULU,,,,,,,,,,,
104590120,  Alternatif Enerji Kaynakları Teknolojisi (Doğankent),2,TYT,35,1,,1,,1703427,239.06136,,
104550082,  Bankacılık ve Sigortacılık,2,TYT,30,1,,1,,1334927,264.19677,,
104550734,  Bilgisayar Programcılığı,2,TYT,50,2,,2,,1086841,281.69152,,
104551044,"  Elektrik Enerjisi Üretim, İletim ve Dağıtımı (Doğankent)",2,TYT,35,1,,1,,1388616,260.51732,,
104550601,  Muhasebe ve Vergi Uygulamaları,2,TYT,27,1,,1,,1441856,256.87466,,
104590121,  Posta Hizmetleri,2,TYT,30,1,,1,,1738283,236.67857,,
104590135,  Sağlık Kurumları İşletmeciliği,2,TYT,28,1,,1,,1175902,275.27793,,
104550691,  Turizm ve Seyahat Hizmetleri,2,TYT,30,1,,1,,1542114,250.03826,,
104590540,  Web Tasarımı ve Kodlama,2,TYT,45,2,,2,,1360612,262.43069,,
,GÜMÜŞHANE ÜNİVERSİTESİ (Devlet Üniversitesi),,,,,,,,,,,YÖKAK
,GÜMÜŞHANE MESLEK YÜKSEKOKULU,,,,,,,,,,,
104750168,  Bilgisayar Programcılığı,2,TYT,65,2,,2,,1177409,275.17353,,MEDEK
104790071,  Biyomedikal Cihaz Teknolojisi,2,TYT,35,1,,1,,1125585,278.88695,,
104790044,  Coğrafi Bilgi Sistemleri,2,TYT,35,1,,1,,1690542,239.93595,,
104750026,  Elektrik,2,TYT,45,2,,2,,1326210,264.78872,,
104750468,  Grafik Tasarımı,2,TYT,55,2,,2,,1537108,250.37742,,
104750423,  İç Mekan Tasarımı,2,TYT,36,1,,1,,1616614,244.96925,,
104750186,  İnşaat Teknolojisi,2,TYT,45,2,,2,,1675380,240.96474,,
104750547,  Laboratuvar Teknolojisi,2,TYT,40,1,,1,,976060,290.00946,,MEDEK
104790072,  Madencilik Teknolojisi,2,TYT,18,1,,1,,1800593,232.38104,,
104750283,  Mekatronik,2,TYT,45,2,,2,,1416624,258.61229,,MEDEK
104790065,  Mimari Restorasyon,2,TYT,35,1,,1,,1663103,241.80503,,
104750238,  Ormancılık ve Orman Ürünleri,2,TYT,20,1,,1,,861511,299.14663,,
,GÜMÜŞHANE SAĞLIK HİZMETLERİ MESLEK YÜKSEKOKULU,,,,,,,,,,,
104750398,  Çocuk Gelişimi,2,TYT,32,1,,1,,1012483,287.22195,,
104790018,  Diyaliz,2,TYT,60,2,,2,,640530,319.44806,,
104750565,  Fizyoterapi,2,TYT,41,2,,2,,675797,315.85344,,
104750229,  İlk ve Acil Yardım,2,TYT,32,1,,1,,444046,343.12358,,
104790082,  Patoloji Laboratuvar Teknikleri,2,TYT,27,1,,1,,676141,315.81762,,
104750202,  Tıbbi Laboratuvar Teknikleri,2,TYT,43,2,,2,,553984,328.97399,,
104750495,  Yaşlı Bakımı,2,TYT,70,2,,2,,982251,289.53240,,
,İRFAN CAN KÖSE MESLEK YÜKSEKOKULU,,,,,,,,,,,
104790066,  Ceza İnfaz ve Güvenlik Hizmetleri,2,TYT,45,2,,2,17,906928,295.45767,,
104750335,  Lojistik,2,TYT,45,2,,2,,1677546,240.81799,,
104750529,  Posta Hizmetleri,2,TYT,30,1,,1,,1774567,234.17946,,
104790020,  Sosyal Güvenlik,2,TYT,36,1,,1,,1638190,243.50604,,
,KELKİT AYDIN DOĞAN MESLEK YÜKSEKOKULU,,,,,,,,,,,
104750177,  Bilgisayar Programcılığı,2,TYT,65,2,,2,,1464413,255.34219,,
104750556,"  Elektrik Enerjisi Üretim, İletim ve Dağıtımı",2,TYT,25,1,,1,,1534080,250.58372,,
104790057,  Elektronik Teknolojisi,2,TYT,35,1,,1,,1563984,248.55344,,
104750477,  Laborant ve Veteriner Sağlık,2,TYT,35,1,,1,,1236570,271.02252,,
104750132,  Muhasebe ve Vergi Uygulamaları,2,TYT,18,1,,1,,1593434,246.55871,,
104750114,  Sivil Hava Ulaştırma İşletmeciliği,2,TYT,40,1,,1,10,1017333,286.86135,,
104790022,  Sivil Havacılık Kabin Hizmetleri,2,TYT,65,2,,2,10,878972,297.71081,,
104790045,  Tapu ve Kadastro,2,TYT,30,1,,1,,1300752,266.56287,,
,KELKİT SEMA DOĞAN SAĞLIK HİZMETLERİ MESLEK YÜKSEKOKULU,,,,,,,,,,,
104790103,  Anestezi,2,TYT,54,2,,2,,453360,341.82659,,
104790117,  Çocuk Gelişimi,2,TYT,32,1,,1,,1136515,278.09857,,
104790096,  İlk ve Acil Yardım,2,TYT,32,1,,1,,501454,335.39560,,
104790194,  Tıbbi Görüntüleme Teknikleri,2,TYT,39,1,,1,,517729,333.33725,,
,KÜRTÜN MESLEK YÜKSEKOKULU,,,,,,,,,,,
104750414,  Ormancılık ve Orman Ürünleri,2,TYT,20,1,,1,,984899,289.32833,,
104790046,  Sivil Savunma ve İtfaiyecilik,2,TYT,65,2,,,9,1024498,286.31665,,
,SOSYAL BİLİMLER MESLEK YÜKSEKOKULU,,,,,,,,,,,
104750123,  Muhasebe ve Vergi Uygulamaları,2,TYT,27,1,,1,,1546510,249.73511,,
104790047,  Sağlık Kurumları İşletmeciliği,2,TYT,28,1,,1,,1273291,268.46712,,
104790027,  Sosyal Hizmetler,2,TYT,35,1,,1,,1195994,273.85128,,
104750362,  Turizm ve Otel İşletmeciliği,2,TYT,30,1,,1,,1503394,252.69684,,
,ŞİRAN DURSUN KELEŞ SAĞLIK HİZMETLERİ MESLEK YÜKSEKOKULU,,,,,,,,,,,
104790131,  Diyaliz,2,TYT,47,2,,2,,691996,314.25587,,
104790138,  Eczane Hizmetleri,2,TYT,30,1,,1,,799694,304.39821,,
104790145,  Fizyoterapi,2,TYT,41,2,,2,,720930,311.51317,,
104790152,  İlk ve Acil Yardım,2,TYT,32,1,,1,,520523,332.98637,,
104790166,  Tıbbi Dokümantasyon ve Sekreterlik,2,TYT,30,1,,1,,670437,316.39449,,
,ŞİRAN MUSTAFA BEYAZ MESLEK YÜKSEKOKULU,,,,,,,,,,,
104790054,  Acil Durum ve Afet Yönetimi,2,TYT,34,1,,1,,977403,289.90693,,
104790024,  Aşçılık,2,TYT,55,2,,2,,1280458,267.97342,,
104790055,  Gıda Kalite Kontrolü ve Analizi,2,TYT,23,1,,1,,1748644,235.97327,,
104750265,  Laborant ve Veteriner Sağlık,2,TYT,35,1,,1,,1319336,265.26800,,
104750538,  Tıbbi Laboratuvar Teknikleri,2,TYT,34,1,,1,,628537,320.70550,,
,TORUL MESLEK YÜKSEKOKULU,,,,,,,,,,,
104790058,  Basım ve Yayım Teknolojileri,2,TYT,35,1,,1,,1586895,247.00031,,
104750371,  Bilgisayar Programcılığı,2,TYT,60,2,,2,,1487140,253.80265,,
104790187,  Mahkeme Büro Hizmetleri,2,TYT,35,1,,1,,1082883,281.97905,,
104790073,  Optisyenlik,2,TYT,45,2,,2,,925811,293.95342,,
104790051,  Özel Güvenlik ve Koruma,2,TYT,60,2,,2,2,1519540,251.58647,,
104790064,  Sosyal Hizmetler,2,TYT,35,1,,1,,1349144,263.21732,,
,HACETTEPE ÜNİVERSİTESİ (ANKARA) (Devlet Üniversitesi),,,,,,,,,,,YÖKAK
,BAŞKENT ORGANİZE SANAYİ BÖLGESİ TEKNİK BİLİMLER MESLEK YÜKSEKOKULU,,,,,,,,,,,
104850652,  Bilgisayar Programcılığı,2,TYT,50,2,,,321,282266,370.80053,,MEDEK
104850661,  Harita ve Kadastro,2,TYT,25,1,,,,534985,331.22735,,
104850679,  İklimlendirme ve Soğutma Teknolojisi,2,TYT,50,2,,,321,782223,305.91992,,
104850688,  İnşaat Teknolojisi,2,TYT,50,2,,,321,522928,332.68530,,MEDEK
104890465,  Kaynak Teknolojisi,2,TYT,30,1,,,321,687006,314.75725,,MEDEK
104890267,  Makine,2,TYT,50,2,,,321,438789,343.84988,,MEDEK
,HACETTEPE ANKARA SANAYİ ODASI 1. OSB MESLEK YÜKSEKOKULU,,,,,,,,,,,
104850519,  Alternatif Enerji Kaynakları Teknolojisi,2,TYT,45,2,,,321,568732,327.25019,,
104850582,  Elektrik,2,TYT,55,2,,,321,271733,372.99743,,MEDEK
104850528,  Endüstri Ürünleri Tasarımı,2,TYT,45,2,,,321,625263,321.05745,,
104850537,  Makine,2,TYT,55,2,,,321,313974,364.48803,,MEDEK
,SAĞLIK HİZMETLERİ MESLEK YÜKSEKOKULU,,,,,,,,,,,
104850564,  Ağız ve Diş Sağlığı,2,TYT,36,1,,,,231897,382.07205,,
104850591,  Ameliyathane Hizmetleri,2,TYT,54,2,,,,340564,359.59072,,
104890455,"  Dezenfeksiyon, Sterilizasyon ve Antisepsi Teknikerliği",2,TYT,30,1,,,,525245,332.39781,,
104850388,  Diş Protez Teknolojisi,2,TYT,35,1,,,,209668,387.69108,,
104850485,  Eczane Hizmetleri,2,TYT,30,1,,,,356540,356.80198,,
104850573,  Elektronörofizyoloji,2,TYT,35,1,,,,372224,354.11899,,
104850034,  Odyometri,2,TYT,35,1,,,,358312,356.50418,,
104850643,  Odyometri (KKTC Uyruklu),2,TYT,2,,,,5,1554536,249.19008,,
104850449,  Ortopedik Protez ve Ortez,2,TYT,45,2,,,,445055,342.97949,,
104850476,  Radyoterapi,2,TYT,35,1,,,,387231,351.67707,,
104850061,  Tıbbi Dokümantasyon ve Sekreterlik,2,TYT,30,1,,,,272648,372.80545,,
104850458,  Tıbbi Görüntüleme Teknikleri,2,TYT,39,1,,,,171307,398.59977,,
104850431,  Tıbbi Laboratuvar Teknikleri,2,TYT,43,2,,,,252836,377.17307,,MEDEK
,SOSYAL BİLİMLER MESLEK YÜKSEKOKULU,,,,,,,,,,,
104850494,  Büro Yönetimi ve Yönetici Asistanlığı,2,TYT,45,2,,,,478801,338.36992,,
104850334,  Muhasebe ve Vergi Uygulamaları,2,TYT,27,1,,,,451567,342.07832,,MEDEK
104890456,  Sahne Işık ve Ses Teknolojileri,2,TYT,45,2,,,,509363,334.37705,,
104850113,  Turizm ve Otel İşletmeciliği,2,TYT,35,1,,,,470659,339.44955,,MEDEK
,HAKKARİ ÜNİVERSİTESİ (Devlet Üniversitesi),,,,,,,,,,,
,ÇÖLEMERİK MESLEK YÜKSEKOKULU,,,,,,,,,,,
104950087,  Bankacılık ve Sigortacılık,2,TYT,30,1,,1,,1589133,246.84761,,
104950121,  Bilgisayar Programcılığı,2,TYT,35,1,,1,,1522467,251.38167,,
104970169,  Bitki Koruma,2,TYT,20,1,,1,,1758722,235.27165,,
104950042,  Elektrik,2,TYT,35,1,,1,,1395565,260.04670,,
104950254,  Geleneksel El Sanatları,2,TYT,30,1,,1,,1763708,234.92745,,
104970175,  Harita ve Kadastro,2,TYT,25,1,,1,,1550074,249.49594,,
104950139,  İnşaat Teknolojisi,2,TYT,35,1,,1,,1715070,238.26451,,
104950193,  Laborant ve Veteriner Sağlık,2,TYT,35,1,,1,,1300852,266.55633,,
104950096,  Muhasebe ve Vergi Uygulamaları,2,TYT,23,1,,1,,1626164,244.32716,,
104970180,  Turizm ve Otel İşletmeciliği,2,TYT,30,1,,1,,1695091,239.62776,,
,SAĞLIK HİZMETLERİ MESLEK YÜKSEKOKULU,,,,,,,,,,,
104950263,  Çevre Sağlığı,2,TYT,45,2,,2,,914923,294.80722,,
104950209,  Çocuk Gelişimi,2,TYT,27,1,,1,,1096063,281.02334,,
104970171,  Diyaliz,2,TYT,39,1,,1,,697927,313.69414,,
104950281,  İlk ve Acil Yardım,2,TYT,36,1,,1,,518489,333.24091,,
104950272,  Sağlık Kurumları İşletmeciliği,2,TYT,28,1,,1,,1367261,261.97474,,
104950166,  Tıbbi Dokümantasyon ve Sekreterlik,2,TYT,30,1,,1,,690561,314.39735,,
104970187,  Tıbbi Görüntüleme Teknikleri,2,TYT,30,1,,1,,522026,332.79330,,
104950299,  Tıbbi Laboratuvar Teknikleri,2,TYT,34,1,,1,,643620,319.12375,,
,YÜKSEKOVA MESLEK YÜKSEKOKULU,,,,,,,,,,,
104970222,  Arıcılık,2,TYT,30,1,,1,,1753500,235.63720,,
104970174,  Doğalgaz ve Tesisatı Teknolojisi,2,TYT,35,1,,1,,1742754,236.37451,,
104950342,  Lojistik,2,TYT,35,1,,1,,1767084,234.69580,,
104970229,  Mantarcılık,2,TYT,30,1,,1,,1733047,237.03959,,
104900101,  Ofis Teknolojileri ve Veri Yönetimi,2,TYT,35,1,,1,,1486132,253.86933,,
104950236,  Posta Hizmetleri,2,TYT,23,1,,1,,1776627,234.04074,,
104970236,  Süt ve Besi Hayvancılığı,2,TYT,30,1,,1,,1773857,234.23067,,
,HARRAN ÜNİVERSİTESİ (ŞANLIURFA) (Devlet Üniversitesi),,,,,,,,,,,YÖKAK
,AKÇAKALE MESLEK YÜKSEKOKULU,,,,,,,,,,,
105050684,  Muhasebe ve Vergi Uygulamaları,2,TYT,27,1,,1,,1550987,249.43373,,
105050966,  Organik Tarım,2,TYT,55,2,,2,,1698986,239.36779,,
,BİRECİK MESLEK YÜKSEKOKULU,,,,,,,,,,,
105050824,  Bilgisayar Programcılığı,2,TYT,45,2,,2,,1434359,257.39573,,
105090093,  Çağrı Merkezi Hizmetleri,2,TYT,35,1,,1,,1365353,262.10198,,
105050648,  Halkla İlişkiler ve Tanıtım,2,TYT,29,1,,1,,1625381,244.37818,,
105090207,  Laborant ve Veteriner Sağlık,2,TYT,35,1,,1,,1068741,283.01643,,
105050693,  Muhasebe ve Vergi Uygulamaları,2,TYT,27,1,,1,,1571750,248.01925,,
,BOZOVA MESLEK YÜKSEKOKULU,,,,,,,,,,,
105050612,  Çevre Koruma ve Kontrol,2,TYT,35,1,,1,,1658803,242.09862,,
105000311,  Karbon Yönetimi Teknikerliği,2,TYT,30,1,,1,,...,----,,
105050709,  Muhasebe ve Vergi Uygulamaları,2,TYT,27,1,,1,,1644645,243.06741,,
,CEYLANPINAR TARIM MESLEK YÜKSEKOKULU,,,,,,,,,,,
105050948,  Tarımsal İşletmecilik,2,TYT,18,1,,1,176,1710008,238.61038,,
105090235,  Tohumculuk Teknolojisi,2,TYT,30,1,,1,176,1753514,235.63630,,
,HALFETİ MESLEK YÜKSEKOKULU,,,,,,,,,,,
105090095,  Aşçılık,2,TYT,30,1,,1,,1220665,272.13041,,
105090175,  Turist Rehberliği,2,TYT,35,1,,1,,1483104,254.06921,,
,HİLVAN MESLEK YÜKSEKOKULU,,,,,,,,,,,
105051161,  Bankacılık ve Sigortacılık,2,TYT,30,1,,1,,1413943,258.79545,,
105000318,  Ofis Teknolojileri ve Veri Yönetimi,2,TYT,35,1,,1,,1386660,260.65368,,
105090389,  Yapı Yalıtım Teknolojisi,2,TYT,35,1,,1,,1799141,232.48336,,
,ORGANİZE SANAYİ BÖLGESİ MESLEK YÜKSEKOKULU,,,,,,,,,,,
105090186,  Ayakkabı Tasarım ve Üretimi,2,TYT,35,1,,1,"154, 321",1764584,234.86639,,
105000325,  Bilgisayar Programcılığı,2,TYT,35,1,,1,,946430,292.30556,,
105090176,  Elektrik,2,TYT,45,2,,2,321,1340310,263.83056,,
105090193,  Elektronik Teknolojisi,2,TYT,45,2,,2,,1501169,252.84963,,
105090177,  Gıda Teknolojisi,2,TYT,30,1,,1,321,1608180,245.54435,,
105090178,  Giyim Üretim Teknolojisi,2,TYT,25,1,,1,321,1698043,239.42994,,
105090179,  İklimlendirme ve Soğutma Teknolojisi,2,TYT,35,1,,1,321,1604021,245.83165,,
105000332,  İmalat Yürütme Sistemleri Operatörlüğü,2,TYT,25,1,,1,320,1730426,237.21902,,
105000339,  İnşaat Teknolojisi,2,TYT,30,1,,1,,1160065,276.41452,,
105090305,  Kimya Teknolojisi,2,TYT,25,1,,1,321,1462675,255.46081,,
105000346,  Makine,2,TYT,30,1,,1,,1424687,258.05967,,
105000353,  Otomotiv Teknolojisi,2,TYT,30,1,,1,,1334144,264.25121,,
105090125,  Tekstil Teknolojisi,2,TYT,40,1,,1,321,1757160,235.38211,,
,SİVEREK MESLEK YÜKSEKOKULU,,,,,,,,,,,
105050833,  Bilgisayar Programcılığı,2,TYT,55,2,,2,,1381765,260.99161,,
105090100,  Çocuk Gelişimi,2,TYT,32,1,,1,,988075,289.08230,,
105050481,  Gıda Teknolojisi,2,TYT,25,1,,1,,1560343,248.80139,,
105050718,  Muhasebe ve Vergi Uygulamaları,2,TYT,27,1,,1,,1460343,255.61819,,
105090101,  Tıbbi Dokümantasyon ve Sekreterlik,2,TYT,30,1,,1,,635007,320.02153,,
,SURUÇ MESLEK YÜKSEKOKULU,,,,,,,,,,,
105090097,  Atçılık ve Antrenörlüğü,2,TYT,35,1,,1,,1673453,241.09629,,
105050657,  Bankacılık ve Sigortacılık,2,TYT,30,1,,1,,1422051,258.23902,,
,ŞANLIURFA SAĞLIK HİZMETLERİ MESLEK YÜKSEKOKULU,,,,,,,,,,,
105090080,  Ağız ve Diş Sağlığı,2,TYT,27,1,,1,,369414,354.60091,,
105051134,  Ameliyathane Hizmetleri,2,TYT,27,1,,1,,493539,336.42139,,
105050984,  Anestezi,2,TYT,32,1,,1,,341705,359.38952,,
105090082,  Biyomedikal Cihaz Teknolojisi,2,TYT,35,1,,1,,817709,302.84078,,
105090083,  Diş Protez Teknolojisi,2,TYT,35,1,,1,,516685,333.46339,,
105090084,  Diyaliz,2,TYT,30,1,,1,,547438,329.74539,,
105051152,  Eczane Hizmetleri,2,TYT,26,1,,1,,577507,326.25643,,
105051231,  Fizyoterapi,2,TYT,32,1,,1,,560816,328.17043,,
105051143,  İlk ve Acil Yardım,2,TYT,41,2,,2,,350257,357.86688,*,MEDEK
105090085,  Odyometri,2,TYT,35,1,,1,,645899,318.88721,,
105051125,  Optisyenlik,2,TYT,35,1,,1,,638600,319.65143,,
105090086,  Ortopedik Protez ve Ortez,2,TYT,35,1,,1,,672416,316.19782,,
105051197,  Podoloji,2,TYT,35,1,,1,,653644,318.08126,,
105051213,  Sağlık Turizmi İşletmeciliği,2,TYT,32,1,,1,,1147164,277.33891,,
105050296,  Tıbbi Dokümantasyon ve Sekreterlik,2,TYT,30,1,,1,,463973,340.36048,,
105050851,  Tıbbi Görüntüleme Teknikleri,2,TYT,39,1,,1,,382820,352.39874,,
105050815,  Tıbbi Laboratuvar Teknikleri,2,TYT,34,1,,1,,465894,340.09656,*,MEDEK
105051222,  Tıbbi Tanıtım ve Pazarlama,2,TYT,36,1,,1,,1037351,285.35634,,
105090200,  Yaşlı Bakımı,2,TYT,35,1,,1,,749598,308.86420,*,MEDEK
,ŞANLIURFA SOSYAL BİLİMLER MESLEK YÜKSEKOKULU,,,,,,,,,,,
105050799,  Aşçılık,2,TYT,45,2,,2,,1098991,280.81100,,
105051204,  Çocuk Gelişimi,2,TYT,27,1,,1,,729496,310.69824,,
105050084,  Dış Ticaret,2,TYT,45,2,,2,,1511089,252.17003,,
105000360,  E-Ticaret ve Pazarlama,2,TYT,40,1,,1,,1539132,250.23761,,
105050639,  Halkla İlişkiler ve Tanıtım,2,TYT,40,1,,1,,1381644,260.99943,,
105050754,  İşletme Yönetimi,2,TYT,40,1,,1,,1371532,261.68813,,
105050675,  Muhasebe ve Vergi Uygulamaları,2,TYT,27,1,,1,,1050437,284.38986,,
105000367,  Ofis Teknolojileri ve Veri Yönetimi,2,TYT,40,1,,1,,960596,291.19881,,
105050242,  Turizm ve Otel İşletmeciliği,2,TYT,35,1,,1,,1412665,258.88249,,
,ŞANLIURFA TEKNİK BİLİMLER MESLEK YÜKSEKOKULU,,,,,,,,,,,
105050093,  Elektrik,2,TYT,35,1,,1,,1140695,277.80111,,
105050127,  Harita ve Kadastro,2,TYT,25,1,,1,,1078766,282.27726,,
105090319,  Kurumsal Bilişim Uzmanlığı,2,TYT,25,1,,1,320,1315668,265.52550,,
105050666,  Mimari Restorasyon,2,TYT,30,1,,1,,1303489,266.37752,,
105090326,  Otonom Sistemler Teknikerliği,2,TYT,25,1,,1,320,995901,288.47892,,
105090333,  Robotik ve Yapay Zeka,2,TYT,25,1,,1,320,667223,316.70562,,
105090102,  Sivil Savunma ve İtfaiyecilik,2,TYT,30,1,,,9,764964,307.47321,,
105050912,  Ulaştırma ve Trafik Hizmetleri,2,TYT,30,1,,1,,1453845,256.05139,,
105090291,  Web Tasarımı ve Kodlama,2,TYT,50,2,,2,,1191215,274.17947,,
,VİRANŞEHİR MESLEK YÜKSEKOKULU,,,,,,,,,,,
105050842,  Bilgisayar Programcılığı,2,TYT,35,1,,1,,1489621,253.63339,,
105051276,  Çocuk Gelişimi,2,TYT,27,1,,1,,1053969,284.12523,,
105050727,  Muhasebe ve Vergi Uygulamaları,2,TYT,27,1,,1,,1507264,252.43446,,
,HATAY MUSTAFA KEMAL ÜNİVERSİTESİ (Devlet Üniversitesi),,,,,,,,,,,
,ALTINÖZÜ TARIM BİLİMLERİ MESLEK YÜKSEKOKULU,,,,,,,,,,,
107790395,  Dijital Tarım Teknolojileri,2,TYT,25,1,,1,,1738515,236.66219,,
107751536,  Gıda Teknolojisi,2,TYT,25,1,,1,,1487615,253.77064,,
107751633,  Kimya Teknolojisi,2,TYT,25,1,,1,,1407075,259.26144,,
107790402,  Su ve Atık Yönetimi Teknikerliği,2,TYT,25,1,,1,,1812627,231.54434,,
107751457,  Tıbbi ve Aromatik Bitkiler,2,TYT,25,1,,1,,1707693,238.77031,,
107700318,  Zeytincilik ve Zeytin İşleme Teknolojisi,2,TYT,25,1,,1,,...,----,,
,ANTAKYA MESLEK YÜKSEKOKULU,,,,,,,,,,,
107790210,  Aşçılık,2,TYT,25,1,,1,47,760327,307.88904,,
107750105,  Bilgisayar Programcılığı,2,TYT,35,1,,1,47,802261,304.17182,,
107751051,  Bilgisayar Teknolojisi,2,TYT,35,1,,1,"47, 320",1254323,269.78618,,
107751572,  Çocuk Gelişimi,2,TYT,18,1,,1,47,723644,311.25802,,
107750035,  Dış Ticaret,2,TYT,25,1,,1,47,1094797,281.11147,,
107750044,  Elektrik,2,TYT,25,1,,1,47,920495,294.37091,,
107751015,  Elektronik Teknolojisi,2,TYT,25,1,,1,47,1158511,276.52246,,
107790270,  Emlak Yönetimi,2,TYT,20,1,,1,47,1488529,253.70937,,
107790315,  Harita ve Kadastro,2,TYT,25,1,,1,47,1060278,283.64803,,
107751103,  İnşaat Teknolojisi,2,TYT,25,1,,1,47,987226,289.15080,,
107790409,  Kurumsal Bilişim Uzmanlığı,2,TYT,25,1,,1,"47, 320",1298643,266.70555,,
107751024,  Lojistik,2,TYT,25,1,,1,47,1285911,267.59050,,
107790416,  Medya ve İletişim,2,TYT,30,1,,1,47,1496371,253.17554,,
107750838,  Muhasebe ve Vergi Uygulamaları,2,TYT,18,1,,1,47,995087,288.54200,,
107790423,  Ofis Teknolojileri ve Veri Yönetimi,2,TYT,25,1,,1,47,1405578,259.36265,,
107751563,  Özel Güvenlik ve Koruma,2,TYT,25,1,,1,"2, 47",1097338,280.92862,,
107750089,  Pazarlama,2,TYT,25,1,,1,47,1427413,257.87263,,
107790243,  Sağlık Bilgi Sistemleri Teknikerliği,2,TYT,25,1,,1,47,714532,312.10941,,
107751403,  Turizm ve Otel İşletmeciliği,2,TYT,25,1,,1,47,1209008,272.94286,,
107751263,  Turizm ve Seyahat Hizmetleri,2,TYT,25,1,,1,47,1379132,261.17127,,
,HASSA MESLEK YÜKSEKOKULU,,,,,,,,,,,
107751466,  Bilgisayar Programcılığı,2,TYT,45,2,,2,,1309558,265.95596,,
107751475,  Biyomedikal Cihaz Teknolojisi,2,TYT,25,1,,1,,1029403,285.94635,,
107790430,  Çevresel Ölçüm ve İzleme Sistemleri Teknikerliği,2,TYT,25,1,,1,,1765043,234.83582,,
107700325,  Oyun Geliştirme ve Programlama,2,TYT,30,1,,1,320,...,----,,
,HATAY SAĞLIK HİZMETLERİ MESLEK YÜKSEKOKULU,,,,,,,,,,,
107750759,  Anestezi,2,TYT,32,1,,1,,381116,352.66266,,
107751396,  İlk ve Acil Yardım,2,TYT,27,1,,1,,363293,355.65173,,
107790273,  İş ve Uğraşı Terapisi,2,TYT,25,1,,1,,736938,310.02045,,
107750777,  Tıbbi Dokümantasyon ve Sekreterlik,2,TYT,30,1,,1,,496502,336.03266,,
107751096,  Tıbbi Görüntüleme Teknikleri,2,TYT,22,1,,1,,366770,355.04230,,
107751087,  Tıbbi Laboratuvar Teknikleri,2,TYT,21,1,,1,,460571,340.82679,,
107751615,  Yaşlı Bakımı,2,TYT,35,1,,1,,776373,306.45040,,
,KIRIKHAN MESLEK YÜKSEKOKULU,,,,,,,,,,,
107790277,  Ağız ve Diş Sağlığı,2,TYT,18,1,,1,,449914,342.30519,,
107790437,  Arka-Yüz Yazılım Geliştirme,2,TYT,25,1,,1,320,1367589,261.95473,,
107751209,  Bilgisayar Teknolojisi,2,TYT,25,1,,1,320,1520819,251.49658,,MEDEK
107790268,  Bilişim Güvenliği Teknolojisi,2,TYT,25,1,,1,,1559213,248.87731,,
107750829,  Dış Ticaret,2,TYT,25,1,,1,,1601520,246.00064,,
107790316,  Diş Protez Teknolojisi,2,TYT,25,1,,1,,509997,334.30134,,
107790317,  Eczane Hizmetleri,2,TYT,26,1,,1,,676662,315.76757,,
107790318,  Evde Hasta Bakımı,2,TYT,25,1,,1,,687021,314.75520,,
107750856,  Muhasebe ve Vergi Uygulamaları,2,TYT,18,1,,1,,1408274,259.17699,,
107790444,  Ofis Teknolojileri ve Veri Yönetimi,2,TYT,25,1,,1,,1701634,239.18606,,
107790276,  Optisyenlik,2,TYT,25,1,,1,,575169,326.52468,,
,REYHANLI SOSYAL BİLİMLER MESLEK YÜKSEKOKULU,,,,,,,,,,,
107750635,  Bankacılık ve Sigortacılık,2,TYT,30,1,,1,,1263786,269.11861,,
107750432,  Dış Ticaret,2,TYT,45,2,,2,,1698418,239.40585,,
107751033,  Lojistik,2,TYT,55,2,,2,,1719522,237.96108,,
107750865,  Muhasebe ve Vergi Uygulamaları,2,TYT,27,1,,1,,1585593,247.08983,,
107790271,  Sosyal Güvenlik,2,TYT,36,1,,1,,1440348,256.97189,,
107751696,  Sosyal Hizmetler,2,TYT,35,1,,1,,1133686,278.30394,,
,SAMANDAĞ MESLEK YÜKSEKOKULU,,,,,,,,,,,
107790451,  Akıllı Sera Teknolojileri,2,TYT,25,1,,1,,1784069,233.53161,,
107751624,  Bitki Koruma,2,TYT,15,1,,1,,1430370,257.66762,,
107790212,  Laborant ve Veteriner Sağlık,2,TYT,25,1,,1,,923996,294.09783,,
,SANAT VE TASARIM MESLEK YÜKSEKOKULU,,,,,,,,,,,
107751651,  Eser Koruma,2,TYT,25,1,,1,,1713961,238.33873,,
107751669,  Grafik Tasarımı,2,TYT,35,1,,1,,1174958,275.34403,,
107751581,  Mimari Dekoratif Sanatlar,2,TYT,25,1,,1,,1546638,249.72550,,
107751157,  Mimari Restorasyon,2,TYT,35,1,,1,,1371531,261.68815,,
,YAYLADAĞI SOSYAL BİLİMLER MESLEK YÜKSEKOKULU,,,,,,,,,,,
107751687,  Bankacılık ve Sigortacılık,2,TYT,30,1,,1,,1274406,268.39138,,
107790207,  Çocuk Gelişimi,2,TYT,27,1,,1,,1018214,286.79502,,
107790245,  Çocuk Koruma ve Bakım Hizmetleri,2,TYT,25,1,,1,,1182028,274.83664,,
107750486,  Dış Ticaret,2,TYT,25,1,,1,,1682187,240.50680,,
107751448,  Lojistik,2,TYT,35,1,,1,,1694654,239.65760,,
107750874,  Muhasebe ve Vergi Uygulamaları,2,TYT,18,1,,1,,1538544,250.27558,,
,HİTİT ÜNİVERSİTESİ (ÇORUM) (Devlet Üniversitesi),,,,,,,,,,,
,ALACA AVNİ ÇELİK MESLEK YÜKSEKOKULU,,,,,,,,,,,
105190067,  Aşçılık,2,TYT,45,2,,2,,1189670,274.29261,,
105150383,  Elektronik Haberleşme Teknolojisi,2,TYT,30,1,,1,,1600023,246.09997,,
105150392,  Gıda Teknolojisi,2,TYT,25,1,,1,,1586840,247.00439,,
105150568,  Laborant ve Veteriner Sağlık,2,TYT,35,1,,1,,1103552,280.48629,,
105150505,  Sivil Savunma ve İtfaiyecilik,2,TYT,55,2,,,9,991467,288.81718,,
105190087,  Tıbbi Laboratuvar Teknikleri,2,TYT,34,1,,1,,577891,326.21167,,
,İSKİLİP MESLEK YÜKSEKOKULU,,,,,,,,,,,
105150514,  Grafik Tasarımı,2,TYT,55,2,,2,,1620654,244.70033,,
105150523,  İç Mekan Tasarımı,2,TYT,45,2,,2,,1749869,235.88973,,
105190088,  İlk ve Acil Yardım,2,TYT,27,1,,1,,465496,340.15358,,
105150365,  Mimari Restorasyon,2,TYT,35,1,,1,,1742472,236.39430,,
,OSMANCIK ÖMER DERİNDERE MESLEK YÜKSEKOKULU,,,,,,,,,,,
105150302,  Bilgisayar Programcılığı,2,TYT,55,2,,2,,1392413,260.26407,,
105150338,  Büro Yönetimi ve Yönetici Asistanlığı,2,TYT,30,1,,1,,1443081,256.78915,,
105150259,  Elektronik Teknolojisi,2,TYT,35,1,,1,,1575305,247.77873,,
105190086,  Endüstri Ürünleri Tasarımı,2,TYT,25,1,,1,,1739054,236.62517,,
105150462,  Harita ve Kadastro,2,TYT,25,1,,1,,1492877,253.41637,,
105150577,  Lojistik,2,TYT,40,1,,1,,1705569,238.91346,,
105190059,  Tapu ve Kadastro,2,TYT,25,1,,1,,1156537,276.66295,,
105150453,  Tıbbi Dokümantasyon ve Sekreterlik,2,TYT,30,1,,1,,635199,320.00157,,
,SAĞLIK HİZMETLERİ MESLEK YÜKSEKOKULU,,,,,,,,,,,
105190243,  Çevre Sağlığı ve Çevresel Risk Yönetimi Teknikerliği,2,TYT,45,2,,2,,1006153,287.70372,,
105190120,  Çocuk Koruma ve Bakım Hizmetleri,2,TYT,45,2,,2,,1118601,279.39199,,
105190121,  Eczane Hizmetleri,2,TYT,26,1,,1,,660163,317.41520,,
105190098,  Engelli Bakımı ve Rehabilitasyon,2,TYT,40,1,,1,,1077133,282.40121,*,MEDEK
105190122,  İş ve Uğraşı Terapisi,2,TYT,45,2,,2,,897795,296.18348,,
105190123,  Odyometri,2,TYT,35,1,,1,,665356,316.89881,,
,SOSYAL BİLİMLER MESLEK YÜKSEKOKULU,,,,,,,,,,,
105190138,  Aşçılık,2,TYT,35,1,,1,,1057256,283.86860,,
105150426,  Bankacılık ve Sigortacılık,2,TYT,30,1,,1,,1216837,272.39500,*,MEDEK
105150329,  Büro Yönetimi ve Yönetici Asistanlığı,2,TYT,40,1,,1,,1166514,275.95709,,
105150232,  İşletme Yönetimi,2,TYT,40,1,,1,,1530020,250.86708,,
105190145,  Mahkeme Büro Hizmetleri,2,TYT,35,1,,1,,889568,296.85337,,
105150586,  Medya ve İletişim,2,TYT,40,1,,1,,1616042,245.00737,*,MEDEK
105150214,  Muhasebe ve Vergi Uygulamaları,2,TYT,27,1,,1,,1329309,264.58281,,
105150559,  Sivil Hava Ulaştırma İşletmeciliği,2,TYT,40,1,,1,10,890189,296.80292,*,MEDEK
105190064,  Sosyal Güvenlik,2,TYT,54,2,,2,,1381734,260.99380,,
105190084,  Sosyal Hizmetler,2,TYT,35,1,,1,,1082535,282.00238,,
105150435,  Turizm ve Otel İşletmeciliği,2,TYT,30,1,,1,,1487813,253.75809,*,MEDEK
,SUNGURLU MESLEK YÜKSEKOKULU,,,,,,,,,,,
105150295,  Bilgisayar Programcılığı,2,TYT,60,2,,2,,1346433,263.40488,,
105150189,  Çocuk Gelişimi,2,TYT,27,1,,1,,1046371,284.69133,,
105150532,  Fizyoterapi,2,TYT,41,2,,2,,683556,315.08908,,
105150241,  İşletme Yönetimi,2,TYT,35,1,,1,,1670436,241.30167,,
105150268,  Sağlık Kurumları İşletmeciliği,2,TYT,28,1,,1,,1317483,265.39753,,
105190069,  Sosyal Hizmetler,2,TYT,35,1,,1,,1276941,268.21810,,
105150356,  Tıbbi Tanıtım ve Pazarlama,2,TYT,32,1,,1,,1579468,247.49790,,
,TEKNİK BİLİMLER MESLEK YÜKSEKOKULU,,,,,,,,,,,
105150286,  Bilgisayar Programcılığı,2,TYT,60,2,,2,,994761,288.56740,*,MEDEK
105100206,  Cnc Programlama ve Operatörlüğü,2,TYT,30,1,,1,,...,----,,
105150038,  Elektrik,2,TYT,45,2,,2,"316, 321",1170687,275.64943,,
105150047,  Harita ve Kadastro,2,TYT,25,1,,1,,1231448,271.37755,,
105150665,  Harita ve Kadastro (Kargı),2,TYT,25,1,,1,,1657990,242.15588,,
105100213,  Hibrid ve Elektrikli Taşıtlar Teknolojisi,2,TYT,30,1,,1,,...,----,,
105150602,  İç Mekan Tasarımı (Bayat),2,TYT,36,1,,1,,1768647,234.58639,,
105190250,  İmalat Yürütme Sistemleri Operatörlüğü,2,TYT,35,1,,1,320,1943306,222.22583,,
105150277,  İnşaat Teknolojisi,2,TYT,45,2,,2,,1580504,247.42816,*,MEDEK
105190124,  Kaynak Teknolojisi,2,TYT,35,1,,1,"316, 321",1560904,248.76457,,
105190152,  Kuyumculuk ve Takı Tasarımı,2,TYT,35,1,,1,,1464962,255.30791,,
105190085,  Laboratuvar Teknolojisi,2,TYT,35,1,,1,,858022,299.43565,,
105150074,  Makine,2,TYT,55,2,,2,"316, 321",1322147,265.07219,,
105150374,  Mekatronik,2,TYT,50,2,,2,"316, 321",1307544,266.09723,,
105150638,  Mimari Dekoratif Sanatlar,2,TYT,45,2,,2,,1722528,237.75775,,
105150647,  Moda Tasarımı,2,TYT,35,1,,1,,1472752,254.77772,,
105190099,  Nükleer Teknoloji ve Radyasyon Güvenliği,2,TYT,20,1,,1,,1265730,268.98774,,
105150223,  Otomotiv Teknolojisi,2,TYT,35,1,,1,,1217150,272.37339,,
105100220,  Patlayıcı ve Enerjetik Malzemeler Teknikerliği,2,TYT,30,1,,1,320,...,----,,
105190159,  Su ve Atık Yönetimi Teknikerliği,2,TYT,35,1,,1,,1884543,226.49512,,
105150311,  Yapı Denetimi,2,TYT,20,1,,1,,1618238,244.85900,,
105190166,  Yeşil ve Ekolojik Bina Teknikerliği,2,TYT,35,1,,1,,1867288,227.72426,,
,IĞDIR ÜNİVERSİTESİ (Devlet Üniversitesi),,,,,,,,,,,YÖKAK
,IĞDIR MESLEK YÜKSEKOKULU,,,,,,,,,,,
105290022,  Aşçılık,2,TYT,55,2,,2,,1414363,258.76748,,
105250179,  Bankacılık ve Sigortacılık,2,TYT,30,1,,1,,1448670,256.40886,,
105250301,  Çağrı Merkezi Hizmetleri,2,TYT,50,2,,2,,1627911,244.20388,,
105250213,  Lojistik,2,TYT,45,2,,2,,1714620,238.29406,,
105250107,  Muhasebe ve Vergi Uygulamaları,2,TYT,27,1,,1,,1595458,246.41255,,
105290019,  Özel Güvenlik ve Koruma,2,TYT,45,2,,2,2,1417499,258.55124,,
105250267,  Sağlık Kurumları İşletmeciliği,2,TYT,28,1,,1,,1383869,260.84868,,
105290032,  Sivil Hava Ulaştırma İşletmeciliği,2,TYT,40,1,,1,10,1196604,273.80351,,
105290033,  Sivil Havacılık Kabin Hizmetleri,2,TYT,40,1,,1,10,1055406,284.01286,,
105290051,  Sivil Savunma ve İtfaiyecilik,2,TYT,65,2,,,9,1106605,280.25619,,
,IĞDIR TEKNİK BİLİMLER MESLEK YÜKSEKOKULU,,,,,,,,,,,
105290084,  Avcılık ve Yaban Hayatı,2,TYT,40,1,,1,,1451663,256.19509,,
105250125,  Bilgisayar Programcılığı,2,TYT,65,2,,2,,1421398,258.28164,,
105290050,  Elektrik,2,TYT,45,2,,2,,1463284,255.41982,,
105200101,  Fotoğrafçılık ve Kameramanlık,2,TYT,40,1,,1,,...,----,,
105250161,  Geleneksel El Sanatları,2,TYT,35,1,,1,,1747112,236.07891,,
105290063,  Harita ve Kadastro,2,TYT,25,1,,1,,1515340,251.87694,,
105290064,  İç Mekan Tasarımı,2,TYT,32,1,,1,,1753929,235.60829,,
105290053,  İnşaat Teknolojisi,2,TYT,40,1,,1,,1688418,240.08044,,
105290065,  Kimya Teknolojisi,2,TYT,30,1,,1,,...,----,,
105290072,  Kozmetik Teknolojisi,2,TYT,35,1,,1,,1775287,234.13156,,
105250046,  Makine,2,TYT,35,1,,1,,1577443,247.63610,,
105290054,  Otomotiv Teknolojisi,2,TYT,30,1,,1,,1619059,244.80580,,
105290074,  Seramik ve Cam Tasarımı,2,TYT,25,1,,1,,...,----,,
105290056,  Tapu ve Kadastro,2,TYT,30,1,,1,,1332954,264.33541,,
,SAĞLIK HİZMETLERİ MESLEK YÜKSEKOKULU,,,,,,,,,,,
105290130,  Ağız ve Diş Sağlığı,2,TYT,27,1,,1,,505267,334.90342,,
105290085,  Çevre Sağlığı,2,TYT,45,2,,2,,937753,292.99837,,
105290086,  Çocuk Gelişimi,2,TYT,27,1,,1,,1115488,279.61697,,
105290165,  Diş Protez Teknolojisi,2,TYT,25,1,,1,,591090,324.73818,,
105290088,  Evde Hasta Bakımı,2,TYT,55,2,,2,,796646,304.66399,,
105290090,  Fizyoterapi,2,TYT,41,2,,2,,714397,312.12309,,
105290091,  İlk ve Acil Yardım,2,TYT,36,1,,1,,482548,337.86900,,
105290093,  Optisyenlik,2,TYT,45,2,,2,,1030346,285.87596,,
105290095,  Tıbbi Dokümantasyon ve Sekreterlik,2,TYT,30,1,,1,,656687,317.77747,,
105290097,  Tıbbi Görüntüleme Teknikleri,2,TYT,39,1,,1,,510532,334.23611,,
105290098,  Tıbbi Laboratuvar Teknikleri,2,TYT,43,2,,2,,611657,322.51834,,
105290100,  Yaşlı Bakımı,2,TYT,55,2,,2,,941632,292.68768,,
,TUZLUCA MESLEK YÜKSEKOKULU,,,,,,,,,,,
105290020,  Çocuk Gelişimi,2,TYT,27,1,,1,,1287615,267.46933,,
105290036,  Eczane Hizmetleri,2,TYT,30,1,,1,,855408,299.66701,,
105290057,  Engelli Bakımı ve Rehabilitasyon,2,TYT,65,2,,2,,1244080,270.50223,,
105250294,  Laborant ve Veteriner Sağlık,2,TYT,35,1,,1,,1437868,257.14882,,
105290172,  Mahkeme Büro Hizmetleri,2,TYT,35,1,,1,,1295383,266.93123,,
105290059,  Posta Hizmetleri,2,TYT,20,1,,1,,1783815,233.54801,,
105250319,  Sosyal Hizmetler,2,TYT,35,1,,1,,1465140,255.29542,,
,ISPARTA UYGULAMALI BİLİMLER ÜNİVERSİTESİ (Devlet Üniversitesi),,,,,,,,,,,
,AKSU MEHMET SÜREYYA DEMİRASLAN MESLEK YÜKSEKOKULU,,,,,,,,,,,
112553152,  Bankacılık ve Sigortacılık,2,TYT,25,1,,1,,1409741,259.08140,,
112551817,  Çevre Koruma ve Kontrol,2,TYT,30,1,,1,,1658580,242.11563,,
112553134,  İnsan Kaynakları Yönetimi,2,TYT,18,1,,1,,1459679,255.66148,,
,ATABEY MESLEK YÜKSEKOKULU,,,,,,,,,,,
112550801,  Bilgisayar Programcılığı,2,TYT,60,2,,2,,876750,297.89056,,
112553382,  Bitki Koruma,2,TYT,20,1,,1,,1145623,277.45201,,
112552499,  Büro Yönetimi ve Yönetici Asistanlığı,2,TYT,30,1,,1,,1230666,271.43252,,
112552621,  Fidan Yetiştiriciliği,2,TYT,30,1,,1,,1319309,265.26957,,
112552199,  Ormancılık ve Orman Ürünleri,2,TYT,20,1,,1,,595855,324.21908,,
112550749,  Tıbbi ve Aromatik Bitkiler,2,TYT,25,1,,1,,1578969,247.52947,,
,EĞİRDİR MESLEK YÜKSEKOKULU,,,,,,,,,,,
112552684,  Aşçılık,2,TYT,65,2,,2,,942042,292.65488,*,MEDEK
112552506,  Büro Yönetimi ve Yönetici Asistanlığı,2,TYT,50,2,,2,,1134879,278.21421,,
112553179,  Gıda Kalite Kontrolü ve Analizi,2,TYT,25,1,,1,,1390167,260.41237,*,MEDEK
112552287,  İnsan Kaynakları Yönetimi,2,TYT,27,1,,1,,1308008,266.06400,,
112551995,  Muhasebe ve Vergi Uygulamaları,2,TYT,27,1,,1,,1285406,267.62613,,
112550864,  Turizm ve Otel İşletmeciliği,2,TYT,35,1,,1,,1269765,268.70685,,
,GELENDOST MESLEK YÜKSEKOKULU,,,,,,,,,,,
112572422,  Eczane Hizmetleri,2,TYT,30,1,,1,,706767,312.86754,,
112550907,  Gıda Teknolojisi,2,TYT,25,1,,1,,1509491,252.27966,,
112552296,  İnsan Kaynakları Yönetimi,2,TYT,27,1,,1,,1565851,248.42538,,
,GÖNEN MESLEK YÜKSEKOKULU,,,,,,,,,,,
112552736,  Bankacılık ve Sigortacılık,2,TYT,30,1,,1,,1374425,261.48800,*,MEDEK
112552515,  Büro Yönetimi ve Yönetici Asistanlığı,2,TYT,25,1,,1,,1289445,267.33997,,
112552718,  Çağrı Merkezi Hizmetleri,2,TYT,65,2,,2,,1512894,252.04186,,
112551835,  Geleneksel El Sanatları,2,TYT,25,1,,1,,...,----,,
112551844,  Kuyumculuk ve Takı Tasarımı,2,TYT,35,1,,1,,1618928,244.81455,,
112552657,  Mimari Dekoratif Sanatlar,2,TYT,45,2,,2,,1732769,237.05902,,
112553028,  Moda Tasarımı,2,TYT,35,1,,1,,1456927,255.84789,,
,ISPARTA BİLİŞİM TEKNOLOJİLERİ MESLEK YÜKSEKOKULU,,,,,,,,,,,
112572462,  Bulut Bilişim Operatörlüğü,2,TYT,35,1,,1,320,847748,300.29660,,
112500101,  Büyük Veri Analistliği,2,TYT,30,1,,1,320,...,----,,
112572469,  İmalat Yürütme Sistemleri Operatörlüğü,2,TYT,35,1,,1,320,1566630,248.36686,,
112500108,  Oyun Geliştirme ve Programlama,2,TYT,30,1,,1,320,...,----,,
112500115,  Yapay Zeka Operatörlüğü,2,TYT,30,1,,1,320,...,----,,
,ISPARTA MESLEK YÜKSEKOKULU,,,,,,,,,,,
112552693,  Aşçılık,2,TYT,65,2,,2,,744433,309.32885,*,MEDEK
112552921,  Bankacılık ve Sigortacılık,2,TYT,30,1,,1,,883505,297.34784,*,MEDEK
112551889,  Dış Ticaret,2,TYT,45,2,,2,,1089614,281.48692,,
112553276,  Grafik Tasarımı,2,TYT,65,2,,2,,900798,295.94211,,
112551923,  Halkla İlişkiler ve Tanıtım,2,TYT,65,2,,2,,1247328,270.27554,,
112552709,  İnsan Kaynakları Yönetimi,2,TYT,45,2,,2,,1073181,282.68899,,
112552084,  İşletme Yönetimi,2,TYT,40,1,,1,,1114669,279.67499,,
112552939,  Lojistik,2,TYT,55,2,,2,,1160166,276.40626,,
112551977,  Muhasebe ve Vergi Uygulamaları,2,TYT,27,1,,1,,936788,293.07544,,
112550573,  Pazarlama,2,TYT,35,1,,1,,1254721,269.75622,,
112552612,  Sağlık Kurumları İşletmeciliği,2,TYT,31,1,,1,,922810,294.19195,,
112550607,  Turizm ve Otel İşletmeciliği,2,TYT,35,1,,1,,1019030,286.73285,*,MEDEK
,ISPARTA OSB MESLEK YÜKSEKOKULU,,,,,,,,,,,
112572425,  Mekatronik,2,TYT,55,2,,2,321,960637,291.19510,*,MEDEK
112572434,  Silah Sanayi Teknikerliği,2,TYT,35,1,,1,321,623351,321.25926,,
,KEÇİBORLU MESLEK YÜKSEKOKULU,,,,,,,,,,,
112553064,  Bankacılık ve Sigortacılık,2,TYT,30,1,,1,,1411577,258.95644,,
112551129,  Bilgisayar Programcılığı,2,TYT,65,2,,2,,1126132,278.84899,,
112572476,  İş Makineleri Operatörlüğü,2,TYT,35,1,,1,,1413220,258.84325,,
112552075,  Otomotiv Teknolojisi,2,TYT,35,1,,1,,1191212,274.17979,,
112572483,  Sivil Hava Ulaştırma İşletmeciliği,2,TYT,35,1,,1,10,675197,315.91623,,
112572406,  Sivil Havacılık Kabin Hizmetleri,2,TYT,45,2,,2,10,613107,322.35735,,
112572405,  Uçak Teknolojisi,2,TYT,45,2,,2,10,354898,357.07923,,
112572490,  Yenilenebilir Enerji Teknikerliği,2,TYT,35,1,,1,,1189221,274.32375,,
,SENİRKENT MESLEK YÜKSEKOKULU,,,,,,,,,,,
112552393,  Bilgisayar Programcılığı,2,TYT,65,2,,2,,1246889,270.30504,,
112551695,  Lojistik,2,TYT,45,2,,2,,1620161,244.73297,,
112553197,  Optisyenlik,2,TYT,45,2,,2,,786166,305.57650,,
112552903,  Sağlık Kurumları İşletmeciliği,2,TYT,28,1,,1,,1234479,271.16714,*,MEDEK
112572497,  Yapı Ressamlığı,2,TYT,40,1,,1,,1896999,225.59279,,
,SÜTÇÜLER PROF.DR.HASAN GÜRBÜZ MESLEK YÜKSEKOKULU,,,,,,,,,,,
112552878,  Avcılık ve Yaban Hayatı,2,TYT,35,1,,1,,1229282,271.52821,,
112552975,  Lojistik,2,TYT,35,1,,1,,1682153,240.50882,,
112552215,  Ormancılık ve Orman Ürünleri,2,TYT,20,1,,1,,775649,306.51724,,
112572420,  Posta Hizmetleri,2,TYT,20,1,,1,,1729427,237.28568,,
,ŞARKİKARAAĞAÇ MESLEK YÜKSEKOKULU,,,,,,,,,,,
112552533,  Büro Yönetimi ve Yönetici Asistanlığı,2,TYT,40,1,,1,,...,----,,
112551305,  Gıda Teknolojisi,2,TYT,25,1,,1,,1508688,252.33440,,
112552118,  İşletme Yönetimi,2,TYT,35,1,,1,,1590199,246.77671,,
112552472,  Laborant ve Veteriner Sağlık,2,TYT,35,1,,1,,989112,289.00324,,
112553391,  Sağlık Kurumları İşletmeciliği,2,TYT,28,1,,1,,1310669,265.87847,,
,ŞARKİKARAAĞAÇ TURİZM MESLEK YÜKSEKOKULU,,,,,,,,,,,
112553346,  Aşçılık,2,TYT,95,3,,3,,1170951,275.62985,,
,TEKNİK BİLİMLER MESLEK YÜKSEKOKULU,,,,,,,,,,,
112552427,  Bilgisayar Programcılığı,2,TYT,45,2,,2,,593464,324.47855,*,MEDEK
112550476,  Biyomedikal Cihaz Teknolojisi,2,TYT,40,1,,1,,843475,300.65288,,
112550494,  Elektrik,2,TYT,45,2,,2,,805278,303.90547,,
112552224,  Elektronik Teknolojisi,2,TYT,45,2,,2,,953413,291.75490,*,MEDEK
112553125,  Fotoğrafçılık ve Kameramanlık,2,TYT,45,2,,2,,1385897,260.70851,,
112551826,  Geleneksel El Sanatları,2,TYT,30,1,,1,,1716150,238.19066,,
112550519,  Harita ve Kadastro,2,TYT,25,1,,1,,908443,295.33240,,
112572417,  Harita ve Kadastro (KKTC Uyruklu),2,TYT,1,,,,5,,,,
112552357,  İnşaat Teknolojisi,2,TYT,45,2,,2,,1044442,284.83265,,
112572441,  Kozmetik Teknolojisi,2,TYT,35,1,,1,,1385242,260.75236,*,MEDEK
112550555,  Makine,2,TYT,45,2,,2,,949643,292.05230,*,MEDEK
112572426,  Nükleer Teknoloji ve Radyasyon Güvenliği,2,TYT,25,1,,1,,1082026,282.03851,,
112553319,  Optisyenlik,2,TYT,45,2,,2,,590594,324.79357,,
112551898,  Tekstil Teknolojisi,2,TYT,40,1,,1,,1569346,248.18351,,
112553204,  Ulaştırma ve Trafik Hizmetleri,2,TYT,45,2,,2,,1496788,253.14689,,
112572504,  Yapı Yalıtım Teknolojisi,2,TYT,45,2,,2,,1801807,232.29887,,
,ULUBORLU SELAHATTİN KARASOY MESLEK YÜKSEKOKULU,,,,,,,,,,,
112572415,  Bilişim Güvenliği Teknolojisi,2,TYT,45,2,,2,,1241823,270.65473,,
112553294,  Biyomedikal Cihaz Teknolojisi,2,TYT,35,1,,1,,1111130,279.93186,,
112572511,  Dijital Sağlık Sistemleri Teknikerliği,2,TYT,45,2,,2,,679296,315.50944,,
112553373,  Engelli Bakımı ve Rehabilitasyon,2,TYT,45,2,,2,,1126834,278.79976,,
112572408,  Evde Hasta Bakımı,2,TYT,45,2,,2,,822148,302.46101,,
112553231,  Grafik Tasarımı,2,TYT,55,2,,2,,1390346,260.40064,,
112553249,  Halkla İlişkiler ve Tanıtım,2,TYT,30,1,,1,,...,----,,
112551677,  Harita ve Kadastro,2,TYT,25,1,,1,,1317685,265.38354,,
112572416,  İnternet ve Ağ Teknolojileri,2,TYT,50,2,,2,,1549830,249.51223,,
,UZAKTAN EĞİTİM MESLEK YÜKSEKOKULU,,,,,,,,,,,
112552375,  Bilgisayar Programcılığı (Uzaktan Öğretim),2,TYT,100,3,,3,"7, 8",1150418,277.10174,,
112553073,  Çağrı Merkezi Hizmetleri (Uzaktan Öğretim),2,TYT,55,2,,2,7,1213279,272.64060,,
112572413,  Sağlık Bilgi Sistemleri Teknikerliği (Uzaktan Öğretim),2,TYT,55,2,,2,7,993522,288.66005,,
112552445,  Tıbbi Dokümantasyon ve Sekreterlik (Uzaktan Öğretim),2,TYT,100,3,,3,7,811388,303.38357,,
,YALVAÇ MESLEK YÜKSEKOKULU,,,,,,,,,,,
112553019,  Aşçılık,2,TYT,75,2,,2,,1079993,282.18550,,
112552666,  Bankacılık ve Sigortacılık,2,TYT,30,1,,1,,1285983,267.58574,,
112551914,  Halkla İlişkiler ve Tanıtım,2,TYT,37,1,,1,,1627752,244.21658,,
112551544,  Turist Rehberliği,2,TYT,45,2,,2,,1053149,284.18707,,
,YALVAÇ TEKNİK BİLİMLER MESLEK YÜKSEKOKULU,,,,,,,,,,,
112552409,  Bilgisayar Programcılığı,2,TYT,55,2,,2,,1042407,284.98029,,
112572427,  Çevre Koruma ve Kontrol,2,TYT,35,1,,1,,1585603,247.08931,,
112552463,"  Elektrik Enerjisi Üretim, İletim ve Dağıtımı",2,TYT,35,1,,1,,1363078,262.25827,,
112572455,  Giyim Üretim Teknolojisi,2,TYT,18,1,,1,,1695306,239.61368,,
112551941,  Mimari Restorasyon,2,TYT,40,1,,1,,1567712,248.29390,,
112552418,  Yapı Denetimi,2,TYT,25,1,,1,,1575496,247.76574,*,MEDEK
,YENİŞARBADEMLİ MESLEK YÜKSEKOKULU,,,,,,,,,,,
112553091,  Avcılık ve Yaban Hayatı,2,TYT,45,2,,2,,1334935,264.19601,,
112552206,  Ormancılık ve Orman Ürünleri,2,TYT,20,1,,1,,853418,299.83507,,
,İNÖNÜ ÜNİVERSİTESİ (MALATYA) (Devlet Üniversitesi),,,,,,,,,,,YÖKAK
,MALATYA MESLEK YÜKSEKOKULU,,,,,,,,,,,
105390336,  Bankacılık ve Sigortacılık,2,TYT,25,1,,1,,929725,293.64207,*,MEDEK
105390447,  Ceza İnfaz ve Güvenlik Hizmetleri,2,TYT,30,1,,1,17,655691,317.87698,,
105350575,  Harita ve Kadastro,2,TYT,25,1,,1,,866021,298.78246,,
105350715,  İşletme Yönetimi,2,TYT,30,1,,1,,1095595,281.05546,,MEDEK
105390454,  Mahkeme Büro Hizmetleri,2,TYT,30,1,,1,,691784,314.27479,,
105350663,  Muhasebe ve Vergi Uygulamaları,2,TYT,27,1,,1,,930256,293.59733,*,MEDEK
105350981,  Özel Güvenlik ve Koruma,2,TYT,35,1,,1,2,975023,290.08574,,
105351104,  Sosyal Güvenlik,2,TYT,54,2,,2,,1041058,285.08418,,
,MALATYA OSB MESLEK YÜKSEKOKULU,,,,,,,,,,,
105350275,  Bilgisayar Programcılığı,2,TYT,35,1,,1,321,744688,309.30682,,MEDEK
105350115,  Elektrik,2,TYT,35,1,,1,321,831793,301.64670,*,MEDEK
105350751,  Elektronik Haberleşme Teknolojisi,2,TYT,35,1,,1,321,1301063,266.54180,,MEDEK
105350769,  Elektronik Teknolojisi,2,TYT,35,1,,1,321,1092988,281.24262,,MEDEK
105390343,  Endüstriyel Kalıpçılık,2,TYT,25,1,,1,321,1622807,244.55737,*,MEDEK
105390344,  Gıda Teknolojisi,2,TYT,25,1,,1,321,1326617,264.76067,*,MEDEK
105390342,  Hibrid ve Elektrikli Taşıtlar Teknolojisi,2,TYT,40,1,,1,321,940953,292.74323,,
105350742,  İklimlendirme ve Soğutma Teknolojisi,2,TYT,35,1,,1,321,1435491,257.31669,,
105390283,  İnşaat Teknolojisi,2,TYT,35,1,,1,321,1101733,280.61698,*,MEDEK
105390284,  Kaynak Teknolojisi,2,TYT,30,1,,1,321,1523913,251.28256,*,MEDEK
105390285,  Makine,2,TYT,35,1,,1,321,1060843,283.60418,*,MEDEK
105390337,  Tekstil Teknolojisi,2,TYT,30,1,,1,321,1652000,242.56490,,
,SAĞLIK HİZMETLERİ MESLEK YÜKSEKOKULU,,,,,,,,,,,
105351122,  Ağız ve Diş Sağlığı,2,TYT,59,2,,2,,383215,352.33691,,
105350293,  Anestezi,2,TYT,41,2,,2,,312835,364.70322,,
105350309,  Çocuk Gelişimi,2,TYT,27,1,,1,,641837,319.30659,,
105350893,  Eczane Hizmetleri,2,TYT,30,1,,1,,556557,328.66757,,
105350584,  Evde Hasta Bakımı,2,TYT,45,2,,2,,591056,324.74130,,
105390338,  Fizyoterapi,2,TYT,41,2,,2,,509509,334.36195,,
105350848,  İlk ve Acil Yardım,2,TYT,32,1,,1,,291845,368.82853,,
105390339,  Patoloji Laboratuvar Teknikleri,2,TYT,36,1,,1,,551638,329.25292,,
105350327,  Tıbbi Dokümantasyon ve Sekreterlik,2,TYT,30,1,,1,,419695,346.68530,,
105350812,  Tıbbi Görüntüleme Teknikleri,2,TYT,39,1,,1,,334774,360.62913,,
105350803,  Tıbbi Laboratuvar Teknikleri,2,TYT,43,2,,2,,434778,344.44015,,
,İSKENDERUN TEKNİK ÜNİVERSİTESİ (HATAY) (Devlet Üniversitesi),,,,,,,,,,,
,DENİZCİLİK TEKNOLOJİLERİ MESLEK YÜKSEKOKULU,,,,,,,,,,,
110790081,  Deniz ve Liman İşletmeciliği,2,TYT,35,1,,1,,889136,296.88998,,
110790088,  Lojistik,2,TYT,55,2,,2,,1189552,274.30144,,
110790095,  Su Altı Kaynak Teknolojisi,2,TYT,25,1,,1,"57, 320",1143672,277.59287,,
110790102,  Su Altı Teknolojisi,2,TYT,30,1,,1,57,1194186,273.97355,,
,DÖRTYOL MESLEK YÜKSEKOKULU,,,,,,,,,,,
110750078,  Büro Yönetimi ve Yönetici Asistanlığı,2,TYT,50,2,,2,,1258117,269.51839,,
110750139,  Muhasebe ve Vergi Uygulamaları,2,TYT,27,1,,1,,1374054,261.51583,,
110790026,  Sosyal Güvenlik,2,TYT,41,2,,2,,1260311,269.36411,,
,DÖRTYOL SAĞLIK HİZMETLERİ MESLEK YÜKSEKOKULU,,,,,,,,,,,
110790034,  Tıbbi Dokümantasyon ve Sekreterlik,2,TYT,30,1,,1,,564354,327.76022,,
,ERZİN ORGANİZE SANAYİ BÖLGESİ MESLEK YÜKSEKOKULU,,,,,,,,,,,
110790046,  Bilgisayar Programcılığı,2,TYT,55,2,,2,,1279688,268.02706,,
110790053,  Kontrol ve Otomasyon Teknolojisi,2,TYT,45,2,,2,,1284062,267.71759,,
110790060,  Makine,2,TYT,45,2,,2,,1322578,265.04297,,
,İSKENDERUN MESLEK YÜKSEKOKULU,,,,,,,,,,,
110790027,  Basım ve Yayım Teknolojileri,2,TYT,55,2,,2,,1606420,245.66682,,
110750157,  Bilgisayar Programcılığı,2,TYT,65,2,,2,,845306,300.50180,,
110750175,  Büro Yönetimi ve Yönetici Asistanlığı,2,TYT,40,1,,1,,1064099,283.36475,,
110750184,  Çevre Koruma ve Kontrol,2,TYT,35,1,,1,,1442547,256.82889,,
110750193,  Elektrik,2,TYT,65,2,,2,,905346,295.58274,,
110750227,  Geleneksel El Sanatları,2,TYT,35,1,,1,,1551515,249.39777,,
110750236,  Giyim Üretim Teknolojisi,2,TYT,18,1,,1,,1505990,252.51784,,
110750245,  Harita ve Kadastro,2,TYT,25,1,,1,,1024742,286.29745,,
110790033,  Hibrid ve Elektrikli Taşıtlar Teknolojisi,2,TYT,45,2,,2,,891437,296.69877,,
110790028,  İnsansız Hava Aracı Teknolojisi ve Operatörlüğü,2,TYT,45,2,,2,,570509,327.04506,,
110750263,  İnşaat Teknolojisi,2,TYT,45,2,,2,,1114613,279.67883,,
110750281,  Makine,2,TYT,65,2,,2,,1038151,285.29440,,
110750306,  Mekatronik,2,TYT,45,2,,2,,1025048,286.27472,,
110750315,  Metalurji,2,TYT,25,1,,1,,1499738,252.94903,,
110750324,  Muhasebe ve Vergi Uygulamaları,2,TYT,27,1,,1,,1125615,278.88487,,
110750333,  Otomotiv Teknolojisi,2,TYT,35,1,,1,,1049332,284.46834,,
,İSKENDERUN ORGANİZE SANAYİ BÖLGESİ KAYNAKÇILIK MESLEK YÜKSEKOKULU,,,,,,,,,,,
110790109,  Kaynak Teknolojisi,2,TYT,25,1,,1,321,1254032,269.80667,,
,İSTANBUL TEKNİK ÜNİVERSİTESİ (Devlet Üniversitesi),,,,,,,,,,,YÖKAK
,SİBER GÜVENLİK MESLEK YÜKSEKOKULU,,,,,,,,,,,
105590209,  Siber Güvenlik Analistliği ve Operatörlüğü,2,TYT,30,1,,,"22, 24, 34, 320",63131,443.45729,,
,İSTANBUL ÜNİVERSİTESİ (Devlet Üniversitesi),,,,,,,,,,,YÖKAK
,AÇIK VE UZAKTAN EĞİTİM FAKÜLTESİ,,,,,,,,,,,
105650969,  Acil Durum ve Afet Yönetimi (Uzaktan Öğretim),2,TYT,170,5,,,7,930582,293.57300,,
105650696,  Bankacılık ve Sigortacılık (Uzaktan Öğretim),2,TYT,100,3,,,7,842482,300.73848,,
105690767,  Bilgisayar Programcılığı (Açıköğretim),2,TYT,2000,50,,,13,1008648,287.51400,,
105650924,  Coğrafi Bilgi Sistemleri (Uzaktan Öğretim),2,TYT,250,7,,,"7, 8",1428380,257.80642,,
105650703,  Dış Ticaret (Uzaktan Öğretim),2,TYT,100,3,,,7,786248,305.56878,,
105690760,  E-Ticaret ve Pazarlama (Açıköğretim),2,TYT,1000,25,,,13,1084463,281.86482,,
105690752,  Grafik Tasarımı (Açıköğretim),2,TYT,2000,50,,,13,1285390,267.62715,,
105690774,  İlahiyat (Açıköğretim),2,TYT,500,13,,,13,787078,305.50092,,
105690872,  İşletme Yönetimi (Açıköğretim),2,TYT,300,8,,,13,866974,298.70353,,
105650906,  Kültürel Miras ve Turizm (Açıköğretim),2,TYT,200,5,,,13,1261976,269.24418,,
105690753,  Marka İletişimi (Açıköğretim),2,TYT,2000,50,,,13,1593481,246.55530,,
105650951,  Medya ve İletişim (Uzaktan Öğretim),2,TYT,150,4,,,7,955118,291.62749,,
105650881,  Sağlık Kurumları İşletmeciliği (Açıköğretim),2,TYT,113,3,,,13,824931,302.22989,,
105651013,  Sivil Hava Ulaştırma İşletmeciliği (Açıköğretim),2,TYT,150,4,,,"10, 13",675974,315.83597,,
105650863,  Sosyal Hizmetler (Açıköğretim),2,TYT,80,2,,,13,982139,289.54099,,
105650872,  Tıbbi Dokümantasyon ve Sekreterlik (Açıköğretim),2,TYT,100,3,,,13,536585,331.02924,,
105690816,  Web Tasarımı ve Kodlama (Açıköğretim),2,TYT,4000,100,,,13,1568605,248.23509,,
105690479,  Yaşlı Bakımı (Açıköğretim),2,TYT,150,4,,,13,673094,316.12679,,
,MESLEK YÜKSEKOKULU,,,,,,,,,,,
105600486,  Ceza İnfaz ve Güvenlik Hizmetleri,2,TYT,45,2,,,17,618447,321.78104,,
,İSTANBUL ÜNİVERSİTESİ-CERRAHPAŞA (Devlet Üniversitesi),,,,,,,,,,,YÖKAK
,ORMANCILIK MESLEK YÜKSEKOKULU,,,,,,,,,,,
111650854,  Avcılık ve Yaban Hayatı,2,TYT,35,1,,,,766504,307.33268,,
111650509,  Mobilya ve Dekorasyon,2,TYT,45,2,,,,768037,307.19415,,
111690604,  Peyzaj ve Süs Bitkileri Yetiştiriciliği,2,TYT,30,1,,,,814726,303.10434,*,MEDEK
111650051,  Sulama Teknolojisi,2,TYT,35,1,,,,894691,296.43739,*,MEDEK
,SAĞLIK HİZMETLERİ MESLEK YÜKSEKOKULU,,,,,,,,,,,
111650078,  Ağız ve Diş Sağlığı,2,TYT,36,1,,,,349128,358.06745,,
111650599,  Diş Protez Teknolojisi,2,TYT,25,1,,,,343557,359.05397,,
111651031,  Nükleer Tıp Teknikleri,2,TYT,25,1,,,,587650,325.12257,,
111650712,  Radyoterapi,2,TYT,25,1,,,,486659,337.32067,,
111650103,  Tıbbi Dokümantasyon ve Sekreterlik,2,TYT,25,1,,,,397246,350.08682,,
111650633,  Tıbbi Görüntüleme Teknikleri,2,TYT,25,1,,,,336798,360.25753,,
111650615,  Tıbbi Laboratuvar Teknikleri,2,TYT,43,2,,,,387036,351.70563,*,MEDEK
,SOSYAL BİLİMLER MESLEK YÜKSEKOKULU,,,,,,,,,,,
111650518,  Bankacılık ve Sigortacılık,2,TYT,30,1,,,,495348,336.18556,*,MEDEK
111690694,  Bankacılık ve Sigortacılık (Uzaktan Öğretim),2,TYT,100,3,,,7,981416,289.59598,,
111650484,  Dış Ticaret,2,TYT,45,2,,,,481255,338.04200,,
111690695,  Dış Ticaret (Uzaktan Öğretim),2,TYT,100,3,,,7,983824,289.41112,,
111690608,  Emlak Yönetimi,2,TYT,38,1,,,,743657,309.40133,,
111690696,  Emlak Yönetimi (Uzaktan Öğretim),2,TYT,100,3,,,7,1314118,265.63554,,
111650545,  İşletme Yönetimi,2,TYT,40,1,,,,522713,332.71007,*,MEDEK
111690697,  İşletme Yönetimi (Uzaktan Öğretim),2,TYT,40,1,,,7,832168,301.61494,,
111650527,  Muhasebe ve Vergi Uygulamaları,2,TYT,27,1,,,,524762,332.45763,*,MEDEK
111690698,  Muhasebe ve Vergi Uygulamaları (Uzaktan Öğretim),2,TYT,90,3,,,7,983970,289.39977,,
111650175,  Pazarlama,2,TYT,35,1,,,,549285,329.52722,*,MEDEK
111690699,  Pazarlama (Uzaktan Öğretim),2,TYT,100,3,,,7,1088164,281.58966,,
111650193,  Turizm ve Otel İşletmeciliği,2,TYT,35,1,,,,572352,326.83878,,TUADER
111690700,  Turizm ve Otel İşletmeciliği (Uzaktan Öğretim),2,TYT,100,3,,,7,1070056,282.92032,,
,TEKNİK BİLİMLER MESLEK YÜKSEKOKULU,,,,,,,,,,,
111650651,  Ayakkabı Tasarım ve Üretimi,2,TYT,25,1,,,154,882389,297.43627,,
111690606,  Basım ve Yayım Teknolojileri,2,TYT,35,1,,,,746045,309.18571,*,MEDEK
111650421,  Bilgisayar Programcılığı,2,TYT,40,1,,,,243442,379.36717,*,MEDEK
111650236,  Biyomedikal Cihaz Teknolojisi,2,TYT,35,1,,,,599721,323.79290,,
111650272,  Elektrik,2,TYT,35,1,,,,423070,346.18568,,
111650563,  Elektronik Haberleşme Teknolojisi,2,TYT,40,1,,,,536779,331.00544,*,MEDEK
111650572,  Elektronik Teknolojisi,2,TYT,40,1,,,,469685,339.57975,*,MEDEK
111600465,  Görsel İletişim,2,TYT,20,1,,,,...,----,,
111690459,  Grafik Tasarımı,2,TYT,35,1,,,,406317,348.70253,,İLAD
111690692,  Grafik Tasarımı (KKTC Uyruklu),2,TYT,2,,,,5,,,,
111650554,  İklimlendirme ve Soğutma Teknolojisi,2,TYT,35,1,,,,787742,305.44665,,
111650581,  Kontrol ve Otomasyon Teknolojisi,2,TYT,40,1,,,,472577,339.19977,,
111650342,  Makine,2,TYT,35,1,,,,385626,351.94301,,
111650536,  Otomotiv Teknolojisi,2,TYT,35,1,,,,454078,341.73162,,
111650996,  Özel Güvenlik ve Koruma,2,TYT,35,1,,,2,797360,304.60265,,
111690605,  Polimer Teknolojisi,2,TYT,30,1,,,,763542,307.60341,,
111690728,  Sanal ve Artırılmış Gerçeklik,2,TYT,30,1,,,,373203,353.96000,,
111690607,  Seramik ve Cam Tasarımı,2,TYT,35,1,,,,739256,309.80643,,
111650678,  Sivil Havacılık Kabin Hizmetleri,2,TYT,35,1,,,10,342532,359.23179,,
111650466,  Sivil Savunma ve İtfaiyecilik,2,TYT,35,1,,,9,547183,329.77532,,
111650378,  Su Altı Teknolojisi,2,TYT,25,1,,,57,680549,315.38207,,
111690756,  Su ve Atık Yönetimi Teknikerliği,2,TYT,45,2,,,,947052,292.25738,,
111650687,  Uçak Teknolojisi,2,TYT,25,1,,,10,197687,390.95796,,
,VETERİNERLİK MESLEK YÜKSEKOKULU,,,,,,,,,,,
111650845,  Atçılık ve Antrenörlüğü,2,TYT,55,2,,,,603447,323.39120,*,MEDEK
111650024,  Gıda Teknolojisi,2,TYT,25,1,,,,540320,330.58291,*,MEDEK
,İZMİR BAKIRÇAY ÜNİVERSİTESİ (Devlet Üniversitesi),,,,,,,,,,,
,KARŞIYAKA MESLEK YÜKSEKOKULU,,,,,,,,,,,
112900276,  Laborant ve Veteriner Sağlık,2,TYT,35,1,,1,,556394,328.68608,,MEDEK
,İZMİR DEMOKRASİ ÜNİVERSİTESİ (Devlet Üniversitesi),,,,,,,,,,,
,MESLEK YÜKSEKOKULU,,,,,,,,,,,
111110182,  Bankacılık ve Sigortacılık (İngilizce),2,TYT,30,1,,1,"22, 23, 24, 291",632790,320.25718,,
111110082,  Peyzaj ve Süs Bitkileri Yetiştiriciliği,2,TYT,25,1,,1,,985399,289.29077,,
,SAĞLIK HİZMETLERİ MESLEK YÜKSEKOKULU,,,,,,,,,,,
111110088,  Biyomedikal Cihaz Teknolojisi,2,TYT,35,1,,1,46,676052,315.82721,,
111110080,  Yaşlı Bakımı,2,TYT,35,1,,1,,812544,303.28246,,
,İZMİR KATİP ÇELEBİ ÜNİVERSİTESİ (Devlet Üniversitesi),,,,,,,,,,,YÖKAK
,SAĞLIK HİZMETLERİ MESLEK YÜKSEKOKULU,,,,,,,,,,,
105750014,  Ağız ve Diş Sağlığı,2,TYT,45,2,,2,,390641,351.13765,,
105750041,  Fizyoterapi,2,TYT,41,2,,2,,425348,345.84356,,
105750023,  İlk ve Acil Yardım,2,TYT,32,1,,1,,308072,365.61684,,
105761207,  Tıbbi Laboratuvar Teknikleri,2,TYT,26,1,,1,,402012,349.34671,,
105750032,  Yaşlı Bakımı,2,TYT,75,2,,2,,757053,308.18992,,
,KAFKAS ÜNİVERSİTESİ (KARS) (Devlet Üniversitesi),,,,,,,,,,,
,ATATÜRK SAĞLIK HİZMETLERİ MESLEK YÜKSEKOKULU,,,,,,,,,,,
105950463,  Anestezi,2,TYT,50,2,,2,,455980,341.46931,,
105950842,  Evde Hasta Bakımı,2,TYT,55,2,,2,,793417,304.94441,,
105950648,  İlk ve Acil Yardım,2,TYT,32,1,,1,,449310,342.38557,,
105950815,  Tıbbi Dokümantasyon ve Sekreterlik,2,TYT,30,1,,1,,609380,322.75752,,
105950596,  Tıbbi Görüntüleme Teknikleri,2,TYT,39,1,,1,,465051,340.21586,,
105950569,  Tıbbi Laboratuvar Teknikleri,2,TYT,34,1,,1,,573149,326.75158,,
105950824,  Tıbbi Tanıtım ve Pazarlama,2,TYT,54,2,,2,,1505941,252.52022,,
105950833,  Yaşlı Bakımı,2,TYT,55,2,,2,,958212,291.38571,,
,GÜZEL SANATLAR MESLEK YÜKSEKOKULU,,,,,,,,,,,
105990125,  Moda Tasarımı,2,TYT,15,1,,1,,1694435,239.67319,,
,KAĞIZMAN MESLEK YÜKSEKOKULU,,,,,,,,,,,
105990111,  Eczane Hizmetleri,2,TYT,30,1,,1,,849941,300.11999,,
105990263,  Engelli Bakımı ve Rehabilitasyon,2,TYT,45,2,,2,,1221519,272.06854,,
105990113,  Optisyenlik,2,TYT,45,2,,2,,1138510,277.96013,,
105950869,  Sağlık Kurumları İşletmeciliği,2,TYT,28,1,,1,,1488842,253.68740,,
105990112,  Sosyal Hizmetler,2,TYT,35,1,,1,,1430460,257.66129,,
,KARS MESLEK YÜKSEKOKULU,,,,,,,,,,,
105950993,  Biyokimya,2,TYT,25,1,,1,,1257268,269.57597,,
105990133,  Gıda Kalite Kontrolü ve Analizi,2,TYT,25,1,,1,,1725624,237.54436,,
105950745,  Laborant ve Veteriner Sağlık,2,TYT,35,1,,1,,1114292,279.70136,,
105950896,  Laboratuvar Teknolojisi,2,TYT,45,2,,2,,1039405,285.20420,,
105990156,  Polimer Teknolojisi,2,TYT,25,1,,1,,1789021,233.18908,,
105990106,  Süt ve Besi Hayvancılığı,2,TYT,35,1,,1,,1740653,236.51602,,
,KAZIM KARABEKİR TEKNİK BİLİMLER MESLEK YÜKSEKOKULU,,,,,,,,,,,
105990158,  Bilgisayar Destekli Tasarım ve Animasyon,2,TYT,50,2,,2,,1646845,242.91564,,
105990319,  Elektrik,2,TYT,35,1,,1,,1374701,261.47021,,
105990326,  Eser Koruma,2,TYT,35,1,,1,,1859737,228.25298,,
105990157,  Makine,2,TYT,45,2,,2,,1488367,253.72003,,
105990104,  Mimari Restorasyon,2,TYT,35,1,,1,,1710941,238.54440,,
105900178,  Yapay Zeka Operatörlüğü,2,TYT,30,1,,1,320,...,----,,
,SARIKAMIŞ MESLEK YÜKSEKOKULU,,,,,,,,,,,
105990130,  Aşçılık,2,TYT,65,2,,2,,1460712,255.59393,,
105951001,  Çocuk Gelişimi,2,TYT,36,1,,1,,1239118,270.84520,,
105950612,  Lojistik,2,TYT,55,2,,2,,1763906,234.91493,,
105950921,  Özel Güvenlik ve Koruma,2,TYT,60,2,,2,2,1587247,246.97564,,
105990186,  Tapu ve Kadastro,2,TYT,30,1,,1,,1509798,252.25927,,
,SOSYAL BİLİMLER MESLEK YÜKSEKOKULU,,,,,,,,,,,
105950499,  Bankacılık ve Sigortacılık,2,TYT,30,1,,1,,1283041,267.79209,,
105990270,  Ceza İnfaz ve Güvenlik Hizmetleri,2,TYT,35,1,,1,17,926739,293.87986,,
105950481,  Halkla İlişkiler ve Tanıtım,2,TYT,29,1,,1,,1656671,242.24708,,
105950506,  Muhasebe ve Vergi Uygulamaları,2,TYT,27,1,,1,,1547282,249.68228,,
105990333,  Ofis Teknolojileri ve Veri Yönetimi,2,TYT,30,1,,1,,1756053,235.45764,,
105990099,  Özel Güvenlik ve Koruma,2,TYT,65,2,,2,2,1417788,258.53072,,
105990109,  Posta Hizmetleri,2,TYT,30,1,,1,,1781879,233.68263,,
,SUSUZ MESLEK YÜKSEKOKULU,,,,,,,,,,,
105990277,  Mahkeme Büro Hizmetleri,2,TYT,35,1,,1,232,1257309,269.57355,,
105990129,  Sağlık Kurumları İşletmeciliği,2,TYT,28,1,,1,232,1558234,248.94135,,
105990193,  Sivil Havacılık Kabin Hizmetleri,2,TYT,45,2,,2,"10, 232",1031438,285.79413,,
,KAHRAMANMARAŞ İSTİKLAL ÜNİVERSİTESİ (Devlet Üniversitesi),,,,,,,,,,,
,AIRBUS-TUSAŞ HAVACILIK MESLEK YÜKSEKOKULU,,,,,,,,,,,
112200101,  Cnc Programlama ve Operatörlüğü,2,TYT,25,1,,1,,...,----,,
112270873,  Makine,2,TYT,25,1,,1,,447087,342.69123,,
112270880,  Metalurji,2,TYT,15,1,,1,,628481,320.71171,,
112270887,  Uçak Teknolojisi,2,TYT,25,1,,1,10,262238,375.07581,,
,ELBİSTAN MESLEK YÜKSEKOKULU,,,,,,,,,,,
112250363,  Elektrik,2,TYT,45,2,,2,,1222515,272.00051,,
112250884,  Elektronik Teknolojisi,2,TYT,35,1,,1,,1439823,257.01285,,
112251052,  İnşaat Teknolojisi,2,TYT,35,1,,1,,1581215,247.38165,,
112251158,  Laborant ve Veteriner Sağlık,2,TYT,35,1,,1,,1113643,279.74803,,
112250399,  Makine,2,TYT,45,2,,2,,1452522,256.14143,,
112250733,  Muhasebe ve Vergi Uygulamaları,2,TYT,23,1,,1,,1437462,257.17689,,
112270957,  Ofis Teknolojileri ve Veri Yönetimi,2,TYT,35,1,,1,,1798823,232.50576,,
112250769,  Otomotiv Teknolojisi,2,TYT,35,1,,1,,1448129,256.44729,,
112270852,  Sivil Savunma ve İtfaiyecilik,2,TYT,45,2,,,9,870186,298.43280,,
,ELBİSTAN SAĞLIK HİZMETLERİ MESLEK YÜKSEKOKULU,,,,,,,,,,,
112270822,  Eczane Hizmetleri,2,TYT,26,1,,1,,710714,312.48778,,
112270823,  Optisyenlik,2,TYT,35,1,,1,,834048,301.44899,,
112270817,  Yaşlı Bakımı,2,TYT,35,1,,1,,957254,291.46036,,
,TÜRKOĞLU MESLEK YÜKSEKOKULU,,,,,,,,,,,
112270894,  Alternatif Enerji Kaynakları Teknolojisi,2,TYT,35,1,,1,,1454575,256.00163,,
112270936,  Gıda Kalite Kontrolü ve Analizi,2,TYT,20,1,,1,,1709846,238.62142,,
112270943,  Gıda Teknolojisi,2,TYT,25,1,,1,,1726419,237.49169,,
112270901,  Kimya Teknolojisi,2,TYT,25,1,,1,,1557719,248.97600,,
112270826,  Lojistik,2,TYT,35,1,,1,,1707043,238.81470,,
112270827,  Özel Güvenlik ve Koruma,2,TYT,35,1,,1,2,1154942,276.78303,,
112270828,  Sivil Savunma ve İtfaiyecilik,2,TYT,35,1,,,9,789238,305.31509,,
112270950,  Tekstil Teknolojisi,2,TYT,40,1,,1,,1845633,229.25176,,
,KAHRAMANMARAŞ SÜTÇÜ İMAM ÜNİVERSİTESİ (Devlet Üniversitesi),,,,,,,,,,,
,AFŞİN MESLEK YÜKSEKOKULU,,,,,,,,,,,
106050936,  Bilgisayar Programcılığı,2,TYT,45,2,,2,,1378200,261.23353,,
106050972,  Büro Yönetimi ve Yönetici Asistanlığı,2,TYT,45,2,,2,,1352221,263.00559,,
106051237,  Kimya Teknolojisi,2,TYT,25,1,,1,,1377203,261.29964,,
106090115,  Madencilik Teknolojisi,2,TYT,23,1,,1,,1748832,235.96074,,
106050724,  Muhasebe ve Vergi Uygulamaları,2,TYT,27,1,,1,,1499428,252.96983,,
,ANDIRIN MESLEK YÜKSEKOKULU,,,,,,,,,,,
106050336,  Bilgisayar Programcılığı,2,TYT,30,1,,1,,...,----,,
106051104,"  Elektrik Enerjisi Üretim, İletim ve Dağıtımı",2,TYT,45,2,,2,,1488462,253.71336,,
106051113,  Ormancılık ve Orman Ürünleri,2,TYT,20,1,,1,,671888,316.24863,,
106090099,  Yapı Denetimi,2,TYT,20,1,,1,,1594495,246.48205,,
,GÖKSUN MESLEK YÜKSEKOKULU,,,,,,,,,,,
106050627,  Bankacılık ve Sigortacılık,2,TYT,30,1,,1,,1249952,270.09220,,
106050503,  Bilgisayar Programcılığı,2,TYT,50,2,,2,,1255700,269.68424,,
106051343,  Çocuk Gelişimi,2,TYT,27,1,,1,,974857,290.09800,,
106051149,  Dış Ticaret,2,TYT,35,1,,1,,1623365,244.51853,,
106050654,  Harita ve Kadastro,2,TYT,25,1,,1,,1100649,280.69549,,
106051273,  İlk ve Acil Yardım,2,TYT,41,2,,2,,426389,345.68166,,
106050821,  İşletme Yönetimi,2,TYT,40,1,,1,,1628883,244.13588,,
106050742,  Muhasebe ve Vergi Uygulamaları,2,TYT,27,1,,1,,1433216,257.47501,,
106050663,  Organik Tarım,2,TYT,35,1,,1,,1741975,236.42642,,
106051228,  Tapu ve Kadastro,2,TYT,35,1,,1,,904183,295.67521,,
,KAHRAMANMARAŞ SAĞLIK HİZMETLERİ MESLEK YÜKSEKOKULU,,,,,,,,,,,
106050636,  Anestezi,2,TYT,50,2,,2,,360823,356.06511,,
106050672,  Çocuk Gelişimi,2,TYT,27,1,,1,,732852,310.39760,,
106051167,  Fizyoterapi,2,TYT,41,2,,2,,526635,332.23313,,
106051219,  İlk ve Acil Yardım,2,TYT,36,1,,1,,353410,357.32731,,
106090053,  Optisyenlik,2,TYT,25,1,,1,,586426,325.25978,,
106050212,  Tıbbi Dokümantasyon ve Sekreterlik,2,TYT,30,1,,1,,443519,343.19283,,
106090054,  Tıbbi Görüntüleme Teknikleri,2,TYT,39,1,,1,,364200,355.49578,,
106050909,  Tıbbi Laboratuvar Teknikleri,2,TYT,34,1,,1,,447403,342.64669,,
106050893,  Yaşlı Bakımı,2,TYT,45,2,,2,,819317,302.70191,*,MEDEK
,PAZARCIK MESLEK YÜKSEKOKULU,,,,,,,,,,,
106051361,  Çağrı Merkezi Hizmetleri,2,TYT,95,3,,3,,1501605,252.81869,,
106051088,  Dış Ticaret,2,TYT,45,2,,2,,1666497,241.57279,,
106090059,  Sosyal Güvenlik,2,TYT,54,2,,2,,1506142,252.50923,,
,SOSYAL BİLİMLER MESLEK YÜKSEKOKULU,,,,,,,,,,,
106051316,  Aşçılık,2,TYT,45,2,,2,,960703,291.18965,*,MEDEK
106051061,  Bankacılık ve Sigortacılık,2,TYT,30,1,,1,,968378,290.59446,,
106050963,  Büro Yönetimi ve Yönetici Asistanlığı,2,TYT,45,2,,2,,933457,293.34059,,
106051201,  Çağrı Merkezi Hizmetleri (Uzaktan Öğretim),2,TYT,65,2,,2,7,1238409,270.89238,,
106051194,  Halkla İlişkiler ve Tanıtım,2,TYT,53,2,,2,,1337185,264.04241,,
106050796,  İşletme Yönetimi,2,TYT,40,1,,1,,1180121,274.97932,,
106051016,  Lojistik,2,TYT,65,2,,2,,1432308,257.53561,,
106050715,  Muhasebe ve Vergi Uygulamaları,2,TYT,27,1,,1,,986183,289.23116,,
106050151,  Pazarlama,2,TYT,35,1,,1,,1445260,256.64641,,
106050178,  Turizm ve Otel İşletmeciliği,2,TYT,35,1,,1,,1269165,268.74971,,
,TEKNİK BİLİMLER MESLEK YÜKSEKOKULU,,,,,,,,,,,
106051185,  Bilgisayar Destekli Tasarım ve Animasyon,2,TYT,55,2,,2,,1150169,277.12098,,
106050203,  Bilgisayar Programcılığı,2,TYT,65,2,,2,,788718,305.36052,,MEDEK
106090114,  Doğalgaz ve Tesisatı Teknolojisi,2,TYT,35,1,,1,,1541597,250.07170,,
106050072,  Elektrik,2,TYT,60,2,,2,,850219,300.09769,,
106050875,  Elektronik Teknolojisi,2,TYT,35,1,,1,,1192579,274.08687,,
106050999,  Geleneksel El Sanatları,2,TYT,45,2,,2,,1646962,242.90887,,
106051122,  Gıda Teknolojisi,2,TYT,30,1,,1,,1256703,269.61806,,MEDEK
106050954,  Giyim Üretim Teknolojisi,2,TYT,20,1,,1,,1635248,243.70383,,
106050857,  İklimlendirme ve Soğutma Teknolojisi,2,TYT,35,1,,1,,1438013,257.13997,,
106050927,  İnşaat Teknolojisi,2,TYT,45,2,,2,,1037753,285.32502,,
106051079,  Kuyumculuk ve Takı Tasarımı,2,TYT,50,2,,2,,1459901,255.64507,,
106050124,  Makine,2,TYT,45,2,,2,,1034716,285.55460,,
106090060,  Mimari Restorasyon,2,TYT,45,2,,2,,1300184,266.60249,,
106051307,  Mobilya ve Dekorasyon,2,TYT,35,1,,1,,1592068,246.65017,,
106051007,  Moda Tasarımı,2,TYT,55,2,,2,,1489608,253.63417,,
106050751,  Otomotiv Teknolojisi,2,TYT,35,1,,1,,1155407,276.74896,*,MEDEK
106050681,  Tekstil Teknolojisi,2,TYT,40,1,,1,,1510608,252.20056,,
,KARABÜK ÜNİVERSİTESİ (Devlet Üniversitesi),,,,,,,,,,,YÖKAK
,BİLİŞİM TEKNOLOJİLERİ MESLEK YÜKSEKOKULU,,,,,,,,,,,
106190264,  Arka-Yüz Yazılım Geliştirme,2,TYT,35,1,,1,320,1057117,283.87853,,
106190271,  Bulut Bilişim Operatörlüğü,2,TYT,35,1,,1,320,1180345,274.96174,,
106190278,  Otonom Sistemler Teknikerliği,2,TYT,35,1,,1,320,987140,289.15682,,
106190166,  Oyun Geliştirme ve Programlama,2,TYT,35,1,,1,320,930450,293.58258,,
106190173,  Ön-Yüz Yazılım Geliştirme,2,TYT,35,1,,1,320,933405,293.34376,,
106190180,  Yapay Zeka Operatörlüğü,2,TYT,35,1,,1,320,660581,317.37232,,
,EFLANİ MESLEK YÜKSEKOKULU,,,,,,,,,,,
106190071,  Aşçılık,2,TYT,55,2,,2,,1257539,269.55723,,
106190187,  Atçılık ve Antrenörlüğü,2,TYT,35,1,,1,,1660389,241.98911,,
106190087,  Gıda Kalite Kontrolü ve Analizi,2,TYT,20,1,,1,,1737511,236.72745,,
,ESKİPAZAR MESLEK YÜKSEKOKULU,,,,,,,,,,,
106190097,  Bilişim Güvenliği Teknolojisi,2,TYT,55,2,,2,,1456948,255.84607,,
106190194,  Eser Koruma,2,TYT,35,1,,1,,1710967,238.54288,,
106150423,  Özel Güvenlik ve Koruma,2,TYT,45,2,,2,2,1543629,249.93500,,
106190098,  Raylı Sistemler Elektrik ve Elektronik,2,TYT,55,2,,2,6,1080226,282.16839,,
106190095,  Raylı Sistemler Makinistliği,2,TYT,65,2,,2,6,933567,293.33140,,
,SAFRANBOLU ŞEFİK YILMAZ DİZDAR MESLEK YÜKSEKOKULU,,,,,,,,,,,
106190118,  Bilgisayar Teknolojisi,2,TYT,55,2,,2,320,1163115,276.20657,,
106190119,  Çocuk Gelişimi,2,TYT,32,1,,1,,953454,291.75211,,
106190122,  Geleneksel El Sanatları,2,TYT,25,1,,1,,1726333,237.49740,,
106190123,  İç Mekan Tasarımı,2,TYT,36,1,,1,,1383379,260.88061,,
106190125,  İşletme Yönetimi,2,TYT,40,1,,1,,1488181,253.73301,,
106190126,  Mimari Restorasyon,2,TYT,45,2,,2,,1625245,244.38715,,
106190128,  Moda Tasarımı,2,TYT,45,2,,2,,1624318,244.45368,,
106190129,  Muhasebe ve Vergi Uygulamaları,2,TYT,27,1,,1,,1305930,266.20267,,
106190132,  Turist Rehberliği,2,TYT,45,2,,2,,1192096,274.11814,,
106190133,  Turizm ve Otel İşletmeciliği,2,TYT,35,1,,1,,1471949,254.83066,,
,SAĞLIK HİZMETLERİ MESLEK YÜKSEKOKULU,,,,,,,,,,,
106150635,  Ağız ve Diş Sağlığı,2,TYT,59,2,,2,,522222,332.76823,,
106190072,  Ameliyathane Hizmetleri,2,TYT,54,2,,2,,618606,321.76448,,
106150592,  Fizyoterapi,2,TYT,41,2,,2,,653520,318.09270,,
106150486,  İlk ve Acil Yardım,2,TYT,32,1,,1,,443083,343.25304,*,MEDEK
106190152,  Odyometri,2,TYT,30,1,,1,,679678,315.46786,,
106190070,  Optisyenlik,2,TYT,45,2,,2,,790407,305.21039,,
106190073,  Ortopedik Protez ve Ortez,2,TYT,65,2,,2,,805720,303.86740,,
106150608,  Sağlık Kurumları İşletmeciliği,2,TYT,28,1,,1,,1128123,278.70733,,
106150617,  Tıbbi Dokümantasyon ve Sekreterlik,2,TYT,30,1,,1,,578841,326.10267,,
106150502,  Tıbbi Laboratuvar Teknikleri,2,TYT,43,2,,2,,545502,329.97045,,
106150495,  Tıbbi Tanıtım ve Pazarlama,2,TYT,54,2,,2,,1412191,258.91484,,
106150626,  Yaşlı Bakımı,2,TYT,65,2,,2,,992675,288.72439,,
,TÜRKİYE ODALAR VE BORSALAR BİRLİĞİ TEKNİK BİLİMLER MESLEK YÜKSEKOKULU,,,,,,,,,,,
106150265,  Bilgisayar Programcılığı,2,TYT,65,2,,2,321,1142622,277.66401,,
106150026,  Elektrik,2,TYT,65,2,,2,321,1135495,278.17168,,
106150698,  Elektronik Teknolojisi,2,TYT,65,2,,2,321,1447889,256.46368,,
106190285,  Hibrid ve Elektrikli Taşıtlar Teknolojisi,2,TYT,30,1,,1,,1048174,284.55419,,
106150247,  İklimlendirme ve Soğutma Teknolojisi,2,TYT,35,1,,1,321,1619096,244.80399,,
106150671,  Kaynak Teknolojisi,2,TYT,40,1,,1,321,1544429,249.87942,,
106150044,  Makine,2,TYT,65,2,,2,321,1266771,268.91347,,
106190103,  Metalurji,2,TYT,23,1,,1,321,1694519,239.66715,,
106150565,  Otobüs Kaptanlığı,2,TYT,35,1,,1,,1768065,234.62770,,
106150229,  Otomotiv Teknolojisi,2,TYT,35,1,,1,321,1292228,267.14563,,
106150177,  Sivil Savunma ve İtfaiyecilik,2,TYT,65,2,,,9,919384,294.45749,,
106150574,  Ulaştırma ve Trafik Hizmetleri,2,TYT,60,2,,2,,1739848,236.56941,,
,YENİCE MESLEK YÜKSEKOKULU,,,,,,,,,,,
106190078,  Bilgisayar Programcılığı,2,TYT,65,2,,2,,1344123,263.56209,,
106190077,  Raylı Sistemler Makine Teknolojisi,2,TYT,55,2,,2,6,1293806,267.03858,,
,KARADENİZ TEKNİK ÜNİVERSİTESİ (TRABZON) (Devlet Üniversitesi),,,,,,,,,,,YÖKAK
,ARAKLI ALİ CEVAT ÖZYURT MESLEK YÜKSEKOKULU,,,,,,,,,,,
106290358,  Dijital Dönüşüm Elektroniği,2,TYT,35,1,,,320,1127254,278.77177,,
106251235,  Lojistik,2,TYT,45,2,,,,1273097,268.48052,,
106290365,  Yapay Zeka Operatörlüğü,2,TYT,35,1,,,320,573748,326.68653,,
,ARSİN MESLEK YÜKSEKOKULU,,,,,,,,,,,
106290229,  Doğalgaz ve Tesisatı Teknolojisi,2,TYT,35,1,,,,1385239,260.75246,,
106251253,  Grafik Tasarımı,2,TYT,30,1,,,,895256,296.39206,,
106290231,  İç Mekan Tasarımı,2,TYT,32,1,,,,979384,289.75011,,
106290309,  Mobilya ve Dekorasyon,2,TYT,25,1,,,,1353929,262.88498,,
,MAÇKA MESLEK YÜKSEKOKULU,,,,,,,,,,,
106251226,  Biyokimya,2,TYT,25,1,,,,929330,293.67342,,
106290295,  Eczane Hizmetleri,2,TYT,26,1,,,,592182,324.61736,,
106251165,  Gıda Kalite Kontrolü ve Analizi,2,TYT,25,1,,,,1439910,257.00659,,
106251174,  Gıda Teknolojisi,2,TYT,30,1,,,,1317052,265.42541,,
106290129,  Laborant ve Veteriner Sağlık,2,TYT,35,1,,,,778855,306.22551,,
106250882,  Laboratuvar Teknolojisi,2,TYT,35,1,,,,813067,303.23705,,
106250758,  Turizm ve Otel İşletmeciliği,2,TYT,35,1,,,,1241131,270.70493,,
,SAĞLIK HİZMETLERİ MESLEK YÜKSEKOKULU,,,,,,,,,,,
106251192,  İlk ve Acil Yardım,2,TYT,32,1,,,,312861,364.69928,,
106250582,  Tıbbi Dokümantasyon ve Sekreterlik,2,TYT,30,1,,,,430633,345.06070,,
106250997,  Tıbbi Görüntüleme Teknikleri,2,TYT,35,1,,,,350380,357.84631,,
106250952,  Tıbbi Laboratuvar Teknikleri,2,TYT,43,2,,,,427131,345.57565,,
,SÜRMENE ABDULLAH KANCA MESLEK YÜKSEKOKULU,,,,,,,,,,,
106250801,  Elektrik,2,TYT,45,2,,,,1057943,283.81695,,
106251005,  Elektronik Teknolojisi,2,TYT,45,2,,,,1213728,272.60824,,
106251217,  Gemi İnşaatı,2,TYT,55,2,,,,862881,299.03776,,
106290230,  Gemi Makineleri İşletmeciliği,2,TYT,23,1,,,11,538903,330.75350,,
106290351,  Kaynak Teknolojisi,2,TYT,30,1,,,,1364932,262.13072,,
106251014,  Makine,2,TYT,45,2,,,,1046154,284.70788,,
106250819,  Mekatronik,2,TYT,45,2,,,,907203,295.43593,,
,TRABZON MESLEK YÜKSEKOKULU,,,,,,,,,,,
106250961,  Bilgisayar Programcılığı,2,TYT,70,2,,,,542116,330.37052,,
106250564,  Biyomedikal Cihaz Teknolojisi,2,TYT,40,1,,,,807191,303.74327,,
106250485,  Elektrik,2,TYT,70,2,,,,874767,298.05954,,
106250934,  Elektronik Teknolojisi,2,TYT,45,2,,,,1000154,288.15403,,
106250828,  Geleneksel El Sanatları,2,TYT,35,1,,,,1267460,268.86551,,
106250501,  Harita ve Kadastro,2,TYT,25,1,,,,860564,299.22630,,
106290372,  Harita ve Kadastro (KKTC Uyruklu),2,TYT,1,,,,5,,,,
106251041,  İnşaat Teknolojisi,2,TYT,45,2,,,,924469,294.05878,,
106250519,  Makine,2,TYT,45,2,,,,934097,293.28914,,
106290288,  Moda Tasarımı,2,TYT,35,1,,,,1093711,281.18996,,
,KARAMANOĞLU MEHMETBEY ÜNİVERSİTESİ (KARAMAN) (Devlet Üniversitesi),,,,,,,,,,,YÖKAK
,ERMENEK MESLEK YÜKSEKOKULU,,,,,,,,,,,
106350184,  Bilgisayar Programcılığı,2,TYT,85,3,,3,,1426868,257.90741,,
106390276,  Çevresel Ölçüm ve İzleme Sistemleri Teknikerliği,2,TYT,35,1,,1,,1883712,226.55180,,
106350087,  Elektrik,2,TYT,65,2,,2,,1462477,255.47364,,
106390036,  Sosyal Güvenlik,2,TYT,54,2,,2,,1632020,243.92291,,
106300143,  Tıbbi Veri İşleme Teknikerliği,2,TYT,28,1,,1,,1328491,264.63774,,
,ERMENEK UYSAL VE HASAN KALAN SAĞLIK HİZMETLERİ MESLEK YÜKSEKOKULU,,,,,,,,,,,
106390085,  Eczane Hizmetleri,2,TYT,26,1,,1,,764319,307.53361,,
106390086,  İlk ve Acil Yardım,2,TYT,32,1,,1,,466175,340.05786,,
,KAZIM KARABEKİR MESLEK YÜKSEKOKULU,,,,,,,,,,,
106350396,  Çağrı Merkezi Hizmetleri,2,TYT,35,1,,1,,1339998,263.85292,,
106390108,  Çevre Sağlığı,2,TYT,35,1,,1,,940795,292.75585,,
106350421,  Sosyal Hizmetler,2,TYT,35,1,,1,,1188855,274.35034,,
106390283,  Su ve Atık Yönetimi Teknikerliği,2,TYT,35,1,,1,,1845728,229.24457,,
106350387,  Tıbbi Dokümantasyon ve Sekreterlik,2,TYT,30,1,,1,,560157,328.24680,,
106350351,  Tıbbi Tanıtım ve Pazarlama,2,TYT,36,1,,1,,1530809,250.81014,,
,SAĞLIK HİZMETLERİ MESLEK YÜKSEKOKULU,,,,,,,,,,,
106390087,  Ağız ve Diş Sağlığı,2,TYT,27,1,,1,,449727,342.32998,,
106350439,  Ameliyathane Hizmetleri,2,TYT,36,1,,1,,538747,330.77210,,
106350245,  Çocuk Gelişimi,2,TYT,27,1,,1,,809512,303.54844,,
106350324,  Diyaliz,2,TYT,54,2,,2,,593000,324.52602,,
106390052,  Eczane Hizmetleri,2,TYT,30,1,,1,,627503,320.81807,,
106350333,  Engelli Bakımı ve Rehabilitasyon,2,TYT,45,2,,2,,1055726,283.98799,,
106350281,  Evde Hasta Bakımı,2,TYT,45,2,,2,,745742,309.21304,,
106390034,  Fizyoterapi,2,TYT,41,2,,2,,603177,323.42308,,
106350369,  İlk ve Acil Yardım,2,TYT,36,1,,1,,397595,350.03387,,
106390088,  İş ve Uğraşı Terapisi,2,TYT,45,2,,2,,865504,298.82321,,
106390089,  Odyometri,2,TYT,35,1,,1,,638964,319.61386,,
106390070,  Optisyenlik,2,TYT,35,1,,1,,679401,315.49916,,
106390090,  Tıbbi Görüntüleme Teknikleri,2,TYT,30,1,,1,,395885,350.29785,,
106350254,  Yaşlı Bakımı,2,TYT,45,2,,2,,920742,294.35264,,
,SOSYAL BİLİMLER MESLEK YÜKSEKOKULU,,,,,,,,,,,
106350403,  Aşçılık,2,TYT,35,1,,1,,1025012,286.27747,,
106350218,  Bankacılık ve Sigortacılık,2,TYT,30,1,,1,,1175594,275.29830,,
106390064,  Emlak Yönetimi,2,TYT,28,1,,1,,1571332,248.04584,,
106350299,  Lojistik,2,TYT,35,1,,1,,1416284,258.63306,,
106350263,  Muhasebe ve Vergi Uygulamaları,2,TYT,27,1,,1,,1210139,272.86331,,
106390091,  Özel Güvenlik ve Koruma,2,TYT,35,1,,1,2,1207129,273.07477,,
106390067,  Pastacılık ve Ekmekçilik,2,TYT,35,1,,1,,1116935,279.51290,,
106390136,  Pastacılık ve Ekmekçilik (KKTC Uyruklu),2,TYT,1,,,,5,,,,
106390068,  Sağlık Kurumları İşletmeciliği,2,TYT,28,1,,1,,1138165,277.98446,,
106390047,  Sosyal Güvenlik,2,TYT,36,1,,1,,1177669,275.15457,,
106350342,  Turizm ve Otel İşletmeciliği,2,TYT,30,1,,1,,1323804,264.95811,,TUADER
,TEKNİK BİLİMLER MESLEK YÜKSEKOKULU,,,,,,,,,,,
106350175,  Bilgisayar Programcılığı,2,TYT,50,2,,2,,953360,291.75923,,
106390290,  Dijital Tarım Teknolojileri,2,TYT,30,1,,1,,1533097,250.65326,,
106390061,  Elektrik,2,TYT,35,1,,1,,1120768,279.23641,,
106350272,  Geleneksel El Sanatları,2,TYT,25,1,,1,,1660187,242.00459,,
106350024,  Gıda Teknolojisi,2,TYT,30,1,,1,,1151148,277.05148,,
106390062,  Grafik Tasarımı,2,TYT,35,1,,1,,1260862,269.32712,,
106390071,  Harita ve Kadastro,2,TYT,25,1,,1,,1129722,278.58938,,
106350042,  Makine,2,TYT,35,1,,1,,1273056,268.48386,,
106350051,  Mimari Dekoratif Sanatlar,2,TYT,65,2,,2,,1718982,237.99785,,
106350209,  Organik Tarım,2,TYT,45,2,,2,,1640220,243.37076,,
106350157,  Otomotiv Teknolojisi,2,TYT,35,1,,1,,1283363,267.76790,,
106390297,  Tarım Makineleri ve Teknolojileri,2,TYT,35,1,,1,,1739691,236.58155,,
106390072,  Üretimde Kalite Kontrol,2,TYT,35,1,,1,,1413170,258.84674,,
,KASTAMONU ÜNİVERSİTESİ (Devlet Üniversitesi),,,,,,,,,,,YÖKAK
,ABANA SABAHAT MESUT YILMAZ MESLEK YÜKSEKOKULU,,,,,,,,,,,
106450571,  Doğalgaz ve Tesisatı Teknolojisi,2,TYT,45,2,,2,,1735598,236.85899,,
106490234,  Elektrikli Cihaz Teknolojisi,2,TYT,35,1,,1,,1764148,234.89744,,
106490169,  Sosyal Hizmetler,2,TYT,35,1,,1,,1249237,270.14132,,
106490241,  Su ve Atık Yönetimi Teknikerliği,2,TYT,35,1,,1,,1988119,218.90957,,
106450544,  Yapı Denetimi,2,TYT,25,1,,1,,1738201,236.68422,,
,ARAÇ RAFET VERGİLİ MESLEK YÜKSEKOKULU,,,,,,,,,,,
106450668,  Avcılık ve Yaban Hayatı,2,TYT,55,2,,2,,1298953,266.68379,,
106450377,  Ormancılık ve Orman Ürünleri,2,TYT,20,1,,1,,781456,305.98815,,
106450492,  Tıbbi Dokümantasyon ve Sekreterlik,2,TYT,30,1,,1,,666901,316.73680,,
106450508,  Tıbbi Tanıtım ve Pazarlama,2,TYT,32,1,,1,,1620671,244.69888,,
,BOZKURT MESLEK YÜKSEKOKULU,,,,,,,,,,,
106490170,  Elektronik Haberleşme Teknolojisi,2,TYT,45,2,,2,,1640330,243.36323,,
106450747,  Sivil Savunma ve İtfaiyecilik,2,TYT,75,2,,,9,978324,289.83156,,
,CİDE RIFAT ILGAZ MESLEK YÜKSEKOKULU,,,,,,,,,,,
106490248,  Bilgisayar Destekli Tasarım ve Animasyon,2,TYT,35,1,,1,,1629109,244.11886,,
106450271,  Bilgisayar Programcılığı,2,TYT,55,2,,2,,1202117,273.41653,*,MEDEK
106490149,  Çocuk Gelişimi,2,TYT,32,1,,1,,1062055,283.51657,,
106450262,  Elektronik Teknolojisi,2,TYT,45,2,,2,,1550692,249.45283,,
106490192,  Mahkeme Büro Hizmetleri,2,TYT,35,1,,1,,1007766,287.58051,,
106450165,  Muhasebe ve Vergi Uygulamaları,2,TYT,27,1,,1,,1522926,251.34940,,
,ÇATALZEYTİN MESLEK YÜKSEKOKULU,,,,,,,,,,,
106490255,  Bilgisayar Programcılığı,2,TYT,25,1,,1,,1328589,264.63073,,
106450702,  Engelli Bakımı ve Rehabilitasyon,2,TYT,55,2,,2,,1165039,276.06610,,
106490142,  Fizyoterapi,2,TYT,41,2,,2,,687089,314.74838,,
106450695,  Yaşlı Bakımı,2,TYT,55,2,,2,,1027778,286.06631,,
,DADAY NAFİ VE ÜMİT ÇERİ MESLEK YÜKSEKOKULU,,,,,,,,,,,
106490143,  Aşçılık,2,TYT,45,2,,2,,1183110,274.75599,*,TUADER
106490144,  Atçılık ve Antrenörlüğü,2,TYT,45,2,,2,,1771758,234.37617,,
106450862,  Bankacılık ve Sigortacılık,2,TYT,30,1,,1,,1625569,244.36722,,
106450853,  Sağlık Kurumları İşletmeciliği,2,TYT,28,1,,1,,1401543,259.64234,,
106400150,  Un ve Unlu Mamuller Teknolojisi,2,TYT,25,1,,1,,...,----,,
,DEVREKANİ TÜRKİYE ODALAR VE BORSALAR BİRLİĞİ MESLEK YÜKSEKOKULU,,,,,,,,,,,
106450411,  Büro Yönetimi ve Yönetici Asistanlığı,2,TYT,35,1,,1,,1395796,260.02825,,
106490262,  Dijital Tarım Teknolojileri,2,TYT,35,1,,1,,1968624,220.37293,,
106490185,  Eczane Hizmetleri,2,TYT,30,1,,1,,804363,303.98525,,
106490171,  Laborant ve Veteriner Sağlık,2,TYT,35,1,,1,,1225648,271.78204,,
,İHSANGAZİ MESLEK YÜKSEKOKULU,,,,,,,,,,,
106450677,  Harita ve Kadastro,2,TYT,25,1,,1,,1451744,256.19004,,
106450686,  Laborant ve Veteriner Sağlık,2,TYT,35,1,,1,,1202353,273.39976,,
106490199,  Mahkeme Büro Hizmetleri,2,TYT,35,1,,1,,1132916,278.35819,,
,İNEBOLU MESLEK YÜKSEKOKULU,,,,,,,,,,,
106450605,  Deniz ve Liman İşletmeciliği,2,TYT,35,1,,1,,1207156,273.07242,,
106490172,  Eczane Hizmetleri,2,TYT,30,1,,1,,736485,310.06241,,
106450174,  Muhasebe ve Vergi Uygulamaları,2,TYT,27,1,,1,,1609874,245.43243,,
106450835,  Sağlık Kurumları İşletmeciliği,2,TYT,28,1,,1,,1303000,266.41165,,
,KÜRE MESLEK YÜKSEKOKULU,,,,,,,,,,,
106450738,  İş Makineleri Operatörlüğü,2,TYT,35,1,,1,,1419617,258.40568,,
106450535,  Lojistik,2,TYT,40,1,,1,,1737210,236.74788,,
,MESLEK YÜKSEKOKULU,,,,,,,,,,,
106490158,  Basım ve Yayım Teknolojileri,2,TYT,55,2,,2,,1713454,238.37580,*,MEDEK
106450253,  Bilgisayar Programcılığı,2,TYT,65,2,,2,,874274,298.09777,*,MEDEK
106490269,  Bilişim Güvenliği Teknolojisi,2,TYT,35,1,,1,,1118710,279.38505,,
106490160,  Çocuk Gelişimi,2,TYT,32,1,,1,,921040,294.32835,,
106450023,  Elektrik,2,TYT,65,2,,2,,1167161,275.90924,*,MEDEK
106450226,  Elektronik Teknolojisi,2,TYT,55,2,,2,,1369545,261.82650,*,MEDEK
106450359,  Grafik Tasarımı,2,TYT,65,2,,2,,1273458,268.45572,,
106450217,  İnsan Kaynakları Yönetimi,2,TYT,41,2,,2,,1346861,263.37640,,
106450244,  İnşaat Teknolojisi,2,TYT,45,2,,2,,1454864,255.98231,,
106450192,  İşletme Yönetimi,2,TYT,40,1,,1,,1353381,262.92204,*,MEDEK
106450077,  Makine,2,TYT,65,2,,2,,1316626,265.45813,*,MEDEK
106450129,  Mekatronik,2,TYT,65,2,,2,,1214140,272.57914,*,MEDEK
106450817,  Özel Güvenlik ve Koruma (Azdavay),2,TYT,55,2,,2,2,1526841,251.08317,,
106450208,  Radyo ve Televizyon Teknolojisi,2,TYT,35,1,,1,,1633917,243.79420,,
106450774,  Sosyal Güvenlik (Azdavay),2,TYT,54,2,,2,,1717877,238.07289,,
,TAŞKÖPRÜ MESLEK YÜKSEKOKULU,,,,,,,,,,,
106450386,  Bankacılık ve Sigortacılık,2,TYT,30,1,,1,,1429287,257.74120,,
106450456,  Bilgisayar Programcılığı,2,TYT,55,2,,2,,1329117,264.59693,,
106490276,  Elektrikli Cihaz Teknolojisi,2,TYT,65,2,,2,,1804964,232.07718,,
106450447,  İlk ve Acil Yardım,2,TYT,36,1,,1,,465739,340.11535,*,MEDEK
106490283,  İnsansız Araç Teknikerliği,2,TYT,38,1,,1,320,929417,293.66620,,
106450483,  Tıbbi Dokümantasyon ve Sekreterlik,2,TYT,30,1,,1,,627910,320.76968,,
,TOSYA MESLEK YÜKSEKOKULU,,,,,,,,,,,
106450368,  Biyomedikal Cihaz Teknolojisi,2,TYT,35,1,,1,,1163030,276.21164,,
106450341,  Elektrik,2,TYT,55,2,,2,,1465499,255.27270,*,MEDEK
106450465,  Evde Hasta Bakımı,2,TYT,65,2,,2,,873011,298.20042,,
106450395,  Mobilya ve Dekorasyon,2,TYT,25,1,,1,,1730726,237.19843,,
106450289,  Muhasebe ve Vergi Uygulamaları,2,TYT,27,1,,1,,1531905,250.73511,,
106490290,  Robotik ve Yapay Zeka,2,TYT,45,2,,2,320,1121254,279.20156,,
106450614,  Tıbbi Dokümantasyon ve Sekreterlik,2,TYT,30,1,,1,,650628,318.38824,,
106490297,  Yapay Zeka Operatörlüğü,2,TYT,45,2,,2,320,1088621,281.55707,,
,KAYSERİ ÜNİVERSİTESİ (Devlet Üniversitesi),,,,,,,,,,,YÖKAK
,BİLİŞİM TEKNOLOJİLERİ MESLEK YÜKSEKOKULU,,,,,,,,,,,
112370854,  Dijital Dönüşüm Elektroniği,2,TYT,35,1,,1,320,741724,309.57228,,
112370861,  İnsansız Araç Teknikerliği,2,TYT,35,1,,1,320,542842,330.28851,,
112370868,  Otonom Sistemler Teknikerliği,2,TYT,35,1,,1,320,594171,324.40169,,
112370931,  Yapay Zeka Operatörlüğü,2,TYT,35,1,,1,320,521159,332.90637,,
,BÜNYAN MESLEK YÜKSEKOKULU,,,,,,,,,,,
112370753,  Özel Güvenlik ve Koruma,2,TYT,55,2,,2,2,1152823,276.93080,,
112370757,  Posta Hizmetleri,2,TYT,20,1,,1,,1476857,254.50261,,
112370743,  Sivil Savunma ve İtfaiyecilik,2,TYT,55,2,,,9,743016,309.45678,,
,DEVELİ HÜSEYİN ŞAHİN MESLEK YÜKSEKOKULU,,,,,,,,,,,
112300101,  Akıllı Sera Teknolojileri,2,TYT,20,1,,1,,...,----,,
112370759,  Aşçılık,2,TYT,45,2,,2,,949005,292.10146,*,MEDEK
112370766,  Bahçe Tarımı,2,TYT,20,1,,1,,1635479,243.68832,,
112350897,  Bilgisayar Programcılığı,2,TYT,35,1,,1,,834798,301.38534,*,MEDEK
112350958,  Bilgisayar Teknolojisi,2,TYT,35,1,,1,320,1079891,282.19183,*,MEDEK
112350304,  Çocuk Gelişimi,2,TYT,32,1,,1,,795329,304.77803,,
112370938,  İkram Hizmetleri,2,TYT,25,1,,1,,1549595,249.52944,,
112350322,  Lojistik,2,TYT,45,2,,2,,1303380,266.38705,*,MEDEK
112370945,  Ofis Teknolojileri ve Veri Yönetimi,2,TYT,40,1,,1,,1392182,260.27758,,
112300108,  Tarım Makineleri ve Teknolojileri,2,TYT,30,1,,1,,...,----,,
,İNCESU AYŞE VE SAFFET ARSLAN SAĞLIK HİZMETLERİ MESLEK YÜKSEKOKULU,,,,,,,,,,,
112370805,  Diyaliz,2,TYT,36,1,,1,,568918,327.22857,,
112370875,  Engelli Bakımı ve Rehabilitasyon,2,TYT,35,1,,1,,934622,293.24784,,
112370882,  Fizyoterapi,2,TYT,32,1,,1,,577379,326.27008,,
112370812,  İlk ve Acil Yardım,2,TYT,36,1,,1,,386077,351.87088,*,MEDEK
,MUSTAFA ÇIKRIKÇIOĞLU MESLEK YÜKSEKOKULU,,,,,,,,,,,
112350976,  Alternatif Enerji Kaynakları Teknolojisi,2,TYT,35,1,,1,,1156574,276.65985,,
112370756,  Basım ve Yayım Teknolojileri,2,TYT,35,1,,1,,1426165,257.95615,,
112370755,  Doğalgaz ve Tesisatı Teknolojisi,2,TYT,35,1,,1,,1297527,266.78204,,
112350719,  Geleneksel El Sanatları,2,TYT,35,1,,1,,1489640,253.63193,,
112350701,  Grafik Tasarımı,2,TYT,35,1,,1,,845533,300.48492,,
112350755,  Kimya Teknolojisi,2,TYT,25,1,,1,,971832,290.32801,*,MEDEK
112370758,  Laboratuvar Teknolojisi,2,TYT,35,1,,1,,662165,317.21470,*,MEDEK
112350737,  Tekstil Teknolojisi,2,TYT,40,1,,1,,1365817,262.07160,,
,ORGANİZE SANAYİ BÖLGESİ MESLEK YÜKSEKOKULU,,,,,,,,,,,
112370819,  Endüstri Ürünleri Tasarımı,2,TYT,30,1,,1,,1144175,277.55753,,
112370826,  Kaynak Teknolojisi,2,TYT,30,1,,1,321,1171736,275.57497,,
112370833,  Polimer Teknolojisi,2,TYT,18,1,,1,321,1377291,261.29407,,
,PINARBAŞI MESLEK YÜKSEKOKULU,,,,,,,,,,,
112370747,  Bankacılık ve Sigortacılık,2,TYT,30,1,,1,,1064472,283.33995,*,MEDEK
112351144,  Muhasebe ve Vergi Uygulamaları,2,TYT,27,1,,1,,1207049,273.08051,*,MEDEK
112351153,  Pazarlama,2,TYT,30,1,,1,,1412384,258.90302,*,MEDEK
,SAFİYE ÇIKRIKÇIOĞLU MESLEK YÜKSEKOKULU,,,,,,,,,,,
112300115,  Arıcılık,2,TYT,30,1,,1,,...,----,,
112370917,  Aşçılık,2,TYT,25,1,,1,,680202,315.41634,,
112350764,  Bahçe Tarımı,2,TYT,20,1,,1,,1306892,266.14064,,
112350428,  Gıda Teknolojisi,2,TYT,30,1,,1,,986043,289.24155,,MEDEK
112370760,  Gıda Teknolojisi (KKTC Uyruklu),2,TYT,1,,,,5,,,,
112350949,  Laborant ve Veteriner Sağlık,2,TYT,35,1,,1,,696556,313.82615,,
112350446,  Organik Tarım,2,TYT,35,1,,1,,1447511,256.49059,*,MEDEK
,SOSYAL BİLİMLER MESLEK YÜKSEKOKULU,,,,,,,,,,,
112370840,  Dış Ticaret,2,TYT,35,1,,1,,822539,302.42764,,
112350773,  İşletme Yönetimi,2,TYT,35,1,,1,,866448,298.74925,*,MEDEK
112370889,  Mahkeme Büro Hizmetleri,2,TYT,35,1,,1,,606396,323.07446,,
112370748,  Sağlık Kurumları İşletmeciliği,2,TYT,31,1,,1,,752912,308.56602,*,MEDEK
112370768,  Sivil Hava Ulaştırma İşletmeciliği,2,TYT,35,1,,1,10,547742,329.70992,*,MEDEK
,TEKNİK BİLİMLER MESLEK YÜKSEKOKULU,,,,,,,,,,,
112370769,  Bilgisayar Programcılığı,2,TYT,55,2,,2,,562964,327.92291,*,MEDEK
112370771,  Biyomedikal Cihaz Teknolojisi,2,TYT,35,1,,1,,764014,307.56169,,
112370775,  Elektrik,2,TYT,55,2,,2,,691954,314.25984,*,MEDEK
112370777,  Elektronik Haberleşme Teknolojisi,2,TYT,55,2,,2,,1093308,281.21860,,MEDEK
112370778,  Elektronik Teknolojisi,2,TYT,55,2,,2,,966740,290.71800,*,MEDEK
112370780,  İç Mekan Tasarımı,2,TYT,45,2,,2,,906398,295.49745,,
112370781,  İnşaat Teknolojisi,2,TYT,45,2,,2,,934062,293.29152,*,MEDEK
112370783,  Kontrol ve Otomasyon Teknolojisi,2,TYT,55,2,,2,,937191,293.04382,,
112370784,  Makine,2,TYT,55,2,,2,,805152,303.91788,*,MEDEK
112370786,  Mekatronik,2,TYT,55,2,,2,,736308,310.07837,,MEDEK
112370924,  Mekatronik (KKTC Uyruklu),2,TYT,2,,,,5,,,,
112370788,  Radyo ve Televizyon Teknolojisi,2,TYT,38,1,,1,,1246870,270.30622,,
,TOMARZA MUSTAFA AKINCIOĞLU MESLEK YÜKSEKOKULU,,,,,,,,,,,
112351117,  Harita ve Kadastro,2,TYT,25,1,,1,,1149837,277.14653,,
112351126,  İnşaat Teknolojisi,2,TYT,40,1,,1,,1470962,254.89680,*,MEDEK
112351135,  Mimari Restorasyon,2,TYT,45,2,,2,,1532370,250.70202,*,MEDEK
112351074,  Yapı Denetimi,2,TYT,25,1,,1,,1490779,253.55280,*,MEDEK
,YAHYALI MESLEK YÜKSEKOKULU,,,,,,,,,,,
112370790,  Alternatif Enerji Kaynakları Teknolojisi,2,TYT,45,2,,2,,1595181,246.43033,,
112300122,  Çevre Sağlığı ve Çevresel Risk Yönetimi Teknikerliği,2,TYT,20,1,,1,,...,----,,
112300129,"  Elektrik Enerjisi Üretim, İletim ve Dağıtımı",2,TYT,20,1,,1,,...,----,,
,YEŞİLHİSAR MESLEK YÜKSEKOKULU,,,,,,,,,,,
112370791,  Bitki Koruma,2,TYT,20,1,,1,,1635163,243.70916,,
112370751,  Laborant ve Veteriner Sağlık,2,TYT,35,1,,1,,1002598,287.97076,*,MEDEK
,KIRIKKALE ÜNİVERSİTESİ (Devlet Üniversitesi),,,,,,,,,,,YÖKAK
,DELİCE MESLEK YÜKSEKOKULU,,,,,,,,,,,
106690251,  Bitki Koruma,2,TYT,20,1,,1,,1693799,239.71444,,
106690524,  Dijital Tarım Teknolojileri,2,TYT,45,2,,2,,1852367,228.76781,,
106650603,  Laborant ve Veteriner Sağlık,2,TYT,35,1,,1,,939926,292.82360,,MEDEK
106650754,  Sosyal Hizmetler,2,TYT,35,1,,1,,1169134,275.76336,,
,FATMA ŞENSES SOSYAL BİLİMLER MESLEK YÜKSEKOKULU,,,,,,,,,,,
106650569,  Büro Yönetimi ve Yönetici Asistanlığı,2,TYT,40,1,,1,,1046434,284.68592,,
106690175,  Emlak Yönetimi,2,TYT,38,1,,1,,1635730,243.67234,,
106650445,  İşletme Yönetimi,2,TYT,40,1,,1,,1342076,263.70706,*,MEDEK
106690342,  Mahkeme Büro Hizmetleri,2,TYT,35,1,,1,,794672,304.83926,,
106650409,  Muhasebe ve Vergi Uygulamaları,2,TYT,27,1,,1,,1162788,276.22770,,
106650181,  Turizm ve Otel İşletmeciliği,2,TYT,35,1,,1,,1353719,262.90007,,
,HACILAR HÜSEYİN AYTEMİZ MESLEK YÜKSEKOKULU,,,,,,,,,,,
106650736,  Biyomedikal Cihaz Teknolojisi,2,TYT,35,1,,1,,946124,292.32966,,
,KESKİN MESLEK YÜKSEKOKULU,,,,,,,,,,,
106650224,  Çocuk Gelişimi,2,TYT,32,1,,1,,881198,297.53336,,
106650393,  Halkla İlişkiler ve Tanıtım,2,TYT,53,2,,2,,1565620,248.44150,,MEDEK
106650763,  İnsan Kaynakları Yönetimi,2,TYT,41,2,,2,,1498501,253.03288,,
106650418,  Muhasebe ve Vergi Uygulamaları,2,TYT,27,1,,1,,1399502,259.78169,,
106650269,  Pazarlama,2,TYT,25,1,,1,,1564161,248.54180,,
,KIRIKKALE MESLEK YÜKSEKOKULU,,,,,,,,,,,
106690258,  Atçılık ve Antrenörlüğü,2,TYT,35,1,,1,,1571699,248.02282,,
106650215,  Bilgisayar Programcılığı,2,TYT,35,1,,1,,617675,321.86492,,
106690349,  Bilişim Güvenliği Teknolojisi,2,TYT,35,1,,1,,702534,313.26608,,
106690531,"  Elektrik Enerjisi Üretim, İletim ve Dağıtımı",2,TYT,65,2,,2,,1006709,287.65976,,
106650463,  Elektronik Haberleşme Teknolojisi,2,TYT,35,1,,1,,1048771,284.50997,,
106650472,  Elektronik Teknolojisi,2,TYT,35,1,,1,,768408,307.16338,,
106650084,  Grafik Tasarımı,2,TYT,70,2,,2,,994526,288.58503,,
106690222,  İç Mekan Tasarımı,2,TYT,27,1,,1,,986695,289.19002,,
106650454,  İklimlendirme ve Soğutma Teknolojisi,2,TYT,50,2,,2,,1307610,266.09168,,
106690265,  İnsansız Hava Aracı Teknolojisi ve Operatörlüğü,2,TYT,35,1,,1,,526809,332.21236,,
106650533,  İnşaat Teknolojisi,2,TYT,45,2,,2,,1066454,283.18611,,MEDEK
106650745,  İnşaat Teknolojisi (KKTC Uyruklu),2,TYT,2,,,,5,,,,
106650481,  Kontrol ve Otomasyon Teknolojisi,2,TYT,35,1,,1,,1000222,288.14764,,
106650136,  Mantarcılık,2,TYT,30,1,,1,,1704365,238.99533,,
106650348,  Organik Tarım,2,TYT,45,2,,2,,1677028,240.85435,,
106690223,  Otomotiv Teknolojisi,2,TYT,35,1,,1,,759543,307.96371,,
106690272,  Polimer Teknolojisi,2,TYT,25,1,,1,,1286389,267.55747,,
106650427,  Rafineri ve Petro-Kimya Teknolojisi,2,TYT,25,1,,1,,717492,311.83537,,
106690279,  Silah Sanayi Teknikerliği,2,TYT,35,1,,1,,589185,324.94828,,
106690538,  Talaşlı Üretim Teknikerliği,2,TYT,35,1,,1,,1174981,275.34265,,
,SAĞLIK HİZMETLERİ MESLEK YÜKSEKOKULU,,,,,,,,,,,
106650657,  Ağız ve Diş Sağlığı,2,TYT,45,2,,2,,447572,342.62104,,
106650648,  Anestezi,2,TYT,41,2,,2,,367022,354.99938,,
106690335,  Anestezi (KKTC Uyruklu),2,TYT,1,,,,5,,,,
106650621,  Diş Protez Teknolojisi,2,TYT,45,2,,2,,472170,339.24951,,
106690286,  Evde Hasta Bakımı,2,TYT,45,2,,2,,752872,308.56989,,
106650612,  İlk ve Acil Yardım,2,TYT,32,1,,1,,370792,354.36338,,
106690230,  Tıbbi Görüntüleme Teknikleri,2,TYT,34,1,,1,,378501,353.09283,,
106650515,  Tıbbi Laboratuvar Teknikleri,2,TYT,43,2,,2,,476135,338.72570,*,MEDEK
106690545,  Tıbbi Veri İşleme Teknikerliği,2,TYT,35,1,,1,,529064,331.93914,,
,SİLAH İHTİSAS ORGANİZE SANAYİ BÖLGESİ MESLEK YÜKSEKOKULU,,,,,,,,,,,
106600262,  Patlayıcı ve Enerjetik Malzemeler Teknikerliği,2,TYT,30,1,,1,320,...,----,,
,KIRKLARELİ ÜNİVERSİTESİ (Devlet Üniversitesi),,,,,,,,,,,YÖKAK
,BABAESKİ MESLEK YÜKSEKOKULU,,,,,,,,,,,
106750065,  Bankacılık ve Sigortacılık,2,TYT,30,1,,1,,1433291,257.46912,,
106750559,  Büro Yönetimi ve Yönetici Asistanlığı,2,TYT,30,1,,1,,1423577,258.13736,,
106750753,  Çağrı Merkezi Hizmetleri,2,TYT,30,1,,1,,1550156,249.49047,,
106750453,  Dış Ticaret,2,TYT,30,1,,1,,1573295,247.91502,,
,LÜLEBURGAZ MESLEK YÜKSEKOKULU,,,,,,,,,,,
106750356,  Bilgisayar Programcılığı,2,TYT,55,2,,2,,909285,295.26556,,
106770731,  Bilgisayar Programcılığı (Uzaktan Öğretim),2,TYT,150,4,,4,"7, 8",1491860,253.48436,,
106750541,  Büro Yönetimi ve Yönetici Asistanlığı,2,TYT,35,1,,1,,1341468,263.75080,,
106750117,  Elektrik,2,TYT,50,2,,2,,1260733,269.33667,,
106750241,  Grafik Tasarımı,2,TYT,40,1,,1,,1326870,264.74337,,
106750629,  İnsan Kaynakları Yönetimi,2,TYT,27,1,,1,,1278009,268.14461,,
106750302,  Kimya Teknolojisi,2,TYT,25,1,,1,,952714,291.81029,,
106750286,  Muhasebe ve Vergi Uygulamaları,2,TYT,27,1,,1,,1430110,257.68429,,
106750611,  Otomotiv Teknolojisi,2,TYT,35,1,,1,,1260396,269.35868,,
106750153,  Pazarlama,2,TYT,30,1,,1,,1577069,247.66160,,
106750692,  Sosyal Güvenlik,2,TYT,54,2,,2,,1602253,245.94928,,
106750268,  Tekstil Teknolojisi,2,TYT,20,1,,1,,1703240,239.07463,,
,ORGANİZE SANAYİ BÖLGESİ MESLEK YÜKSEKOKULU,,,,,,,,,,,
106700101,  Cnc Programlama ve Operatörlüğü,2,TYT,30,1,,1,,...,----,,
106700108,"  Elektrik Enerjisi Üretim, İletim ve Dağıtımı",2,TYT,30,1,,1,,...,----,,
106700115,  Hidrolik ve Pnömatik Teknikerliği,2,TYT,30,1,,1,,...,----,,
106700122,  Kaynak Teknolojisi,2,TYT,30,1,,1,,...,----,,
106700129,  Kimya Teknolojisi,2,TYT,30,1,,1,,...,----,,
106700136,  Metalurji,2,TYT,30,1,,1,,...,----,,
,PINARHİSAR MESLEK YÜKSEKOKULU,,,,,,,,,,,
106750805,  Aşçılık,2,TYT,55,2,,2,,1146015,277.42106,,
106750365,  Bilgisayar Programcılığı,2,TYT,70,2,,2,,1061439,283.55880,,
106750674,  Halkla İlişkiler ve Tanıtım,2,TYT,29,1,,1,,1609368,245.46567,,
106750789,  Kontrol ve Otomasyon Teknolojisi,2,TYT,35,1,,1,,1356975,262.67810,,
106750798,  Medya ve İletişim,2,TYT,30,1,,1,,1590753,246.73803,,
106750198,  Turizm ve Otel İşletmeciliği,2,TYT,30,1,,1,,1441571,256.89315,,
106750683,  Yapı Denetimi,2,TYT,20,1,,1,,1616558,244.97333,,
,SAĞLIK HİZMETLERİ MESLEK YÜKSEKOKULU,,,,,,,,,,,
106750514,  Çocuk Gelişimi,2,TYT,32,1,,1,,928139,293.76936,,
106750726,  Optisyenlik,2,TYT,45,2,,2,,759742,307.94635,,
106750505,  Sağlık Kurumları İşletmeciliği,2,TYT,28,1,,1,,1102869,280.53885,,
106750489,  Tıbbi Dokümantasyon ve Sekreterlik,2,TYT,30,1,,1,,590320,324.82160,,
106750462,  Tıbbi Laboratuvar Teknikleri,2,TYT,43,2,,2,,563496,327.86116,,
106750498,  Tıbbi Tanıtım ve Pazarlama,2,TYT,54,2,,2,,1443563,256.75618,,
106750471,  Yaşlı Bakımı,2,TYT,35,1,,1,,1002493,287.97895,,
,SOSYAL BİLİMLER MESLEK YÜKSEKOKULU,,,,,,,,,,,
106770732,  Basım ve Yayım Teknolojileri,2,TYT,45,2,,2,,1645532,243.00643,,
106750417,  Dış Ticaret,2,TYT,45,2,,2,,1373171,261.57628,,
106750311,  İşletme Yönetimi,2,TYT,40,1,,1,,1409825,259.07572,,
106750771,  Lojistik,2,TYT,55,2,,2,,1327962,264.67051,,
106750277,  Muhasebe ve Vergi Uygulamaları,2,TYT,27,1,,1,,1234478,271.16715,,
106750568,  Sivil Havacılık Kabin Hizmetleri,2,TYT,65,2,,2,10,659587,317.47541,,
106770787,  Sivil Havacılık Kabin Hizmetleri (KKTC Uyruklu),2,TYT,2,,,,"5, 10",,,,
,TEKNİK BİLİMLER MESLEK YÜKSEKOKULU,,,,,,,,,,,
106750408,  Bilgisayar Programcılığı,2,TYT,55,2,,2,,790838,305.17335,,
106750595,  Elektrik,2,TYT,55,2,,2,,1193771,274.00302,,
106750383,  Elektronik Teknolojisi,2,TYT,55,2,,2,,1348522,263.25990,,
106750038,  Gıda Teknolojisi,2,TYT,25,1,,1,,1280704,267.95480,,
106750577,  İç Mekan Tasarımı,2,TYT,36,1,,1,,1286087,267.57762,,
106750347,  İnşaat Teknolojisi,2,TYT,45,2,,2,,1245184,270.42694,,
106750602,  Makine,2,TYT,55,2,,2,,1193046,274.05141,,
106750532,  Mekatronik,2,TYT,55,2,,2,,1068466,283.03895,,
106770723,  Moda Tasarımı,2,TYT,45,2,,2,,1515650,251.85466,,
,VİZE MESLEK YÜKSEKOKULU,,,,,,,,,,,
106750374,  Bankacılık ve Sigortacılık,2,TYT,30,1,,1,,1486354,253.85558,,
106700143,  Karbon Yönetimi Teknikerliği,2,TYT,30,1,,1,,...,----,,
106750735,  Lojistik,2,TYT,45,2,,2,,1580032,247.46047,,
106750295,  Muhasebe ve Vergi Uygulamaları,2,TYT,27,1,,1,,1599056,246.16441,,
106750814,  Sosyal Hizmetler,2,TYT,45,2,,2,,1335408,264.16350,,
106700150,  Yeşil ve Ekolojik Bina Teknikerliği,2,TYT,30,1,,1,,...,----,,
,KIRŞEHİR AHİ EVRAN ÜNİVERSİTESİ (Devlet Üniversitesi),,,,,,,,,,,YÖKAK
,ÇİÇEKDAĞI MESLEK YÜKSEKOKULU,,,,,,,,,,,
100650515,  Büro Yönetimi ve Yönetici Asistanlığı,2,TYT,35,1,,1,,1430387,257.66645,,
100690066,  Çocuk Gelişimi,2,TYT,32,1,,1,,1023465,286.39724,,
100650657,  Laborant ve Veteriner Sağlık,2,TYT,35,1,,1,,1205652,273.17250,,MEDEK
100650718,  Sağlık Bilgi Sistemleri Teknikerliği,2,TYT,45,2,,2,,1146264,277.40185,,MEDEK
,KAMAN MESLEK YÜKSEKOKULU,,,,,,,,,,,
100690157,  Akıllı Altyapılar Teknikerliği,2,TYT,35,1,,1,,1800181,232.40926,,
100650506,  Büro Yönetimi ve Yönetici Asistanlığı,2,TYT,35,1,,1,,1446891,256.53415,,
100650393,  Elektrik,2,TYT,35,1,,1,,1309071,265.99339,,
100650303,  Elektronik Haberleşme Teknolojisi,2,TYT,30,1,,1,,1525500,251.17212,,MEDEK
100650093,  Gıda Teknolojisi,2,TYT,30,1,,1,,1563969,248.55437,,MEDEK
100650145,  Harita ve Kadastro,2,TYT,30,1,,1,,1379376,261.15599,,
100650357,  İnşaat Teknolojisi,2,TYT,40,1,,1,,1707442,238.78761,,
100650463,  Makine,2,TYT,35,1,,1,,1296015,266.88982,,
100650242,  Sondaj Teknolojisi,2,TYT,35,1,,1,,1692468,239.80830,,
,MUCUR MESLEK YÜKSEKOKULU,,,,,,,,,,,
100650666,  Bankacılık ve Sigortacılık,2,TYT,30,1,,1,,1447386,256.49875,,MEDEK
100650612,  Bilgisayar Destekli Tasarım ve Animasyon,2,TYT,55,2,,2,,1589601,246.81663,,
100650621,  Fotoğrafçılık ve Kameramanlık,2,TYT,60,2,,2,,1740904,236.49925,,
100690136,  Fotoğrafçılık ve Kameramanlık (KKTC Uyruklu),2,TYT,1,,,,5,,,,
100690129,  Görsel İletişim,2,TYT,35,1,,1,,1751126,235.80285,,
100650224,  Grafik Tasarımı,2,TYT,50,2,,2,,1465715,255.25638,,
100650684,  Lojistik,2,TYT,35,1,,1,,1651331,242.61012,,
100600178,  Oyun Geliştirme ve Programlama,2,TYT,30,1,,1,320,...,----,,
100690093,  Web Tasarımı ve Kodlama,2,TYT,60,2,,2,,1366154,262.04972,,MEDEK
100690112,  Web Tasarımı ve Kodlama (KKTC Uyruklu),2,TYT,1,,,,5,,,,
,SAĞLIK HİZMETLERİ MESLEK YÜKSEKOKULU,,,,,,,,,,,
100690078,  Elektronörofizyoloji,2,TYT,35,1,,1,,600060,323.75432,,
100690075,  Fizyoterapi,2,TYT,41,2,,2,,599934,323.76765,,
100650524,  İlk ve Acil Yardım,2,TYT,32,1,,1,,387453,351.64160,,
100690074,  Optisyenlik,2,TYT,45,2,,2,,732906,310.39318,,
100690076,  Ortopedik Protez ve Ortez,2,TYT,60,2,,2,,680647,315.37336,,
100650533,  Tıbbi Dokümantasyon ve Sekreterlik,2,TYT,30,1,,1,,506300,334.76536,,
100690090,  Tıbbi Görüntüleme Teknikleri,2,TYT,34,1,,1,,411713,347.87612,,
100690073,  Tıbbi Laboratuvar Teknikleri,2,TYT,30,1,,1,,470969,339.41167,,
100650587,  Yaşlı Bakımı,2,TYT,70,2,,2,,927667,293.80514,,
,SOSYAL BİLİMLER MESLEK YÜKSEKOKULU,,,,,,,,,,,
100650569,  Bankacılık ve Sigortacılık,2,TYT,30,1,,1,,1200498,273.53455,,
100650499,  Büro Yönetimi ve Yönetici Asistanlığı,2,TYT,40,1,,1,,1072844,282.71227,,
100650727,  Çağrı Merkezi Hizmetleri,2,TYT,85,3,,3,,1360413,262.44474,,
100650578,  Dış Ticaret,2,TYT,45,2,,2,,1523611,251.30268,,
100650454,  Halkla İlişkiler ve Tanıtım,2,TYT,69,2,,2,,1594590,246.47394,,
100650296,  İşletme Yönetimi,2,TYT,40,1,,1,,1465756,255.25326,,
100650251,  Muhasebe ve Vergi Uygulamaları,2,TYT,27,1,,1,,1267191,268.88465,,
100650172,  Turizm ve Otel İşletmeciliği,2,TYT,35,1,,1,,1403697,259.49548,,TUADER
100690113,  Turizm ve Otel İşletmeciliği (KKTC Uyruklu),2,TYT,1,,,,5,,,,
,TEKNİK BİLİMLER MESLEK YÜKSEKOKULU,,,,,,,,,,,
100690164,  Akıllı Sera Teknolojileri,2,TYT,35,1,,1,,1711794,238.48738,,
100650436,  Bilgisayar Programcılığı,2,TYT,45,2,,2,,924810,294.03410,,MEDEK
100650551,  Bilgisayar Teknolojisi,2,TYT,35,1,,1,320,1228366,271.59530,,
100690118,  Bitki Koruma,2,TYT,20,1,,1,,1452941,256.11343,,
100690119,  Biyomedikal Cihaz Teknolojisi,2,TYT,35,1,,1,,1018633,286.76346,,
100690171,  Büyük Veri Analistliği,2,TYT,35,1,,1,320,1174440,275.38049,,
100650012,  Elektrik,2,TYT,50,2,,2,,1045712,284.73833,,
100650348,  İnşaat Teknolojisi,2,TYT,40,1,,1,,1458691,255.72702,,
100600185,  Kimya Teknolojisi,2,TYT,25,1,,1,,1414857,258.73380,,
100650472,  Mekatronik,2,TYT,45,2,,2,,1176918,275.20871,,
100650481,  Organik Tarım,2,TYT,35,1,,1,,1712345,238.44843,,
100600192,  Süt ve Besi Hayvancılığı,2,TYT,25,1,,1,,1747021,236.08487,,
100690178,  Yenilenebilir Enerji Teknikerliği,2,TYT,35,1,,1,,1130710,278.52036,,
,KİLİS 7 ARALIK ÜNİVERSİTESİ (Devlet Üniversitesi),,,,,,,,,,,
,SAĞLIK HİZMETLERİ MESLEK YÜKSEKOKULU,,,,,,,,,,,
106850258,  Çocuk Gelişimi,2,TYT,32,1,,1,,891802,296.66911,,
106870280,  Eczane Hizmetleri,2,TYT,30,1,,1,,707249,312.82017,,
106850276,  Fizyoterapi,2,TYT,50,2,,2,,649274,318.52594,,
106850152,  İlk ve Acil Yardım,2,TYT,32,1,,1,,402254,349.30987,,
106850249,  Optisyenlik,2,TYT,55,2,,2,,824753,302.24478,,
106850161,  Tıbbi Dokümantasyon ve Sekreterlik,2,TYT,30,1,,1,,553270,329.06031,,
106850213,  Yaşlı Bakımı,2,TYT,85,3,,3,,936538,293.09483,,
,SOSYAL BİLİMLER MESLEK YÜKSEKOKULU,,,,,,,,,,,
106850082,  Dış Ticaret,2,TYT,45,2,,2,,1507892,252.39051,,
106850107,  İşletme Yönetimi,2,TYT,40,1,,1,,1507611,252.41052,,
106870460,  Mahkeme Büro Hizmetleri,2,TYT,35,1,,1,,873086,298.19558,,
106850091,  Muhasebe ve Vergi Uygulamaları,2,TYT,27,1,,1,,1227871,271.62866,,
,TEKNİK BİLİMLER MESLEK YÜKSEKOKULU,,,,,,,,,,,
106850143,  Bahçe Tarımı,2,TYT,18,1,,1,,1651861,242.57483,,
106850179,  Bilgisayar Programcılığı,2,TYT,80,2,,2,,1175403,275.31248,,
106850019,  Elektrik,2,TYT,55,2,,2,,1260462,269.35422,,
106870263,  Geleneksel El Sanatları,2,TYT,45,2,,2,,1717910,238.07107,,
106850285,  Gıda Teknolojisi,2,TYT,25,1,,1,,1524725,251.22321,,
106850125,  İnşaat Teknolojisi,2,TYT,40,1,,1,,1518462,251.65907,,
106850055,  Makine,2,TYT,35,1,,1,,1451751,256.18977,,
106870266,  Özel Güvenlik ve Koruma,2,TYT,55,2,,2,2,1338749,263.93746,,
106870281,  Tapu ve Kadastro,2,TYT,30,1,,1,,1042963,284.94158,,
106850222,  Tıbbi ve Aromatik Bitkiler,2,TYT,25,1,,1,,1676200,240.90858,,
106850204,  Yapı Denetimi,2,TYT,20,1,,1,,1545227,249.82455,,
,TURİZM VE OTELCİLİK MESLEK YÜKSEKOKULU,,,,,,,,,,,
106850267,  Aşçılık,2,TYT,65,2,,2,,1234698,271.15198,,
106850197,  Turizm ve Otel İşletmeciliği,2,TYT,30,1,,1,,1510634,252.19898,,
,KOCAELİ ÜNİVERSİTESİ (Devlet Üniversitesi),,,,,,,,,,,YÖKAK
,ALİ RIZA VEZİROĞLU MESLEK YÜKSEKOKULU,,,,,,,,,,,
106990627,  Emlak Yönetimi,2,TYT,38,1,,,,1251261,269.99876,,
106951458,  İşletme Yönetimi,2,TYT,40,1,,,,852017,299.95230,*,MEDEK
106951652,  İşletme Yönetimi (Uzaktan Öğretim),2,TYT,40,1,,,7,1094380,281.14181,,
106951334,  Muhasebe ve Vergi Uygulamaları,2,TYT,27,1,,,,851546,299.98921,,
106951925,  Muhasebe ve Vergi Uygulamaları (Uzaktan Öğretim),2,TYT,90,3,,,7,1212207,272.71511,,
106951291,  Pazarlama,2,TYT,35,1,,,,984242,289.37919,,
,DEĞİRMENDERE ALİ ÖZBAY MESLEK YÜKSEKOKULU,,,,,,,,,,,
106951201,  Kuyumculuk ve Takı Tasarımı,2,TYT,45,2,,,,1280530,267.96723,,
106990615,  Seramik ve Cam Tasarımı,2,TYT,35,1,,,,1227670,271.64386,,
,FORD OTOSAN İHSANİYE OTOMOTİV MESLEK YÜKSEKOKULU,,,,,,,,,,,
106952023,  Endüstriyel Kalıpçılık,2,TYT,40,1,,,,940655,292.76718,,
106990785,  İmalat Yürütme Sistemleri Operatörlüğü,2,TYT,35,1,,,320,896869,296.26018,,
106990613,  Makine Resim ve Konstrüksiyonu,2,TYT,50,2,,,,831349,301.68295,,
106990629,  Otomotiv Gövde ve Yüzey İşlem Teknolojileri,2,TYT,40,1,,,,800230,304.35134,,
106952041,  Otomotiv Teknolojisi,2,TYT,55,2,,,,442127,343.38301,*,MEDEK
106990792,  Robotik ve Yapay Zeka,2,TYT,35,1,,,320,301921,366.83122,,
,GAZANFER BİLGE MESLEK YÜKSEKOKULU,,,,,,,,,,,
106951679,  Büro Yönetimi ve Yönetici Asistanlığı,2,TYT,45,2,,,,988382,289.05728,,
106951273,  Halkla İlişkiler ve Tanıtım,2,TYT,69,2,,,,1205563,273.17900,,
106951467,  İşletme Yönetimi,2,TYT,40,1,,,,1063464,283.41169,,
106951343,  Muhasebe ve Vergi Uygulamaları,2,TYT,27,1,,,,1093409,281.21073,,
,GÖLCÜK MESLEK YÜKSEKOKULU,,,,,,,,,,,
106950618,  Dış Ticaret,2,TYT,45,2,,,,927229,293.84042,,
106950627,  Makine,2,TYT,75,2,,,,847334,300.33351,,
106951413,  Otomotiv Teknolojisi,2,TYT,75,2,,,,743870,309.38283,,
,HEREKE ASIM KOCABIYIK MESLEK YÜKSEKOKULU,,,,,,,,,,,
106950706,  Boya Teknolojisi,2,TYT,35,1,,,,1234562,271.16169,,
106990876,  Çevresel Ölçüm ve İzleme Sistemleri Teknikerliği,2,TYT,65,2,,,,1446738,256.54529,,
106990883,  Çevresel Ölçüm ve İzleme Sistemleri Teknikerliği (KKTC Uyruklu),2,TYT,1,,,,5,,,,
106951555,  Elektronik Teknolojisi,2,TYT,55,2,,,,764165,307.54785,,
106951616,  İnşaat Teknolojisi,2,TYT,45,2,,,,787209,305.48783,,
106950769,  Kozmetik Teknolojisi,2,TYT,30,1,,,,1122776,279.09247,,
106950566,  Makine,2,TYT,45,2,,,,674748,315.96460,,
106950575,  Mekatronik,2,TYT,65,2,,,,554954,328.85891,,
106951625,  Metalurji,2,TYT,23,1,,,,1097773,280.89698,,
106951255,  Tekstil Teknolojisi,2,TYT,30,1,,,,1299502,266.64876,,
,HEREKE ÖMER İSMET UZUNYOL MESLEK YÜKSEKOKULU,,,,,,,,,,,
106951688,  Büro Yönetimi ve Yönetici Asistanlığı,2,TYT,40,1,,,,888760,296.92141,,
106950724,  Dış Ticaret,2,TYT,45,2,,,,891554,296.69000,,
106950733,  Fotoğrafçılık ve Kameramanlık,2,TYT,45,2,,,,1058677,283.76336,,
106951519,  İnsan Kaynakları Yönetimi,2,TYT,36,1,,,,871826,298.29753,,
106951449,  İşletme Yönetimi,2,TYT,40,1,,,,959428,291.28912,,
106950778,  Lojistik,2,TYT,85,3,,,,830928,301.71980,,
106951361,  Muhasebe ve Vergi Uygulamaları,2,TYT,27,1,,,,901570,295.88234,*,MEDEK
106951961,  Özel Güvenlik ve Koruma,2,TYT,85,3,,,2,1230414,271.44879,,
,İZMİT MESLEK YÜKSEKOKULU,,,,,,,,,,,
106951176,  Çevre Koruma ve Kontrol,2,TYT,55,2,,,,1196531,273.80951,,
106950812,  Gıda Teknolojisi,2,TYT,30,1,,,,830432,301.76159,*,MEDEK
106951194,  Sivil Savunma ve İtfaiyecilik,2,TYT,70,2,,,9,595821,324.22132,,
106950821,  Tıbbi ve Aromatik Bitkiler,2,TYT,55,2,,,,1214653,272.54350,*,MEDEK
,KANDIRA MESLEK YÜKSEKOKULU,,,,,,,,,,,
106951316,  Bankacılık ve Sigortacılık,2,TYT,30,1,,,,880282,297.60820,,
106951264,  Halkla İlişkiler ve Tanıtım,2,TYT,69,2,,,,1376016,261.38188,,
106951476,  İşletme Yönetimi,2,TYT,40,1,,,,1242525,270.60831,,
,KARAMÜRSEL DENİZCİLİK MESLEK YÜKSEKOKULU,,,,,,,,,,,
106990806,  Deniz Ulaştırma ve İşletme,2,TYT,32,1,,,11,461903,340.64280,,
106990813,  Deniz Ulaştırma ve İşletme (KKTC Uyruklu),2,TYT,1,,,,"5, 11",,,,
106990820,  Deniz ve Liman İşletmeciliği,2,TYT,35,1,,,,674872,315.95032,,
106990827,  Deniz ve Liman İşletmeciliği (KKTC Uyruklu),2,TYT,1,,,,5,1789619,233.14866,,
106990834,  Elektronik Teknolojisi,2,TYT,40,1,,,,904562,295.64427,,
106990841,  Gemi İnşaatı,2,TYT,55,2,,,,742839,309.47338,,
106990848,  Gemi Makineleri İşletmeciliği,2,TYT,23,1,,,11,457304,341.28293,,
106990855,  Mekatronik,2,TYT,40,1,,,,674345,316.00137,,
,KARTEPE ATÇILIK MESLEK YÜKSEKOKULU,,,,,,,,,,,
106990560,  Atçılık ve Antrenörlüğü,2,TYT,35,1,,,,1053038,284.19397,*,MEDEK
,KARTEPE TURİZM MESLEK YÜKSEKOKULU,,,,,,,,,,,
106950399,  Turist Rehberliği,2,TYT,65,2,,,,800071,304.36360,,
106950406,  Turizm ve Otel İşletmeciliği,2,TYT,35,1,,,,934715,293.24134,,
106951582,  Turizm ve Seyahat Hizmetleri,2,TYT,30,1,,,,1042081,285.00571,,
,KOCAELİ MESLEK YÜKSEKOKULU,,,,,,,,,,,
106950178,  Bilgisayar Programcılığı,2,TYT,75,2,,,,366208,355.14137,*,MEDEK
106952005,  Bilgisayar Programcılığı (Uzaktan Öğretim),2,TYT,140,4,,,"7, 8",739933,309.74274,,
106951079,  Biyomedikal Cihaz Teknolojisi,2,TYT,35,1,,,,674446,315.99206,,
106950036,  Elektrik,2,TYT,75,2,,,,538147,330.84141,,
106951528,  Elektronik Haberleşme Teknolojisi,2,TYT,55,2,,,,840028,300.94222,,
106951537,  Elektronik Teknolojisi,2,TYT,60,2,,,,638991,319.61079,,
106951494,  İklimlendirme ve Soğutma Teknolojisi,2,TYT,55,2,,,,1110986,279.94311,,
106900416,  İlaç Üretim Teknolojisi,2,TYT,30,1,,,320,...,----,,
106951607,  İnşaat Teknolojisi,2,TYT,45,2,,,,655304,317.91609,*,MEDEK
106990904,  Kimya Teknolojisi,2,TYT,55,2,,,,681961,315.24519,*,MEDEK
106951546,  Kontrol ve Otomasyon Teknolojisi,2,TYT,55,2,,,,559887,328.27791,,
106990484,  Kontrol ve Otomasyon Teknolojisi (KKTC Uyruklu),2,TYT,2,,,,5,,,,
106950115,  Makine,2,TYT,70,2,,,,516137,333.52803,*,MEDEK
106990617,  Polimer Teknolojisi,2,TYT,30,1,,,,1105731,280.31858,,
106951404,  Rafineri ve Petro-Kimya Teknolojisi,2,TYT,25,1,,,,813523,303.20190,,
,KOCAELİ SAĞLIK HİZMETLERİ MESLEK YÜKSEKOKULU,,,,,,,,,,,
106951722,  Anestezi,2,TYT,50,2,,,,329008,361.67785,,
106951713,  İlk ve Acil Yardım,2,TYT,41,2,,,,329604,361.57687,,
106951158,  İş ve Uğraşı Terapisi,2,TYT,65,2,,,,692600,314.19810,,
106951988,  Podoloji,2,TYT,55,2,,,,668040,316.62833,,
106990485,  Podoloji (KKTC Uyruklu),2,TYT,1,,,,5,,,,
106950187,  Tıbbi Dokümantasyon ve Sekreterlik,2,TYT,30,1,,,,417711,346.97881,,
106951704,  Tıbbi Görüntüleme Teknikleri,2,TYT,39,1,,,,334488,360.68427,,
106951591,  Tıbbi Laboratuvar Teknikleri,2,TYT,43,2,,,,419618,346.69651,,
,UZUNÇİFTLİK NUH ÇİMENTO MESLEK YÜKSEKOKULU,,,,,,,,,,,
106990562,  Alternatif Enerji Kaynakları Teknolojisi,2,TYT,35,1,,,,910863,295.13795,,
106951916,  Kaynak Teknolojisi,2,TYT,45,2,,,,1174458,275.37928,,
106951167,  Makine,2,TYT,45,2,,,,770699,306.95690,*,MEDEK
106990612,  Makine Resim ve Konstrüksiyonu,2,TYT,45,2,,,,971661,290.34183,*,MEDEK
,KONYA TEKNİK ÜNİVERSİTESİ (Devlet Üniversitesi),,,,,,,,,,,
,TEKNİK BİLİMLER MESLEK YÜKSEKOKULU,,,,,,,,,,,
111352089,  Ayakkabı Tasarım ve Üretimi,2,TYT,30,1,,1,154,1495934,253.20615,,
111372220,  Basım ve Yayım Teknolojileri,2,TYT,35,1,,1,,1245411,270.41147,,
111350612,  Bilgisayar Programcılığı,2,TYT,70,2,,2,,483091,337.79795,,
111350427,  Elektrik,2,TYT,70,2,,2,,692064,314.24988,,
111352405,  Elektronik Haberleşme Teknolojisi,2,TYT,55,2,,2,,1067385,283.12099,,
111352414,  Elektronik Teknolojisi,2,TYT,55,2,,2,,860511,299.23044,,
111350463,  Gıda Teknolojisi,2,TYT,30,1,,1,,897896,296.17458,,
111353306,  Giyim Üretim Teknolojisi,2,TYT,30,1,,1,,1290433,267.27355,,
111372244,  Giyim Üretim Teknolojisi (KKTC Uyruklu),2,TYT,1,,,,5,,,,
111350472,  Harita ve Kadastro,2,TYT,30,1,,1,,856490,299.57149,,
111352362,  İklimlendirme ve Soğutma Teknolojisi,2,TYT,45,2,,2,,1204631,273.24444,,
111352583,  İnşaat Teknolojisi,2,TYT,45,2,,2,,867764,298.63632,,MEDEK
111352238,  Kimya Teknolojisi,2,TYT,25,1,,1,,877026,297.86862,,
111352423,  Kontrol ve Otomasyon Teknolojisi,2,TYT,45,2,,2,,601325,323.62128,,
111372237,  Kuyumculuk ve Takı Tasarımı,2,TYT,30,1,,1,,1259685,269.40558,,
111350515,  Makine,2,TYT,85,3,,3,,719373,311.65705,,
111372219,  Makine Resim ve Konstrüksiyonu,2,TYT,45,2,,2,,914209,294.86125,,
111350533,  Mobilya ve Dekorasyon,2,TYT,35,1,,1,,1385917,260.70697,,
111372216,  Nükleer Teknoloji ve Radyasyon Güvenliği,2,TYT,40,1,,1,,1027154,286.11231,,
111352574,  Tarım Makineleri,2,TYT,30,1,,1,,1309073,265.99330,,
111352829,  Yapı Yalıtım Teknolojisi,2,TYT,35,1,,1,,1492132,253.46592,,MEDEK
,KÜTAHYA DUMLUPINAR ÜNİVERSİTESİ (Devlet Üniversitesi),,,,,,,,,,,YÖKAK
,ALTINTAŞ MESLEK YÜKSEKOKULU,,,,,,,,,,,
103251702,  Gıda Kalite Kontrolü ve Analizi,2,TYT,20,1,,1,,1561391,248.73242,,
103250458,  Gıda Teknolojisi,2,TYT,25,1,,1,,1444162,256.71780,,
103252057,  Laboratuvar Teknolojisi,2,TYT,35,1,,1,,948307,292.15489,,
103290183,  Posta Hizmetleri,2,TYT,30,1,,1,,1741120,236.48325,,
,ÇAVDARHİSAR MESLEK YÜKSEKOKULU,,,,,,,,,,,
103290202,  Turist Rehberliği,2,TYT,35,1,,1,,1428707,257.78243,,
,DOMANİÇ HAYME ANA MESLEK YÜKSEKOKULU,,,,,,,,,,,
103252093,  Bankacılık ve Sigortacılık,2,TYT,30,1,,1,,1539673,250.20073,,
103251747,  Lojistik,2,TYT,45,2,,2,,1699394,239.34111,,
103290193,  Sosyal Güvenlik,2,TYT,50,2,,2,,1649908,242.70611,,
,DUMLUPINAR MESLEK YÜKSEKOKULU,,,,,,,,,,,
103290215,  Alternatif Enerji Kaynakları Teknolojisi,2,TYT,45,2,,2,,1492429,253.44688,,
103290233,  Çocuk Gelişimi,2,TYT,27,1,,1,,846889,300.37080,,
,EMET MESLEK YÜKSEKOKULU,,,,,,,,,,,
103250988,  Çocuk Gelişimi,2,TYT,32,1,,1,,1009094,287.48188,,
103251208,  Kimya Teknolojisi,2,TYT,25,1,,1,,1257038,269.59477,,
103290289,  Metalurji,2,TYT,20,1,,1,,1810792,231.67096,,
103251941,  Sağlık Kurumları İşletmeciliği,2,TYT,28,1,,1,,1239131,270.84398,,
103290190,  Sosyal Hizmetler,2,TYT,35,1,,1,,1173565,275.44555,,
,GEDİZ MESLEK YÜKSEKOKULU,,,,,,,,,,,
103251589,  Bankacılık ve Sigortacılık,2,TYT,30,1,,1,,1407414,259.23879,,
103251668,  Bilgisayar Programcılığı,2,TYT,65,2,,2,,1053411,284.16812,,
103252003,  Büro Yönetimi ve Yönetici Asistanlığı,2,TYT,30,1,,1,,1311371,265.82925,,
103290170,  Grafik Tasarımı,2,TYT,75,2,,2,,1373487,261.55438,,
103251571,  Lojistik,2,TYT,35,1,,1,,1624211,244.46141,,
103200101,  Mahkeme Büro Hizmetleri,2,TYT,40,1,,1,,...,----,,
103290225,  Mekatronik,2,TYT,45,2,,2,,1227658,271.64436,,
103250564,  Moda Tasarımı,2,TYT,35,1,,1,,1563081,248.61693,,
103252012,  Sağlık Kurumları İşletmeciliği,2,TYT,28,1,,1,,1214595,272.54825,,
103290199,  Tıbbi Laboratuvar Teknikleri,2,TYT,43,2,,2,,538346,330.81798,,
103252021,  Tıbbi Tanıtım ve Pazarlama,2,TYT,41,2,,2,,1504312,252.63442,,
,HİSARCIK MESLEK YÜKSEKOKULU,,,,,,,,,,,
103252084,  Bankacılık ve Sigortacılık,2,TYT,30,1,,1,,1461279,255.55803,,
103290196,  Ceza İnfaz ve Güvenlik Hizmetleri,2,TYT,55,2,,2,17,845879,300.45308,,
103251774,  Halkla İlişkiler ve Tanıtım,2,TYT,25,1,,1,,1631191,243.97988,,
103251783,  İnsan Kaynakları Yönetimi,2,TYT,27,1,,1,,1522998,251.34488,,
103251465,  Lojistik,2,TYT,35,1,,1,,1692977,239.76984,,
103290213,  Tapu ve Kadastro,2,TYT,25,1,,1,,1120872,279.22950,,
,KÜTAHYA GÜZEL SANATLAR MESLEK YÜKSEKOKULU,,,,,,,,,,,
103290175,  Çini Sanatı ve Tasarımı,2,TYT,25,1,,1,,1562345,248.66774,,
103290226,  Eser Koruma,2,TYT,35,1,,1,,1724341,237.63424,,
103251023,  Geleneksel El Sanatları,2,TYT,25,1,,1,,1507100,252.44602,,
103251553,  Grafik Tasarımı,2,TYT,45,2,,2,,914070,294.87199,,
103251898,  İç Mekan Tasarımı,2,TYT,45,2,,2,,1081960,282.04359,,
103251835,  Mimari Dekoratif Sanatlar,2,TYT,45,2,,2,,1662978,241.81356,,
103251095,  Mimari Restorasyon,2,TYT,45,2,,2,,1367337,261.96910,,
,KÜTAHYA SOSYAL BİLİMLER MESLEK YÜKSEKOKULU,,,,,,,,,,,
103251544,  Bankacılık ve Sigortacılık,2,TYT,30,1,,1,,1029442,285.94348,,
103251492,  Büro Yönetimi ve Yönetici Asistanlığı,2,TYT,40,1,,1,,994791,288.56504,,
103290173,  Çağrı Merkezi Hizmetleri,2,TYT,60,2,,2,,1252346,269.92369,,
103251068,  Dış Ticaret,2,TYT,45,2,,2,,1251604,269.97471,,
103290201,  Emlak Yönetimi,2,TYT,33,1,,1,,1516858,251.77047,,
103251298,  İşletme Yönetimi,2,TYT,40,1,,1,,1270121,268.68175,,
103290296,  Karayolu Yük Taşıtı Sürücülüğü,2,TYT,30,1,,1,,1794708,232.79558,,
103251756,  Lojistik,2,TYT,60,2,,2,,1256063,269.65937,,
103251102,  Muhasebe ve Vergi Uygulamaları,2,TYT,27,1,,1,,1075077,282.55206,,
103251005,  Otobüs Kaptanlığı,2,TYT,30,1,,1,,1555104,249.15293,,
103250361,  Pazarlama,2,TYT,35,1,,1,,1392972,260.22762,,
103290184,  Turist Rehberliği,2,TYT,65,2,,2,,1088161,281.58980,,
103251359,  Turizm ve Seyahat Hizmetleri,2,TYT,30,1,,1,,1308070,266.05944,,
,KÜTAHYA TEKNİK BİLİMLER MESLEK YÜKSEKOKULU,,,,,,,,,,,
103251526,  Bilgisayar Operatörlüğü,2,TYT,45,2,,2,,980838,289.63891,,
103290303,  Bilgisayar Operatörlüğü (KKTC Uyruklu),2,TYT,1,,,,5,,,,
103251386,  Bilgisayar Programcılığı,2,TYT,55,2,,2,,647482,318.71362,,
103250255,  Elektrik,2,TYT,55,2,,2,,895934,296.33613,,
103251305,  Elektronik Teknolojisi,2,TYT,45,2,,2,,1071338,282.82237,,
103290254,  Elektronik Teknolojisi (KKTC Uyruklu),2,TYT,1,,,,5,,,,
103251402,  İnşaat Teknolojisi,2,TYT,45,2,,2,,1237033,270.98989,,
103251192,  Kimya Teknolojisi,2,TYT,25,1,,1,,945197,292.40395,,
103250316,  Makine,2,TYT,65,2,,2,,1006220,287.69882,,
103251535,  Mekatronik,2,TYT,45,2,,2,,806328,303.81586,,
103290310,  Ön-Yüz Yazılım Geliştirme,2,TYT,35,1,,1,320,832542,301.58574,,
103252066,  Sivil Savunma ve İtfaiyecilik,2,TYT,55,2,,,9,720566,311.54379,,
103251914,  Yapı Denetimi,2,TYT,25,1,,1,,1413621,258.81583,,
,PAZARLAR MESLEK YÜKSEKOKULU,,,,,,,,,,,
103290261,  Aşçılık,2,TYT,35,1,,1,,1008648,287.51383,,
103251438,  Gıda Teknolojisi,2,TYT,25,1,,1,,1592294,246.63564,,
103290200,  Makine Resim ve Konstrüksiyonu,2,TYT,45,2,,2,,1601538,245.99968,,
103290198,  Sağlık Bilgi Sistemleri Teknikerliği,2,TYT,40,1,,1,,1146072,277.41657,,
103290317,  Tele-Sağlık Teknikerliği,2,TYT,35,1,,1,,610285,322.66178,,
,SİMAV MESLEK YÜKSEKOKULU,,,,,,,,,,,
103290324,  Akıllı Sera Teknolojileri,2,TYT,35,1,,1,,1821482,230.93884,,
103250661,  Bankacılık ve Sigortacılık,2,TYT,30,1,,1,,1379827,261.12605,,
103251395,  Bilgisayar Programcılığı,2,TYT,65,2,,2,,1105159,280.36144,,
103251959,  Biyomedikal Cihaz Teknolojisi,2,TYT,35,1,,1,,1125616,278.88480,,
103250688,  Elektrik,2,TYT,65,2,,2,,1251504,269.98116,,
103251968,  İç Mekan Tasarımı,2,TYT,36,1,,1,,1516181,251.81541,,
103251808,  İnsan Kaynakları Yönetimi,2,TYT,36,1,,1,,1482893,254.08331,,
103251977,  Laboratuvar Teknolojisi,2,TYT,35,1,,1,,915307,294.77417,,
103251826,  Lojistik,2,TYT,45,2,,2,,1644464,243.07976,,
103251792,  Mekatronik,2,TYT,45,2,,2,,1233919,271.20503,,
103290186,  Sağlık Turizmi İşletmeciliği,2,TYT,32,1,,1,,1461942,255.51107,,
,ŞAPHANE MESLEK YÜKSEKOKULU,,,,,,,,,,,
103290214,  Acil Durum ve Afet Yönetimi,2,TYT,47,2,,2,,912649,294.98928,,
103250997,  Bankacılık ve Sigortacılık,2,TYT,30,1,,1,,1557185,249.01276,,
103290331,  Çocuk Gelişimi,2,TYT,36,1,,1,,1117079,279.50165,,
103290338,  Dijital Tarım Teknolojileri,2,TYT,35,1,,1,,1947932,221.88389,,
103290268,  Mahkeme Büro Hizmetleri,2,TYT,35,1,,1,,958283,291.38026,,
103290345,  Meyve ve Sebze İşleme Teknolojisi,2,TYT,35,1,,1,,2021586,216.35607,,
103290189,  Sosyal Hizmetler,2,TYT,35,1,,1,,1273931,268.42297,,
,TAVŞANLI MESLEK YÜKSEKOKULU,,,,,,,,,,,
103250882,  Bilgisayar Programcılığı,2,TYT,55,2,,2,,949281,292.08138,,
103290181,  Biyomedikal Cihaz Teknolojisi,2,TYT,35,1,,1,,1085986,281.75391,,
103251517,  Büro Yönetimi ve Yönetici Asistanlığı,2,TYT,35,1,,1,,1238030,270.91813,,
103251077,  Dış Ticaret,2,TYT,25,1,,1,,1487311,253.79050,,
103250828,  Harita ve Kadastro,2,TYT,25,1,,1,,1170929,275.63157,,
103290352,  İmalat Yürütme Sistemleri Operatörlüğü,2,TYT,35,1,,1,320,1949652,221.75975,,
103251605,  İnternet ve Ağ Teknolojileri,2,TYT,50,2,,2,,1420603,258.33365,,
103250961,  Lojistik,2,TYT,40,1,,1,,1521414,251.45527,,
103250846,  Makine,2,TYT,45,2,,2,,1174396,275.38451,,
103251183,  Muhasebe ve Vergi Uygulamaları,2,TYT,27,1,,1,,1417135,258.57738,,
103251474,  Otomotiv Teknolojisi,2,TYT,35,1,,1,,1205505,273.18333,,
,KÜTAHYA SAĞLIK BİLİMLERİ ÜNİVERSİTESİ (Devlet Üniversitesi),,,,,,,,,,,YÖKAK
,GEDİZ SAĞLIK HİZMETLERİ MESLEK YÜKSEKOKULU,,,,,,,,,,,
111490198,  Çocuk Gelişimi,2,TYT,32,1,,1,,974202,290.14808,,
111490237,  Eczane Hizmetleri,2,TYT,30,1,,1,,653124,318.13393,,
111490171,  İlk ve Acil Yardım,2,TYT,41,2,,2,,428597,345.36334,,
111490314,  Tele-Sağlık Teknikerliği,2,TYT,35,1,,1,,596155,324.18679,,
111451677,  Tıbbi Dokümantasyon ve Sekreterlik,2,TYT,30,1,,1,,560701,328.18343,,
111490321,  Tıbbi Veri İşleme Teknikerliği,2,TYT,35,1,,1,,629705,320.58475,,
,KÜTAHYA MESLEK YÜKSEKOKULU,,,,,,,,,,,
111490258,  Anestezi,2,TYT,35,1,,1,,351528,357.64849,,
111490293,  Biyomedikal Cihaz Teknolojisi,2,TYT,35,1,,1,,900610,295.95680,,
111490272,  Diş Protez Teknolojisi,2,TYT,35,1,,1,,434027,344.55448,,
111490244,  Hasta Bakımı,2,TYT,35,1,,1,31,921172,294.31935,,
111490328,  Yapay Zeka Operatörlüğü,2,TYT,35,1,,1,320,719731,311.62215,,
,SİMAV SAĞLIK HİZMETLERİ MESLEK YÜKSEKOKULU,,,,,,,,,,,
111490335,  Dijital Sağlık Sistemleri Teknikerliği,2,TYT,35,1,,1,,664950,316.93551,,
111490169,  Fizyoterapi,2,TYT,41,2,,2,,629455,320.61211,,
111490342,  Kozmetik Teknolojisi,2,TYT,35,1,,1,,1755647,235.48764,,
111490265,  Optisyenlik,2,TYT,35,1,,1,,697899,313.69629,,
111490199,  Tıbbi Görüntüleme Teknikleri,2,TYT,39,1,,1,,425969,345.74592,,
111451905,  Tıbbi Laboratuvar Teknikleri,2,TYT,43,2,,2,,535419,331.17306,,MEDEK
111490188,  Yaşlı Bakımı,2,TYT,55,2,,2,,965745,290.79448,,MEDEK
,TAVŞANLI SAĞLIK HİZMETLERİ MESLEK YÜKSEKOKULU,,,,,,,,,,,
111490235,  Ağız ve Diş Sağlığı,2,TYT,36,1,,1,,482869,337.82506,,
111490201,"  Dezenfeksiyon, Sterilizasyon ve Antisepsi Teknikerliği",2,TYT,45,2,,2,,830251,301.77766,,
111490200,  Fizyoterapi,2,TYT,41,2,,2,,608479,322.85112,,
111490236,  İş ve Uğraşı Terapisi,2,TYT,45,2,,2,,911285,295.10304,,
111490307,  Odyometri,2,TYT,35,1,,1,,656267,317.81804,,
111490349,  Tele-Sağlık Teknikerliği,2,TYT,35,1,,1,,564090,327.79019,,
111490356,  Tıbbi Veri İşleme Teknikerliği,2,TYT,35,1,,1,,627435,320.82596,,
,MALATYA TURGUT ÖZAL ÜNİVERSİTESİ (Devlet Üniversitesi),,,,,,,,,,,YÖKAK
,AKÇADAĞ MESLEK YÜKSEKOKULU,,,,,,,,,,,
111550363,  Bilgisayar Programcılığı,2,TYT,50,2,,2,,1185643,274.58140,,
111550724,  İşletme Yönetimi,2,TYT,30,1,,1,,1613458,245.18780,*,MEDEK
111570292,  Laborant ve Veteriner Sağlık,2,TYT,35,1,,1,,948226,292.16139,,
111570299,  Sivil Hava Ulaştırma İşletmeciliği,2,TYT,40,1,,1,10,865949,298.78800,,
,ARAPGİR MESLEK YÜKSEKOKULU,,,,,,,,,,,
111550857,  Bankacılık ve Sigortacılık,2,TYT,30,1,,1,,1452168,256.16256,,
111570296,  Bilgisayar Programcılığı,2,TYT,55,2,,2,,1437291,257.18727,,
111550884,  Büro Yönetimi ve Yönetici Asistanlığı,2,TYT,35,1,,1,,1255605,269.69088,,
111570294,  Elektrik,2,TYT,55,2,,2,,1358297,262.59152,,
111570320,  İş Makineleri Operatörlüğü,2,TYT,35,1,,1,,1398149,259.87220,,
111570300,  Mekatronik,2,TYT,45,2,,2,,1474720,254.64222,,
111570321,  Mimari Restorasyon,2,TYT,35,1,,1,,1682327,240.49735,,
111550672,  Muhasebe ve Vergi Uygulamaları,2,TYT,23,1,,1,,1539719,250.19802,,
111550681,  Otomotiv Teknolojisi,2,TYT,35,1,,1,,1539941,250.18447,,
,BATTALGAZİ MESLEK YÜKSEKOKULU,,,,,,,,,,,
111570525,  Akıllı Sera Teknolojileri,2,TYT,35,1,,1,,1795270,232.75774,,
111570483,  Atçılık ve Antrenörlüğü,2,TYT,40,1,,1,,1716124,238.19205,,
111550706,  Bahçe Tarımı,2,TYT,25,1,,1,,1708012,238.74890,,
111570285,  Basım ve Yayım Teknolojileri,2,TYT,45,2,,2,,1676112,240.91438,,
111500143,  Çocuk Gelişimi,2,TYT,27,1,,1,,794937,304.81396,,
111570532,  Dijital Tarım Teknolojileri,2,TYT,35,1,,1,,1684155,240.37091,,
111570284,  Peyzaj ve Süs Bitkileri Yetiştiriciliği,2,TYT,20,1,,1,,1720784,237.87580,,
111551131,  Tıbbi ve Aromatik Bitkiler,2,TYT,35,1,,1,,1753290,235.65042,*,MEDEK
,BİLİŞİM TEKNOLOJİLERİ MESLEK YÜKSEKOKULU,,,,,,,,,,,
111500150,  Tıbbi Veri İşleme Teknikerliği,2,TYT,35,1,,1,,506952,334.68317,,
,DARENDE BEKİR ILICAK MESLEK YÜKSEKOKULU,,,,,,,,,,,
111550936,  Gıda Teknolojisi,2,TYT,30,1,,1,,1670490,241.29827,,
111551158,  Harita ve Kadastro,2,TYT,25,1,,1,,1368994,261.86462,,
111551061,  İnşaat Teknolojisi,2,TYT,40,1,,1,,1685522,240.28207,,
111551079,  Optisyenlik,2,TYT,35,1,,1,,874330,298.09126,,
111570539,  Yeşil ve Ekolojik Bina Teknikerliği,2,TYT,35,1,,1,,1848853,229.01214,,
,DOĞANŞEHİR VAHAP KÜÇÜK MESLEK YÜKSEKOKULU,,,,,,,,,,,
111551176,  Bilgisayar Programcılığı,2,TYT,35,1,,1,,1418782,258.46259,,
111570280,  Çağrı Merkezi Hizmetleri,2,TYT,35,1,,1,,1461636,255.53343,,
111551185,  Dış Ticaret,2,TYT,25,1,,1,,1678501,240.75411,,
111570281,  Sivil Savunma ve İtfaiyecilik,2,TYT,35,1,,,9,798217,304.52744,,
111570295,  Sosyal Güvenlik,2,TYT,27,1,,1,,1394609,260.11297,,
,HEKİMHAN MEHMET EMİN SUNGUR MESLEK YÜKSEKOKULU,,,,,,,,,,,
111570297,  İç Mekan Tasarımı,2,TYT,27,1,,1,,1611293,245.33503,,
111570293,  Madencilik Teknolojisi,2,TYT,15,1,,1,,1794084,232.84036,,
111550645,  Sondaj Teknolojisi,2,TYT,35,1,,1,,1787921,233.26774,,
111551043,  Yapı Denetimi,2,TYT,20,1,,1,,1689141,240.02960,,
,KALE TURİZM VE OTEL İŞLETMECİLİĞİ MESLEK YÜKSEKOKULU,,,,,,,,,,,
111570283,  Aşçılık,2,TYT,55,2,,2,,1089337,281.50775,*,MEDEK
111551149,  Turist Rehberliği,2,TYT,40,1,,1,,1504728,252.60645,,
111550521,  Turizm ve Otel İşletmeciliği,2,TYT,35,1,,1,,1502543,252.75767,,
,YEŞİLYURT TEKNİK BİLİMLER MESLEK YÜKSEKOKULU,,,,,,,,,,,
111500157,  Biyomedikal Cihaz Teknolojisi,2,TYT,30,1,,1,,992239,288.75802,,
111500164,  Endüstriyel Cam ve Seramik,2,TYT,30,1,,1,,1751988,235.74098,,
111500171,  Giyim Üretim Teknolojisi,2,TYT,15,1,,1,,1741521,236.45700,,
111500178,  İnsansız Hava Aracı Teknolojisi ve Operatörlüğü,2,TYT,25,1,,1,,526885,332.20388,,
111500185,  Moda Tasarımı,2,TYT,45,2,,2,,1474870,254.63138,,
111500192,  Otomotiv Teknolojisi,2,TYT,30,1,,1,,1226548,271.71910,*,MEDEK
111500199,  Raylı Sistemler Makine Teknolojisi,2,TYT,30,1,,1,6,659055,317.53114,,
111500206,  Tıbbi Laboratuvar Teknikleri,2,TYT,26,1,,1,,490100,336.86824,,
111500213,  Yenilenebilir Enerji Teknikerliği,2,TYT,30,1,,1,,855513,299.65865,,
,MANİSA CELÂL BAYAR ÜNİVERSİTESİ (Devlet Üniversitesi),,,,,,,,,,,YÖKAK
,AHMETLİ MESLEK YÜKSEKOKULU,,,,,,,,,,,
102550952,  Bankacılık ve Sigortacılık,2,TYT,30,1,,1,,1018507,286.77311,,
102550864,  Büro Yönetimi ve Yönetici Asistanlığı,2,TYT,45,2,,2,,1157641,276.58382,,
102551183,  İnsan Kaynakları Yönetimi,2,TYT,36,1,,1,,1131470,278.46398,,
102551314,  İnsan Kaynakları Yönetimi (Uzaktan Öğretim),2,TYT,54,2,,2,7,1043374,284.91133,,
102550652,  Muhasebe ve Vergi Uygulamaları,2,TYT,27,1,,1,,1109236,280.07051,,
,AKHİSAR MESLEK YÜKSEKOKULU,,,,,,,,,,,
102551147,  Bilgisayar Programcılığı,2,TYT,70,2,,2,,787251,305.48381,,
102551226,  Elektrik,2,TYT,45,2,,2,,950461,291.98843,,
102590271,  Kümes Hayvanları Yetiştiriciliği,2,TYT,25,1,,1,,1533701,250.61007,,
102590275,  Laboratuvar Teknolojisi,2,TYT,45,2,,2,,767674,307.22560,,
102590276,  Makine,2,TYT,35,1,,1,,950889,291.95311,,
102550846,  Pazarlama,2,TYT,45,2,,2,,1442140,256.85639,*,MEDEK
102550697,  Zeytincilik ve Zeytin İşleme Teknolojisi,2,TYT,25,1,,1,,1440319,256.97439,,
,ALAŞEHİR MESLEK YÜKSEKOKULU,,,,,,,,,,,
102550079,  Bağcılık,2,TYT,30,1,,1,,1667168,241.52556,,
102551208,  Bitki Koruma,2,TYT,20,1,,1,,1225377,271.80043,,
102550749,  Kooperatifçilik,2,TYT,35,1,,1,,1707540,238.78092,,
102550643,  Laboratuvar Teknolojisi,2,TYT,35,1,,1,,835345,301.34153,,
102551095,  Organik Tarım,2,TYT,30,1,,1,,1711379,238.51554,,
102550122,  Tıbbi ve Aromatik Bitkiler,2,TYT,30,1,,1,,1636312,243.63403,,
,DEMİRCİ MESLEK YÜKSEKOKULU,,,,,,,,,,,
102550634,  Bankacılık ve Sigortacılık,2,TYT,30,1,,1,,1128070,278.71035,,
102551332,  Coğrafi Bilgi Sistemleri,2,TYT,65,2,,2,,1707574,238.77786,,
102550591,  Dış Ticaret,2,TYT,45,2,,2,,1413277,258.83947,,
102590332,  Dış Ticaret (KKTC Uyruklu),2,TYT,1,,,,5,,,,
102550661,  Muhasebe ve Vergi Uygulamaları,2,TYT,27,1,,1,,1322653,265.03740,,
102551298,  Ormancılık ve Orman Ürünleri,2,TYT,20,1,,1,,715746,311.99510,,
,GÖRDES MESLEK YÜKSEKOKULU,,,,,,,,,,,
102590650,  Acil Durum ve Afet Yönetimi,2,TYT,26,1,,1,,840307,300.92011,,
102550873,  Büro Yönetimi ve Yönetici Asistanlığı,2,TYT,40,1,,1,,1311585,265.81351,,
102551271,  Halkla İlişkiler ve Tanıtım,2,TYT,69,2,,2,,1623831,244.48844,,
102550679,  Muhasebe ve Vergi Uygulamaları,2,TYT,27,1,,1,,1391437,260.32832,,
,KIRKAĞAÇ MESLEK YÜKSEKOKULU,,,,,,,,,,,
102550255,  Bilgisayar Programcılığı,2,TYT,85,3,,3,,894398,296.46197,,
102550925,  Lojistik,2,TYT,75,2,,2,,1195759,273.86680,,
102550688,  Muhasebe ve Vergi Uygulamaları,2,TYT,27,1,,1,,1282218,267.84790,,
102551323,  Sosyal Güvenlik,2,TYT,90,3,,3,,1472489,254.79522,,
102590337,  Sosyal Hizmetler,2,TYT,35,1,,1,,990438,288.90094,,
102590338,  Sosyal Hizmetler (KKTC Uyruklu),2,TYT,1,,,,5,,,,
,KÖPRÜBAŞI MESLEK YÜKSEKOKULU,,,,,,,,,,,
102550282,  Harita ve Kadastro,2,TYT,25,1,,1,,1232323,271.31757,,
102550722,  İşletme Yönetimi,2,TYT,35,1,,1,,1514355,251.94436,,
102590384,  Mahkeme Büro Hizmetleri,2,TYT,35,1,,1,,807614,303.70831,,
,KULA MESLEK YÜKSEKOKULU,,,,,,,,,,,
102551129,  Halkla İlişkiler ve Tanıtım,2,TYT,69,2,,2,,1568846,248.21838,,
102590657,  İç Mekan Tasarımı,2,TYT,36,1,,1,,1263301,269.15196,,
102550713,  İşletme Yönetimi,2,TYT,40,1,,1,,1441790,256.87916,,
102590178,  Mimari Restorasyon,2,TYT,45,2,,2,,1372397,261.62828,,
102590622,  Web Tasarımı ve Kodlama,2,TYT,50,2,,2,,1100796,280.68568,,
,MANİSA SAĞLIK HİZMETLERİ MESLEK YÜKSEKOKULU,,,,,,,,,,,
102551289,  İlk ve Acil Yardım,2,TYT,41,2,,2,,359875,356.22952,,
102551402,  Saç Bakımı ve Güzellik Hizmetleri,2,TYT,40,1,,1,,798509,304.50348,,
102590172,  Saç Bakımı ve Güzellik Hizmetleri (KKTC Uyruklu),2,TYT,1,,,,5,,,,
102550016,  Tıbbi Dokümantasyon ve Sekreterlik,2,TYT,30,1,,1,,455071,341.59326,,
102550961,  Tıbbi Görüntüleme Teknikleri,2,TYT,30,1,,1,,367555,354.91144,,
102550776,  Tıbbi Laboratuvar Teknikleri,2,TYT,34,1,,1,,426910,345.60636,,
102550882,  Yaşlı Bakımı,2,TYT,55,2,,2,,829701,301.82499,,
,MANİSA TEKNİK BİLİMLER MESLEK YÜKSEKOKULU,,,,,,,,,,,
102590398,  Alternatif Enerji Kaynakları Teknolojisi (Kız),2,TYT,30,,,,31,1063143,283.43503,,
102590391,  Alternatif Enerji Kaynakları Teknolojisi (Erkek),2,TYT,30,,,,33,899573,296.04291,,
102590339,  Bilgisayar Programcılığı,2,TYT,45,2,,2,,420723,346.54071,,
102590405,  Büyük Veri Analistliği,2,TYT,35,1,,1,320,551614,329.25521,,
102590629,  Büyük Veri Analistliği (KKTC Uyruklu),2,TYT,1,,,,"5, 320",,,,
102590412,  Dijital Dönüşüm Elektroniği,2,TYT,35,1,,1,320,828451,301.92587,,
102590340,  Elektrik,2,TYT,45,2,,2,,602993,323.44203,,
102590341,  Endüstriyel Kalıpçılık,2,TYT,45,2,,2,,1112097,279.86012,,
102590419,  İmalat Yürütme Sistemleri Operatörlüğü,2,TYT,35,1,,1,320,1101655,280.62251,,
102550801,  İnşaat Teknolojisi,2,TYT,45,2,,2,,864277,298.92552,*,MEDEK
102550943,  Makine,2,TYT,60,2,,2,,674001,316.03768,,
102590272,  Makine Resim ve Konstrüksiyonu,2,TYT,45,2,,2,,880590,297.58320,,
102551395,  Mekatronik,2,TYT,45,2,,2,,541800,330.40853,*,MEDEK
,SALİHLİ MESLEK YÜKSEKOKULU,,,,,,,,,,,
102550794,  Bilgisayar Programcılığı,2,TYT,75,2,,2,,802163,304.18194,,
102550546,  Çocuk Gelişimi,2,TYT,32,1,,1,,772417,306.80423,,
102550607,  Dış Ticaret,2,TYT,45,2,,2,,1083353,281.94482,,
102590274,  Emlak Yönetimi,2,TYT,45,2,,2,,1556563,249.05398,,
102550916,  Moda Tasarımı,2,TYT,45,2,,2,,1179728,275.00804,,
102551192,  Özel Güvenlik ve Koruma,2,TYT,55,2,,2,2,1249543,270.12113,,
102550325,  Pazarlama,2,TYT,35,1,,1,,1404191,259.46312,,
,SARIGÖL MESLEK YÜKSEKOKULU,,,,,,,,,,,
102550343,  Harita ve Kadastro,2,TYT,25,1,,1,,1224596,271.85599,,
102551217,  Tapu ve Kadastro,2,TYT,40,1,,1,,1023910,286.36250,,
,SARUHANLI MESLEK YÜKSEKOKULU,,,,,,,,,,,
102550352,  Gıda Teknolojisi,2,TYT,25,1,,1,,987303,289.14580,,
102550731,  İşletme Yönetimi,2,TYT,40,1,,1,,1273842,268.42959,,
,SOMA MESLEK YÜKSEKOKULU,,,,,,,,,,,
102590173,  Biyomedikal Cihaz Teknolojisi,2,TYT,35,1,,1,,919252,294.46852,,
102550379,  Elektrik,2,TYT,45,2,,2,,998754,288.25948,*,MEDEK
102550837,  Grafik Tasarımı,2,TYT,45,2,,2,,958058,291.39816,,
102590273,  Madencilik Teknolojisi,2,TYT,50,2,,2,,1342551,263.67602,,
102550397,  Makine,2,TYT,45,2,,2,,1021366,286.55754,*,MEDEK
102550485,  Mekatronik,2,TYT,45,2,,2,,909713,295.23001,*,MEDEK
,TURGUTLU MESLEK YÜKSEKOKULU,,,,,,,,,,,
102551244,  Bilgisayar Programcılığı,2,TYT,85,3,,3,,678278,315.60704,,
102551174,  Bilgisayar Programcılığı (Uzaktan Öğretim),2,TYT,100,3,,3,"7, 8",940979,292.74098,,
102550519,  Elektrik,2,TYT,55,2,,2,,845623,300.47613,,
102590342,  Elektronik Teknolojisi,2,TYT,35,1,,1,,926519,293.89849,,
102550564,  Geleneksel El Sanatları,2,TYT,55,2,,2,,1660384,241.98933,,
102550907,  Geoteknik,2,TYT,45,2,,2,,1462097,255.49995,,
102550819,  İnşaat Teknolojisi,2,TYT,45,2,,2,,1091399,281.35822,,
102550767,  Kontrol ve Otomasyon Teknolojisi,2,TYT,55,2,,2,,944006,292.49980,,
102550422,  Makine,2,TYT,55,2,,2,,897314,296.22412,,
102550891,  Yapı Denetimi,2,TYT,50,2,,2,,1319217,265.27562,,
,MARDİN ARTUKLU ÜNİVERSİTESİ (Devlet Üniversitesi),,,,,,,,,,,YÖKAK
,MESLEK YÜKSEKOKULU,,,,,,,,,,,
107150192,  Bilgisayar Programcılığı,2,TYT,35,1,,1,,907094,295.44503,,
107190109,  Bilgisayar Programcılığı (Uzaktan Öğretim),2,TYT,100,3,,3,"7, 8",1455410,255.94858,,
107150102,  İnşaat Teknolojisi,2,TYT,35,1,,1,,1169411,275.74310,,
107150086,  İşletme Yönetimi,2,TYT,35,1,,1,,1297152,266.81299,,
107150305,  Mimari Restorasyon,2,TYT,35,1,,1,,1337870,263.99643,,
107150077,  Muhasebe ve Vergi Uygulamaları,2,TYT,27,1,,1,,1013914,287.11342,,
107100101,  Tespih Tasarımı ve İmalatı,2,TYT,20,1,,1,,...,----,,
107150059,  Turizm ve Otel İşletmeciliği,2,TYT,35,1,,1,,1205496,273.18436,,
,MİDYAT MESLEK YÜKSEKOKULU,,,,,,,,,,,
107190088,  Aşçılık,2,TYT,35,1,,1,301,981506,289.58908,,
107150147,  Bilgisayar Programcılığı,2,TYT,35,1,,1,,1219787,272.19354,*,MEDEK
107150332,  Bilgisayar Programcılığı (Uzaktan Öğretim),2,TYT,75,2,,2,"7, 8",1469336,255.00903,,
107150068,  Çocuk Gelişimi,2,TYT,27,1,,1,,899520,296.04692,,
107190025,  Doğal Yapı Taşları Teknolojisi,2,TYT,35,1,,1,,1680764,240.60362,,
107150138,  Elektrik,2,TYT,35,1,,1,,1274244,268.40125,*,MEDEK
107150262,  Kuyumculuk ve Takı Tasarımı,2,TYT,35,1,,1,,1483362,254.05192,,
107150271,  Sosyal Hizmetler,2,TYT,35,1,,1,,1061341,283.56605,,
107190042,  Sosyal Hizmetler (Uzaktan Öğretim),2,TYT,55,2,,2,7,1307865,266.07297,,
,NUSAYBİN MESLEK YÜKSEKOKULU,,,,,,,,,,,
107150244,  Dış Ticaret,2,TYT,35,1,,1,,1503012,252.72419,,
107190130,  Halkla İlişkiler ve Tanıtım,2,TYT,35,1,,1,,1576144,247.72491,,
107190137,  Kültürel Miras ve Turizm,2,TYT,25,1,,1,,1687667,240.13366,,
107190144,  Turizm ve Seyahat Hizmetleri,2,TYT,30,1,,1,,1576919,247.67287,,
,ORGANİZE SANAYİ BÖLGESİ MESLEK YÜKSEKOKULU,,,,,,,,,,,
107190172,  Elektrik,2,TYT,35,1,,1,,1003585,287.89596,*,MEDEK
107190179,  Elektronik Teknolojisi,2,TYT,35,1,,1,,1355512,262.77735,,
107190186,  Makine,2,TYT,35,1,,1,,1451711,256.19171,,MEDEK
,ÖMERLİ MESLEK YÜKSEKOKULU,,,,,,,,,,,
107190193,  Ofis Teknolojileri ve Veri Yönetimi,2,TYT,35,1,,1,,1632726,243.87527,,
,SAĞLIK HİZMETLERİ MESLEK YÜKSEKOKULU,,,,,,,,,,,
107150174,  Çocuk Gelişimi,2,TYT,27,1,,1,,754039,308.46044,,
107190081,  Diş Protez Teknolojisi,2,TYT,25,1,,1,,487920,337.15705,,
107190051,  Evde Hasta Bakımı,2,TYT,35,1,,1,,571627,326.91830,,
107150156,  İlk ve Acil Yardım,2,TYT,41,2,,2,,357095,356.70856,,MEDEK
107150341,  Tıbbi Dokümantasyon ve Sekreterlik,2,TYT,30,1,,1,,457762,341.21581,,
107150165,  Tıbbi Laboratuvar Teknikleri,2,TYT,34,1,,1,,464608,340.27600,,
107150226,  Tıbbi Tanıtım ve Pazarlama,2,TYT,45,2,,2,,1129503,278.60472,,
107150183,  Yaşlı Bakımı,2,TYT,35,1,,1,,753479,308.51286,,
,SAVUR MESLEK YÜKSEKOKULU,,,,,,,,,,,
107190024,  Bankacılık ve Sigortacılık,2,TYT,30,1,,1,,1214918,272.52561,,MEDEK
107190023,  Harita ve Kadastro,2,TYT,25,1,,1,,1342964,263.64647,,
107190043,  Sosyal Hizmetler,2,TYT,35,1,,1,,1273874,268.42701,,
,MARMARA ÜNİVERSİTESİ (İSTANBUL) (Devlet Üniversitesi),,,,,,,,,,,YÖKAK
,SAĞLIK HİZMETLERİ MESLEK YÜKSEKOKULU,,,,,,,,,,,
107250022,  Anestezi,2,TYT,35,1,,,,263336,374.81799,,
107250437,  Diş Protez Teknolojisi,2,TYT,35,1,,,,309714,365.29818,,
107290432,  Diş Protez Teknolojisi (KKTC Uyruklu),2,TYT,1,,,,5,,,,
107250507,  İlk ve Acil Yardım,2,TYT,32,1,,,,282406,370.76944,,
107250464,  Patoloji Laboratuvar Teknikleri,2,TYT,54,2,,,,500996,335.45556,,
107250473,  Tıbbi Görüntüleme Teknikleri,2,TYT,35,1,,,,312623,364.74425,,
107250455,  Tıbbi Laboratuvar Teknikleri,2,TYT,43,2,,,,397847,349.99480,,
,SOSYAL BİLİMLER MESLEK YÜKSEKOKULU,,,,,,,,,,,
107250376,  Bankacılık ve Sigortacılık,2,TYT,30,1,,,,378567,353.08361,,
107290548,  Ceza İnfaz ve Güvenlik Hizmetleri,2,TYT,65,2,,,17,709704,312.58236,,
107250094,  Dış Ticaret,2,TYT,45,2,,,,365891,355.19801,,
107250385,  Muhasebe ve Vergi Uygulamaları,2,TYT,27,1,,,,431033,345.00343,,
107200416,  Ofis Teknolojileri ve Veri Yönetimi,2,TYT,40,1,,,,529526,331.88471,,
107250119,  Pazarlama,2,TYT,35,1,,,,429388,345.24483,,
107250128,  Turist Rehberliği,2,TYT,65,2,,,"22, 24, 34",432857,344.72427,,
107250137,  Turizm ve Otel İşletmeciliği,2,TYT,35,1,,,"22, 24, 34",485812,337.43208,,
107250428,  Turizm ve Seyahat Hizmetleri,2,TYT,30,1,,,"22, 24, 34",523305,332.63864,,
,TEKNİK BİLİMLER MESLEK YÜKSEKOKULU,,,,,,,,,,,
107290335,  Basım ve Yayım Teknolojileri,2,TYT,50,2,,,,629500,320.60702,,
107250331,  Bilgisayar Programcılığı,2,TYT,35,1,,,,198192,390.81755,,
107250552,  Bilgisayar Programcılığı (Uzaktan Öğretim),2,TYT,100,3,,,"7, 8",338714,359.91333,,
107200423,  Cnc Programlama ve Operatörlüğü,2,TYT,65,2,,,,311454,364.97024,,
107200430,"  Elektrik Enerjisi Üretim, İletim ve Dağıtımı",2,TYT,55,2,,,,315551,364.18734,,
107250394,  Elektronik Haberleşme Teknolojisi,2,TYT,45,2,,,,427768,345.48447,,
107250401,  Elektronik Teknolojisi,2,TYT,45,2,,,,341769,359.37594,,
107250491,  Giyim Üretim Teknolojisi,2,TYT,35,1,,,,684579,314.99248,,
107250588,  Kontrol ve Otomasyon Teknolojisi,2,TYT,45,2,,,,318656,363.60985,,
107250516,  Moda Tasarımı,2,TYT,45,2,,,,423260,346.15631,,
107250613,  Moda Tasarımı (Uzaktan Öğretim),2,TYT,80,2,,,"7, 8",691253,314.32610,,
107290576,  Yapay Zeka Operatörlüğü,2,TYT,35,1,,,320,263137,374.86644,,
,MERSİN ÜNİVERSİTESİ (Devlet Üniversitesi),,,,,,,,,,,YÖKAK
,ANAMUR MESLEK YÜKSEKOKULU,,,,,,,,,,,
107490211,  Aşçılık,2,TYT,60,2,,2,,815334,303.04706,*,TUADER
107451557,  Bahçe Tarımı,2,TYT,30,1,,1,,1640893,243.32362,,
107490208,  Halkla İlişkiler ve Tanıtım,2,TYT,53,2,,2,,1441181,256.91631,,
107451027,  İşletme Yönetimi,2,TYT,40,1,,1,,1322396,265.05544,,
107490506,  Ofis Teknolojileri ve Veri Yönetimi,2,TYT,40,1,,1,,1490233,253.59109,,
107490401,  Özel Güvenlik ve Koruma,2,TYT,35,1,,1,2,1030807,285.84240,,
107450392,  Pazarlama,2,TYT,35,1,,1,,1463403,255.41249,,
107450426,  Turizm ve Otel İşletmeciliği,2,TYT,35,1,,1,,1077990,282.33653,*,TUADER
107451151,  Turizm ve Seyahat Hizmetleri,2,TYT,30,1,,1,,1264453,269.07264,,
,AYDINCIK MESLEK YÜKSEKOKULU (Anamur),,,,,,,,,,,
107490408,  Nükleer Teknoloji ve Radyasyon Güvenliği,2,TYT,20,1,,1,,1048328,284.54194,,
,DENİZCİLİK MESLEK YÜKSEKOKULU,,,,,,,,,,,
107451327,  Deniz Ulaştırma ve İşletme,2,TYT,32,1,,1,11,422283,346.30581,,
107451257,  Deniz ve Liman İşletmeciliği,2,TYT,35,1,,1,11,668577,316.57396,,
107490297,  Gemi Makineleri İşletmeciliği,2,TYT,23,1,,1,11,554024,328.96974,,
,ERDEMLİ MESLEK YÜKSEKOKULU,,,,,,,,,,,
107450938,  Bankacılık ve Sigortacılık,2,TYT,30,1,,1,,751989,308.64689,*,MEDEK
107490513,  Bankacılık ve Sigortacılık (KKTC Uyruklu),2,TYT,1,,,,5,,,,
107450559,  Bilgisayar Programcılığı,2,TYT,65,2,,2,,653836,318.06142,,
107451036,  İşletme Yönetimi,2,TYT,40,1,,1,,1055612,283.99756,*,MEDEK
107450956,  Muhasebe ve Vergi Uygulamaları,2,TYT,27,1,,1,,889463,296.86209,,
107450868,  Turizm Animasyonu,2,TYT,45,2,,2,,1377630,261.27077,*,TUADER
,MUSTAFA BAYSAN MESLEK YÜKSEKOKULU,,,,,,,,,,,
107451609,  Fidan Yetiştiriciliği,2,TYT,55,2,,2,,1518133,251.68196,,
107450965,  Muhasebe ve Vergi Uygulamaları,2,TYT,27,1,,1,,1255970,269.66510,,
107451433,  Ormancılık ve Orman Ürünleri,2,TYT,20,1,,1,,672181,316.22040,,
,MUT MESLEK YÜKSEKOKULU,,,,,,,,,,,
107451009,  Bahçe Tarımı,2,TYT,30,1,,1,,1707297,238.79646,,
107450692,  Bilgisayar Programcılığı,2,TYT,65,2,,2,,960725,291.18791,,
107451618,  Gıda Teknolojisi,2,TYT,30,1,,1,,1402715,259.56171,,
107450974,  Muhasebe ve Vergi Uygulamaları,2,TYT,27,1,,1,,1338422,263.95815,,
,SAĞLIK HİZMETLERİ MESLEK YÜKSEKOKULU,,,,,,,,,,,
107451239,  Ameliyathane Hizmetleri,2,TYT,59,2,,2,,458688,341.09048,,
107450126,  Anestezi,2,TYT,45,2,,2,,288387,369.54702,,
107451381,  İlk ve Acil Yardım,2,TYT,32,1,,1,,274414,372.44415,,
107450153,  Tıbbi Dokümantasyon ve Sekreterlik,2,TYT,30,1,,1,,381724,352.56428,,
107451196,  Tıbbi Görüntüleme Teknikleri,2,TYT,39,1,,1,,290860,369.03308,,
107451187,  Tıbbi Laboratuvar Teknikleri,2,TYT,43,2,,2,,381590,352.58665,,
107490368,  Tıbbi Laboratuvar Teknikleri (KKTC Uyruklu),2,TYT,1,,,,5,1309929,265.93012,,
107451399,  Yaşlı Bakımı,2,TYT,55,2,,2,,705934,312.94405,,
,SİLİFKE MESLEK YÜKSEKOKULU,,,,,,,,,,,
107451681,  Bahçe Tarımı,2,TYT,20,1,,1,,1463795,255.38599,,
107451627,  Halkla İlişkiler ve Tanıtım,2,TYT,53,2,,2,,1290866,267.24212,,
107451045,  İşletme Yönetimi,2,TYT,40,1,,1,,1155848,276.71738,*,MEDEK
107450841,  Organik Tarım,2,TYT,45,2,,2,,1600105,246.09474,,
,SOSYAL BİLİMLER MESLEK YÜKSEKOKULU,,,,,,,,,,,
107450902,  Dış Ticaret,2,TYT,45,2,,2,,720354,311.56257,,
107451018,  İşletme Yönetimi,2,TYT,40,1,,1,,827964,301.96437,*,MEDEK
107451309,  Lojistik,2,TYT,55,2,,2,,742523,309.50266,,
107450947,  Muhasebe ve Vergi Uygulamaları,2,TYT,27,1,,1,,691757,314.27685,,
107490520,  Ofis Teknolojileri ve Veri Yönetimi,2,TYT,40,1,,1,,918916,294.49635,,
107450223,  Pazarlama,2,TYT,35,1,,1,,947389,292.22892,*,MEDEK
107490206,  Sosyal Hizmetler,2,TYT,35,1,,1,,703458,313.17945,,
107450232,  Turizm ve Otel İşletmeciliği,2,TYT,35,1,,1,,759420,307.97582,,
107451133,  Turizm ve Seyahat Hizmetleri,2,TYT,35,1,,1,,907730,295.39168,,
,TEKNİK BİLİMLER MESLEK YÜKSEKOKULU,,,,,,,,,,,
107451203,  Bilgisayar Programcılığı,2,TYT,50,2,,2,,492660,336.53449,,
107490527,  Dijital Dönüşüm Elektroniği,2,TYT,35,1,,1,320,855809,299.63189,,
107490534,  Dijital Dönüşüm Elektroniği (KKTC Uyruklu),2,TYT,1,,,,"5, 320",,,,
107450277,  Elektrik,2,TYT,45,2,,2,,599887,323.77276,,
107451099,  Elektronik Haberleşme Teknolojisi,2,TYT,35,1,,1,,876544,297.90906,,
107451106,  Elektronik Teknolojisi,2,TYT,45,2,,2,,764069,307.55643,,
107450832,  Gıda Teknolojisi,2,TYT,30,1,,1,,827536,302.00087,,
107450311,  Harita ve Kadastro,2,TYT,30,1,,1,,726086,311.02014,,
107451054,  İklimlendirme ve Soğutma Teknolojisi,2,TYT,35,1,,1,,1011050,287.33191,,
107451212,  İnşaat Teknolojisi,2,TYT,40,1,,1,,701952,313.31575,,
107450992,  Kimya Teknolojisi,2,TYT,25,1,,1,,757043,308.19108,,
107451115,  Kontrol ve Otomasyon Teknolojisi,2,TYT,45,2,,2,,815873,303.00014,,
107450886,  Kuyumculuk ve Takı Tasarımı,2,TYT,45,2,,2,,1109878,280.02421,,
107451672,  Laborant ve Veteriner Sağlık,2,TYT,35,1,,1,,582077,325.74259,,
107450356,  Makine,2,TYT,35,1,,1,,684068,315.04345,,
107451275,  Mobilya ve Dekorasyon,2,TYT,55,2,,2,,1261788,269.25859,,
107490369,  Mobilya ve Dekorasyon (KKTC Uyruklu),2,TYT,1,,,,5,,,,
107490214,  Optisyenlik,2,TYT,45,2,,2,,512261,334.01268,,
107490387,  Optisyenlik (KKTC Uyruklu),2,TYT,1,,,,5,,,,
107451266,  Otomotiv Teknolojisi,2,TYT,35,1,,1,,730306,310.62303,,
107490394,  Saç Bakımı ve Güzellik Hizmetleri,2,TYT,35,1,,1,,675086,315.92692,,
107450877,  Ulaştırma ve Trafik Hizmetleri,2,TYT,60,2,,2,,1107185,280.21331,,
,MİMAR SİNAN GÜZEL SANATLAR ÜNİVERSİTESİ (İSTANBUL) (Devlet Üniversitesi),,,,,,,,,,,
,MESLEK YÜKSEKOKULU,,,,,,,,,,,
107550055,  Giyim Üretim Teknolojisi,2,TYT,28,1,,1,,514306,333.75986,,
107550019,  Mimari Restorasyon,2,TYT,50,2,,2,,314111,364.45926,,
,MUĞLA SITKI KOÇMAN ÜNİVERSİTESİ (Devlet Üniversitesi),,,,,,,,,,,YÖKAK
,BODRUM DENİZCİLİK MESLEK YÜKSEKOKULU,,,,,,,,,,,
107690229,  Gemi İnşaatı,2,TYT,30,1,,1,,600499,323.70689,,
107651246,  Yat Kaptanlığı,2,TYT,35,1,,1,11,473743,339.04625,,
,DALAMAN MESLEK YÜKSEKOKULU,,,,,,,,,,,
107650221,  Dış Ticaret,2,TYT,45,2,,2,,987911,289.09615,,
107650787,  Lojistik,2,TYT,55,2,,2,,901962,295.85062,,
107650663,  Muhasebe ve Vergi Uygulamaları,2,TYT,27,1,,1,,1067219,283.13101,,
107650248,  Sivil Hava Ulaştırma İşletmeciliği,2,TYT,40,1,,1,10,470746,339.43755,,
,DATÇA KAZIM YILMAZ MESLEK YÜKSEKOKULU,,,,,,,,,,,
107690161,  Marina ve Yat İşletmeciliği,2,TYT,35,1,,1,,836395,301.25420,,
107650672,  Muhasebe ve Vergi Uygulamaları,2,TYT,27,1,,1,,1137752,278.01220,,
107650293,  Turizm ve Otel İşletmeciliği,2,TYT,35,1,,1,,957981,291.40339,,
,FETHİYE ALİ SITKI-MEFHARET KOÇMAN MESLEK YÜKSEKOKULU,,,,,,,,,,,
107600318,  Bahçe Tarımı,2,TYT,30,1,,1,,1516157,251.81699,,
107651273,  Çevre Koruma ve Kontrol,2,TYT,45,2,,2,,1233092,271.26526,,
107650681,  Muhasebe ve Vergi Uygulamaları,2,TYT,27,1,,1,,898990,296.08955,,
107651025,  Organik Tarım,2,TYT,35,1,,1,,1421181,258.29626,,
107690218,  Peyzaj ve Süs Bitkileri Yetiştiriciliği,2,TYT,25,1,,1,,1389250,260.47521,,
107650972,  Seracılık,2,TYT,35,1,,1,,1530519,250.83218,,
107650336,  Turizm ve Otel İşletmeciliği,2,TYT,35,1,,1,,841032,300.85963,,
107650857,  Turizm ve Seyahat Hizmetleri,2,TYT,30,1,,1,,995355,288.52015,,
,FETHİYE SAĞLIK HİZMETLERİ MESLEK YÜKSEKOKULU,,,,,,,,,,,
107651379,  İlk ve Acil Yardım,2,TYT,41,2,,2,,336082,360.39366,,
107690223,  Yaşlı Bakımı,2,TYT,30,1,,1,,801376,304.25014,,
,KAVAKLIDERE ŞEHİT MUSTAFA ALPER MESLEK YÜKSEKOKULU,,,,,,,,,,,
107690154,  Acil Durum ve Afet Yönetimi,2,TYT,38,1,,1,,738567,309.87063,,
107690191,  Avcılık ve Yaban Hayatı,2,TYT,40,1,,1,,1178847,275.06924,,
107690190,  Ormancılık ve Orman Ürünleri,2,TYT,20,1,,1,,778222,306.28257,,
107690305,  Ormancılık ve Orman Ürünleri (KKTC Uyruklu),2,TYT,1,,,,5,,,,
107690295,  Sivil Savunma ve İtfaiyecilik,2,TYT,35,1,,,9,651842,318.26727,,
,KÖYCEĞİZ MESLEK YÜKSEKOKULU,,,,,,,,,,,
107690296,  Bitki Koruma,2,TYT,20,1,,1,,1105835,280.31058,,
107600325,  Eczane Hizmetleri,2,TYT,30,1,,1,,553502,329.03459,,
107651201,  Ormancılık ve Orman Ürünleri,2,TYT,20,1,,1,,545535,329.96712,,
107651131,  Özel Güvenlik ve Koruma,2,TYT,45,2,,2,2,1124098,278.99415,,
107651016,  Tıbbi ve Aromatik Bitkiler,2,TYT,45,2,,2,,1470410,254.93651,*,MEDEK
,MARMARİS TURİZM MESLEK YÜKSEKOKULU,,,,,,,,,,,
107651219,  Aşçılık,2,TYT,45,2,,2,,685437,314.91156,,
107651343,  İkram Hizmetleri,2,TYT,45,2,,2,,1426569,257.92748,,
107651228,  Turist Rehberliği,2,TYT,55,2,,2,,648763,318.58159,,
107651237,  Turizm Animasyonu,2,TYT,45,2,,2,,1218811,272.26034,,
107651325,  Turizm ve Otel İşletmeciliği,2,TYT,35,1,,1,,782219,305.92032,,
,MİLAS MESLEK YÜKSEKOKULU,,,,,,,,,,,
107651158,  Aşçılık,2,TYT,45,2,,2,,827685,301.98924,,
107651264,  Geleneksel El Sanatları,2,TYT,35,1,,1,,1528675,250.96273,,
107690193,  Giyim Üretim Teknolojisi,2,TYT,20,1,,1,,1458973,255.70712,,
107650733,  İşletme Yönetimi,2,TYT,40,1,,1,,1088348,281.57762,,
107650627,  Kuyumculuk ve Takı Tasarımı,2,TYT,45,2,,2,,1386393,260.67258,,
107650636,  Mimari Restorasyon,2,TYT,45,2,,2,,1007374,287.61125,,
107650699,  Muhasebe ve Vergi Uygulamaları,2,TYT,27,1,,1,,1031168,285.81514,,
107650399,  Pazarlama,2,TYT,35,1,,1,,1232095,271.33219,,
107650424,  Turizm ve Otel İşletmeciliği,2,TYT,35,1,,1,,924776,294.03691,,
,MUĞLA MESLEK YÜKSEKOKULU,,,,,,,,,,,
107651291,  Alternatif Enerji Kaynakları Teknolojisi,2,TYT,35,1,,1,,877549,297.82605,,
107650018,  Aşçılık,2,TYT,55,2,,2,,603874,323.34233,,
107690221,  Basım ve Yayım Teknolojileri,2,TYT,35,1,,1,,1243807,270.51910,,
107650909,  Bilgisayar Programcılığı,2,TYT,65,2,,2,,476172,338.72104,,
107650045,  Çocuk Gelişimi,2,TYT,27,1,,1,,648541,318.60400,,
107650054,  Dış Ticaret,2,TYT,45,2,,2,,805602,303.87765,,
107650063,  Elektrik,2,TYT,50,2,,2,,670938,316.34489,,
107650796,  Elektronik Teknolojisi,2,TYT,35,1,,1,,734246,310.26848,,
107600332,  Elektronik Teknolojisi (KKTC Uyruklu),2,TYT,1,,,,5,...,----,,
107690150,  İç Mekan Tasarımı,2,TYT,45,2,,2,,778999,306.21400,,
107651397,  Kimya Teknolojisi,2,TYT,25,1,,1,,700679,313.43028,*,MEDEK
107651361,  Kozmetik Teknolojisi,2,TYT,35,1,,1,,1229351,271.52418,,
107650654,  Muhasebe ve Vergi Uygulamaları,2,TYT,27,1,,1,,813600,303.19557,,
107650115,  Pazarlama,2,TYT,35,1,,1,,979980,289.70343,,
107650954,  Radyo ve Televizyon Teknolojisi,2,TYT,28,1,,1,,977938,289.86201,,
107690151,  Sosyal Hizmetler,2,TYT,35,1,,1,,777325,306.36341,,
107650142,  Turizm ve Otel İşletmeciliği,2,TYT,35,1,,1,,753053,308.55417,*,MEDEK
107650812,  Turizm ve Seyahat Hizmetleri,2,TYT,30,1,,1,,930130,293.60836,,
,MUĞLA SAĞLIK HİZMETLERİ MESLEK YÜKSEKOKULU (Marmaris),,,,,,,,,,,
107651307,  Optisyenlik,2,TYT,45,2,,2,,531827,331.60829,,
107650196,  Tıbbi Dokümantasyon ve Sekreterlik,2,TYT,30,1,,1,,460478,340.84021,,
107650884,  Tıbbi Laboratuvar Teknikleri,2,TYT,34,1,,1,,445631,342.89402,,
107690284,  Tıbbi Laboratuvar Teknikleri (KKTC Uyruklu),2,TYT,1,,,,5,...,----,,
107650893,  Tıbbi Tanıtım ve Pazarlama,2,TYT,36,1,,1,,964852,290.86250,,
107690198,  Yaşlı Bakımı,2,TYT,45,2,,2,,827383,302.01490,,
,ORTACA MESLEK YÜKSEKOKULU,,,,,,,,,,,
107651167,  Aşçılık,2,TYT,25,1,,1,,736169,310.09101,,
107651176,  Turist Rehberliği,2,TYT,55,2,,2,"22, 24, 34, 53",770355,306.98978,,
107690298,  Turist Rehberliği (Uzaktan Öğretim),2,TYT,75,2,,2,7,398217,349.93526,,
107650487,  Turizm ve Otel İşletmeciliği,2,TYT,35,1,,1,,981168,289.61516,,
107650839,  Turizm ve Seyahat Hizmetleri,2,TYT,30,1,,1,,1142014,277.70600,,
,ULA ALİ KOÇMAN MESLEK YÜKSEKOKULU,,,,,,,,,,,
107650512,  Arıcılık,2,TYT,30,1,,1,,1557038,249.02167,,
107651034,  Bankacılık ve Sigortacılık,2,TYT,30,1,,1,,880415,297.59758,,
107690220,  Doğalgaz ve Tesisatı Teknolojisi,2,TYT,35,1,,1,,1413765,258.80698,,
107650521,  Elektrik,2,TYT,55,2,,2,,1000278,288.14380,,
107651334,  Gıda Kalite Kontrolü ve Analizi,2,TYT,30,1,,1,,1223473,271.93321,,
107651185,  Halkla İlişkiler ve Tanıtım,2,TYT,53,2,,2,,1256516,269.63092,,
107650778,  İklimlendirme ve Soğutma Teknolojisi,2,TYT,30,1,,1,,1187820,274.42583,,
107690196,  İnşaat Teknolojisi,2,TYT,45,2,,2,,975314,290.06445,,
,YATAĞAN MESLEK YÜKSEKOKULU,,,,,,,,,,,
107690182,  Büro Yönetimi ve Yönetici Asistanlığı,2,TYT,40,1,,1,,1041949,285.01672,,
107650645,  Doğal Yapı Taşları Teknolojisi,2,TYT,35,1,,1,,1544504,249.87409,,
107650575,  Elektrik,2,TYT,35,1,,1,,1107661,280.17948,,
107690184,  Harita ve Kadastro,2,TYT,25,1,,1,,976001,290.01368,,
107650927,  İnşaat Teknolojisi,2,TYT,40,1,,1,,1026625,286.15343,,
107690361,  Mahkeme Büro Hizmetleri,2,TYT,35,1,,1,,745155,309.26432,,
107690194,  Tapu ve Kadastro,2,TYT,30,1,,1,,929545,293.65553,,
,MUNZUR ÜNİVERSİTESİ (TUNCELİ) (Devlet Üniversitesi),,,,,,,,,,,YÖKAK
,ÇEMİŞGEZEK MESLEK YÜKSEKOKULU,,,,,,,,,,,
109550331,  Bankacılık ve Sigortacılık,2,TYT,25,1,,1,54,1605707,245.71477,,
109550358,  Çocuk Gelişimi,2,TYT,18,1,,1,54,1243037,270.57422,,
109590029,  İnşaat Teknolojisi,2,TYT,25,1,,1,54,1734632,236.92193,,
109590013,  Özel Güvenlik ve Koruma,2,TYT,25,1,,1,2,1497128,253.12446,,
109590030,  Sağlık Bilgi Sistemleri Teknikerliği,2,TYT,25,1,,1,54,1335126,264.18387,,
,PERTEK SAKİNE GENÇ MESLEK YÜKSEKOKULU,,,,,,,,,,,
109550279,  Bankacılık ve Sigortacılık,2,TYT,30,1,,1,54,1645737,242.99122,,
109550304,  Harita ve Kadastro,2,TYT,30,1,,1,54,1637237,243.57075,,
109550473,  Laborant ve Veteriner Sağlık,2,TYT,35,1,,1,54,1306135,266.18878,,
109590031,  Optisyenlik,2,TYT,35,1,,1,54,1090126,281.44902,,
109590042,  Su Altı Teknolojisi,2,TYT,25,1,,1,"54, 57",1742204,236.41185,,
109590018,  Tıbbi Dokümantasyon ve Sekreterlik,2,TYT,30,1,,1,54,718879,311.70607,,
109550288,  Turizm ve Otel İşletmeciliği,2,TYT,30,1,,1,54,1621054,244.67319,,
,TUNCELİ MESLEK YÜKSEKOKULU,,,,,,,,,,,
109590043,  Aşçılık,2,TYT,35,1,,1,,1276533,268.24688,,
109550058,  Bilgisayar Programcılığı,2,TYT,40,1,,1,,1273447,268.45635,,
109550225,  Büro Yönetimi ve Yönetici Asistanlığı (Hozat),2,TYT,25,1,,1,54,1477556,254.45366,,
109550049,  Çocuk Gelişimi,2,TYT,27,1,,1,,1019245,286.71635,,
109550252,  Çocuk Gelişimi (Ovacık),2,TYT,27,1,,1,54,1304505,266.30948,,
109590055,  Evde Hasta Bakımı,2,TYT,35,1,,1,,735682,310.13493,,
109550085,  Gıda Teknolojisi,2,TYT,30,1,,1,,1678459,240.75711,,
109550322,  Harita ve Kadastro,2,TYT,25,1,,1,,1342985,263.64503,,
109590062,  İlk ve Acil Yardım,2,TYT,23,1,,1,,429577,345.21508,,
109550031,  İnşaat Teknolojisi,2,TYT,40,1,,1,,1536682,250.40782,,
109550261,  İşletme Yönetimi,2,TYT,30,1,,1,,1606325,245.67297,,
109550455,  Laboratuvar Teknolojisi,2,TYT,35,1,,1,,975951,290.01737,,
109590019,  Makine,2,TYT,35,1,,1,,1538118,250.30753,,
109550101,  Moda Tasarımı,2,TYT,25,1,,1,,1651250,242.61492,,
109550067,  Muhasebe ve Vergi Uygulamaları,2,TYT,27,1,,1,,1454718,255.99251,,
109550146,  Organik Tarım,2,TYT,25,1,,1,,1761192,235.10364,,
109550234,  Saç Bakımı ve Güzellik Hizmetleri,2,TYT,35,1,,1,,1124459,278.96869,,
109590032,  Sosyal Hizmetler (Hozat),2,TYT,35,1,,1,54,1500549,252.89322,,
109550446,  Tıbbi Dokümantasyon ve Sekreterlik,2,TYT,30,1,,1,,592457,324.58348,,
109590069,  Yenilenebilir Enerji Teknikerliği,2,TYT,35,1,,1,,1297729,266.76869,,
,MUŞ ALPARSLAN ÜNİVERSİTESİ (Devlet Üniversitesi),,,,,,,,,,,YÖKAK
,BULANIK MESLEK YÜKSEKOKULU,,,,,,,,,,,
107890030,  Acil Durum ve Afet Yönetimi,2,TYT,43,2,,2,,1031549,285.78701,,
107890024,  Çocuk Gelişimi,2,TYT,27,1,,1,,1237478,270.95634,,
107890031,  Laborant ve Veteriner Sağlık,2,TYT,35,1,,1,,1335723,264.14138,,
107890025,  Sosyal Hizmetler,2,TYT,35,1,,1,,1433766,257.43557,,
,MALAZGİRT MESLEK YÜKSEKOKULU,,,,,,,,,,,
107850352,  Bankacılık ve Sigortacılık,2,TYT,30,1,,1,,1577740,247.61471,,
107850361,  Çocuk Gelişimi,2,TYT,27,1,,1,,1251129,270.00771,,
107890057,  Evde Hasta Bakımı,2,TYT,65,2,,2,,807696,303.70066,,
107890045,  Yaşlı Bakımı,2,TYT,65,2,,2,,990807,288.86845,,
,SAĞLIK HİZMETLERİ MESLEK YÜKSEKOKULU,,,,,,,,,,,
107890083,  Ağız ve Diş Sağlığı,2,TYT,27,1,,1,,451471,342.09263,,
107850397,  Ameliyathane Hizmetleri,2,TYT,36,1,,1,,567891,327.34612,,
107850194,  Çocuk Gelişimi,2,TYT,27,1,,1,,887104,297.05088,,
107890040,  Engelli Bakımı ve Rehabilitasyon,2,TYT,40,1,,1,,1070427,282.88992,,
107890041,  Fizyoterapi,2,TYT,32,1,,1,,637252,319.79070,,
107890032,  İlk ve Acil Yardım,2,TYT,32,1,,1,,414146,347.51313,,
107890058,  Patoloji Laboratuvar Teknikleri,2,TYT,27,1,,1,,665348,316.89978,,
107890046,  Tıbbi Dokümantasyon ve Sekreterlik,2,TYT,30,1,,1,,536094,331.09198,,
107890026,  Tıbbi Laboratuvar Teknikleri,2,TYT,34,1,,1,,554525,328.90730,,MEDEK
107850325,  Yaşlı Bakımı,2,TYT,45,2,,2,,865765,298.80236,,
,SOSYAL BİLİMLER MESLEK YÜKSEKOKULU,,,,,,,,,,,
107890059,  Aşçılık,2,TYT,35,1,,1,,1225612,271.78413,,
107850097,  Bankacılık ve Sigortacılık,2,TYT,30,1,,1,,1327265,264.71660,,
107850176,  Büro Yönetimi ve Yönetici Asistanlığı,2,TYT,25,1,,1,,1086928,281.68497,,
107890033,  Fotoğrafçılık ve Kameramanlık,2,TYT,35,1,,1,,1685094,240.31050,,
107850201,  Halkla İlişkiler ve Tanıtım,2,TYT,21,1,,1,,1504049,252.65158,,
107850104,  Muhasebe ve Vergi Uygulamaları,2,TYT,27,1,,1,,1437802,257.15249,,
107850264,  Sağlık Kurumları İşletmeciliği,2,TYT,28,1,,1,,1189870,274.27673,,
107890034,  Sivil Havacılık Kabin Hizmetleri,2,TYT,55,2,,2,10,986295,289.22239,,
107850404,  Turizm ve Otel İşletmeciliği,2,TYT,30,1,,1,,1558227,248.94177,,
,TEKNİK BİLİMLER MESLEK YÜKSEKOKULU,,,,,,,,,,,
107850307,  Bilgisayar Programcılığı,2,TYT,35,1,,1,,1172609,275.51445,,
107890060,  Biyomedikal Cihaz Teknolojisi,2,TYT,35,1,,1,,1198116,273.69932,,
107850246,  Elektrik,2,TYT,35,1,,1,,1293224,267.07598,,
107850255,  Elektronik Teknolojisi,2,TYT,25,1,,1,,1374419,261.48843,,
107890042,  Gıda Kalite Kontrolü ve Analizi,2,TYT,15,1,,1,,1668180,241.45968,,
107850034,  Gıda Teknolojisi,2,TYT,25,1,,1,,1668025,241.46968,,
107890047,  Grafik Tasarımı,2,TYT,25,1,,1,,1453533,256.07221,,
107890061,  İnsansız Hava Aracı Teknolojisi ve Operatörlüğü,2,TYT,35,1,,1,,786134,305.57942,,
107850122,  İnşaat Teknolojisi,2,TYT,35,1,,1,,1523001,251.34480,,
107890043,  Mekatronik,2,TYT,35,1,,1,,1356928,262.68139,,
107850413,  Mimari Dekoratif Sanatlar,2,TYT,25,1,,1,,1638297,243.49901,,
107850343,  Raylı Sistemler İşletmeciliği,2,TYT,30,1,,1,6,1004756,287.80622,,
107890035,  Raylı Sistemler Yol Teknolojisi,2,TYT,35,1,,1,6,1265732,268.98761,,
107850316,  Ulaştırma ve Trafik Hizmetleri,2,TYT,25,1,,1,,1691952,239.84084,,
,VARTO MESLEK YÜKSEKOKULU,,,,,,,,,,,
107890048,  Eczane Hizmetleri,2,TYT,30,1,,1,,794380,304.86526,,
107890062,  İlk ve Acil Yardım,2,TYT,32,1,,1,,516524,333.48006,,MEDEK
107890027,  Optisyenlik,2,TYT,40,1,,1,,1110532,279.97619,,
107890036,  Özel Güvenlik ve Koruma,2,TYT,55,2,,2,2,1487688,253.76649,,
,NECMETTİN ERBAKAN ÜNİVERSİTESİ (KONYA) (Devlet Üniversitesi),,,,,,,,,,,YÖKAK
,EREĞLİ SAĞLIK HİZMETLERİ MESLEK YÜKSEKOKULU,,,,,,,,,,,
107090389,  Tıbbi Görüntüleme Teknikleri,2,TYT,30,1,,1,,388695,351.43648,,
107090396,  Tıbbi Laboratuvar Teknikleri,2,TYT,26,1,,1,,475318,338.83416,,
107000367,  Tıbbi Veri İşleme Teknikerliği,2,TYT,30,1,,1,,...,----,,
,KONYA EREĞLİ KEMAL AKMAN MESLEK YÜKSEKOKULU,,,,,,,,,,,
107090375,  Atçılık ve Antrenörlüğü,2,TYT,30,1,,1,,1543234,249.96039,,
107090218,  Bankacılık ve Sigortacılık,2,TYT,30,1,,1,,1164774,276.08501,,
107050015,  Bilgisayar Programcılığı,2,TYT,45,2,,2,,1038874,285.24297,,
107090403,  Ceza İnfaz ve Güvenlik Hizmetleri,2,TYT,45,2,,2,17,739970,309.73975,,
107050024,  Elektrik,2,TYT,45,2,,2,,1195003,273.91787,,
107050033,  Elektronik Haberleşme Teknolojisi,2,TYT,25,1,,1,,1442275,256.84775,,
107050051,  İnşaat Teknolojisi,2,TYT,40,1,,1,,1460966,255.57725,,
107050069,  İşletme Yönetimi,2,TYT,35,1,,1,,1490249,253.59020,,
107090410,  Mahkeme Büro Hizmetleri,2,TYT,35,1,,1,,765773,307.39577,,
107050078,  Makine,2,TYT,45,2,,2,,1346770,263.38200,,
107050096,  Muhasebe ve Vergi Uygulamaları,2,TYT,27,1,,1,,1237745,270.93773,,
,KONYA ORGANİZE SANAYİ BÖLGESİ MESLEK YÜKSEKOKULU,,,,,,,,,,,
107090466,  Büyük Veri Analistliği,2,TYT,29,1,,1,320,741236,309.61764,,
107090473,  Cnc Programlama ve Operatörlüğü,2,TYT,25,1,,1,321,511104,334.16312,,
107090480,  Döküm,2,TYT,25,1,,1,321,1588950,246.86092,,
107000374,  Endüstriyel Kalıpçılık,2,TYT,30,1,,1,,...,----,,
107090487,  Hidrolik ve Pnömatik Teknikerliği,2,TYT,29,1,,1,,1138763,277.94182,,
107090494,  Kaynak Teknolojisi,2,TYT,25,1,,1,321,1181213,274.89733,,
107090501,  Kontrol ve Otomasyon Teknolojisi,2,TYT,25,1,,1,321,668631,316.56886,,
107090508,  Yapay Zeka Operatörlüğü,2,TYT,29,1,,1,320,543017,330.26649,,
,MERAM MESLEK YÜKSEKOKULU,,,,,,,,,,,
107090279,  Aşçılık,2,TYT,45,2,,2,,602233,323.52463,,
107090205,  Grafik Tasarımı,2,TYT,45,2,,2,,645036,318.97907,,
107090319,  Özel Güvenlik ve Koruma,2,TYT,35,1,,1,2,914548,294.83436,,
107050272,  Sivil Savunma ve İtfaiyecilik,2,TYT,45,2,,,9,571744,326.90492,,
107090076,  Tıbbi ve Aromatik Bitkiler,2,TYT,35,1,,1,,983912,289.40380,,
107050281,  Un ve Unlu Mamuller Teknolojisi,2,TYT,45,2,,2,,1456381,255.88209,,
,SAĞLIK HİZMETLERİ MESLEK YÜKSEKOKULU,,,,,,,,,,,
107050263,  Ağız ve Diş Sağlığı,2,TYT,54,2,,2,,388472,351.47577,,
107090080,  İlk ve Acil Yardım,2,TYT,32,1,,1,,311042,365.04140,,
,SEYDİŞEHİR MESLEK YÜKSEKOKULU,,,,,,,,,,,
107050112,  Bilgisayar Programcılığı,2,TYT,65,2,,2,,1087365,281.64961,,
107050121,  Elektrik,2,TYT,55,2,,2,,1312700,265.73357,,
107050139,  Grafik Tasarımı,2,TYT,50,2,,2,,1273193,268.47304,,
107050148,  İşletme Yönetimi,2,TYT,35,1,,1,,1523963,251.27902,,
107050157,  Makine,2,TYT,45,2,,2,,1316995,265.42999,,
107050166,  Mekatronik,2,TYT,55,2,,2,,1371239,261.70773,,
107090515,  Yenilenebilir Enerji Teknikerliği,2,TYT,35,1,,1,,1108061,280.15024,,
,SEYDİŞEHİR SAĞLIK HİZMETLERİ MESLEK YÜKSEKOKULU,,,,,,,,,,,
107090522,  Dijital Sağlık Sistemleri Teknikerliği,2,TYT,25,1,,1,,581422,325.81139,,
107090281,  Fizyoterapi,2,TYT,41,2,,2,,586956,325.19770,,
107090529,  Tele-Sağlık Teknikerliği,2,TYT,30,1,,1,,471209,339.37719,,
,NEVŞEHİR HACI BEKTAŞ VELİ ÜNİVERSİTESİ (Devlet Üniversitesi),,,,,,,,,,,YÖKAK
,ACIGÖL TEKNİK BİLİMLER MESLEK YÜKSEKOKULU,,,,,,,,,,,
108090083,  Laboratuvar Teknolojisi,2,TYT,35,1,,1,,859168,299.34163,,
,AVANOS GÜZEL SANATLAR MESLEK YÜKSEKOKULU,,,,,,,,,,,
108090098,  Mimari Dekoratif Sanatlar,2,TYT,45,2,,2,,1480853,254.22462,,
108090099,  Mimari Restorasyon,2,TYT,45,2,,2,,1306837,266.14408,,
108090100,  Organik Tarım,2,TYT,35,1,,1,,1650766,242.64858,,
108090101,  Tıbbi ve Aromatik Bitkiler,2,TYT,30,1,,1,,1670520,241.29575,,
,DERİNKUYU EMİNEANA VE YAŞAR ERTAŞ TARIM VE HAYVANCILIK MESLEK YÜKSEKOKULU,,,,,,,,,,,
108090102,  Laborant ve Veteriner Sağlık,2,TYT,35,1,,1,,1037658,285.33157,,
,GÜLŞEHİR SOSYAL BİLİMLER MESLEK YÜKSEKOKULU,,,,,,,,,,,
108090103,  Bankacılık ve Sigortacılık,2,TYT,30,1,,1,,1118911,279.37021,,
108090105,  Çağrı Merkezi Hizmetleri,2,TYT,70,2,,2,,1262899,269.18160,,
108090106,  Dış Ticaret,2,TYT,50,2,,2,,1384449,260.80724,,
108090107,  İnsan Kaynakları Yönetimi,2,TYT,27,1,,1,,1389217,260.47751,,
108090108,  Lojistik,2,TYT,50,2,,2,,1448877,256.39368,,
108090109,  Özel Güvenlik ve Koruma,2,TYT,65,2,,2,2,1333691,264.28426,,
,HACIBEKTAŞ TEKNİK BİLİMLER MESLEK YÜKSEKOKULU,,,,,,,,,,,
108050154,  Bilgisayar Programcılığı,2,TYT,55,2,,2,,948599,292.13236,,
108050418,"  Elektrik Enerjisi Üretim, İletim ve Dağıtımı",2,TYT,50,2,,2,,1304237,266.32762,,
108050199,  Grafik Tasarımı,2,TYT,65,2,,2,,1289000,267.37066,,
108090168,  İmalat Yürütme Sistemleri Operatörlüğü,2,TYT,45,2,,2,320,1865108,227.88019,,
108090126,  İnsansız Hava Aracı Teknolojisi ve Operatörlüğü,2,TYT,45,2,,2,,514442,333.74118,,
,KOZAKLI MESLEK YÜKSEKOKULU,,,,,,,,,,,
108090175,  Dijital Sağlık Sistemleri Teknikerliği,2,TYT,35,1,,1,,617517,321.88071,,
108050542,  Fizyoterapi,2,TYT,41,2,,2,,618877,321.73415,,
108050551,  İş ve Uğraşı Terapisi,2,TYT,75,2,,2,,999195,288.22776,,
108090076,  Sağlık Turizmi İşletmeciliği,2,TYT,27,1,,1,,1332242,264.38238,,
,MESLEK YÜKSEKOKULU,,,,,,,,,,,
108050472,  Alternatif Enerji Kaynakları Teknolojisi,2,TYT,50,2,,2,,1383390,260.87982,,
108050145,  Bilgisayar Programcılığı,2,TYT,65,2,,2,,797780,304.56476,,MEDEK
108050481,  Biyomedikal Cihaz Teknolojisi,2,TYT,35,1,,1,,909634,295.23634,,
108050339,  Büro Yönetimi ve Yönetici Asistanlığı,2,TYT,40,1,,1,,903681,295.71442,,
108050348,  Grafik Tasarımı,2,TYT,65,2,,2,,1060308,283.64587,,
108090075,  Halkla İlişkiler ve Tanıtım,2,TYT,45,2,,2,,1275212,268.33253,,
108090085,  Kontrol ve Otomasyon Teknolojisi,2,TYT,35,1,,1,,1096618,280.98166,,
108050118,  Muhasebe ve Vergi Uygulamaları,2,TYT,27,1,,1,,1022458,286.47277,,
,SAĞLIK HİZMETLERİ MESLEK YÜKSEKOKULU,,,,,,,,,,,
108050515,  Çocuk Gelişimi,2,TYT,32,1,,1,,742501,309.50431,,
108000157,  Tele-Sağlık Teknikerliği,2,TYT,28,1,,1,,923559,294.13026,,
108050375,  Tıbbi Dokümantasyon ve Sekreterlik,2,TYT,30,1,,1,,495410,336.17872,,
108050506,  Tıbbi Dokümantasyon ve Sekreterlik (Uzaktan Öğretim),2,TYT,100,3,,3,7,760682,307.85595,,
108050463,  Tıbbi Tanıtım ve Pazarlama,2,TYT,36,1,,1,,1208572,272.97287,,
108050357,  Yaşlı Bakımı,2,TYT,60,2,,2,,856813,299.54262,,MEDEK
,ÜRGÜP SEBAHAT VE EROL TOKSÖZ TURİZM MESLEK YÜKSEKOKULU,,,,,,,,,,,
108090112,  Aşçılık,2,TYT,70,2,,2,,870509,298.40498,,
108090114,  Kültürel Miras ve Turizm,2,TYT,20,1,,1,,1436791,257.22293,,
108090115,  Turist Rehberliği,2,TYT,85,3,,3,,781586,305.97823,,
108090117,  Turizm ve Otel İşletmeciliği,2,TYT,30,1,,1,,1037073,285.37732,,
108090118,  Turizm ve Seyahat Hizmetleri,2,TYT,30,1,,1,,1236542,271.02466,,
,NİĞDE ÖMER HALİSDEMİR ÜNİVERSİTESİ (Devlet Üniversitesi),,,,,,,,,,,YÖKAK
,BOR HALİL-ZÖHRE ATAMAN MESLEK YÜKSEKOKULU,,,,,,,,,,,
108100129,  Çevre Sağlığı ve Çevresel Risk Yönetimi Teknikerliği,2,TYT,20,1,,1,,...,----,,
108190422,  Çevresel Ölçüm ve İzleme Sistemleri Teknikerliği,2,TYT,30,1,,1,,1762774,234.99304,,
108190184,  Deri Teknolojisi,2,TYT,20,1,,1,,1749981,235.88171,,
108190191,  Geleneksel El Sanatları,2,TYT,20,1,,1,,1761764,235.06433,,
108150762,  Giyim Üretim Teknolojisi,2,TYT,15,1,,1,,1710059,238.60699,,
108190132,  Grafik Tasarımı,2,TYT,45,2,,2,,1337884,263.99575,,
108150789,  Moda Tasarımı,2,TYT,30,1,,1,,1581489,247.36230,,
108190429,  Su ve Atık Yönetimi Teknikerliği,2,TYT,30,1,,1,,1877544,226.99419,,
,BOR MESLEK YÜKSEKOKULU,,,,,,,,,,,
108190436,  Akıllı Sera Teknolojileri,2,TYT,30,1,,1,,1774358,234.19521,,
108190254,  Alternatif Enerji Kaynakları Teknolojisi,2,TYT,45,2,,2,,1539483,250.21347,,
108150505,  Bilgisayar Programcılığı,2,TYT,55,2,,2,,995449,288.51329,,
108150383,  Elektrik,2,TYT,45,2,,2,,1115982,279.57904,,
108150717,  Elektronik Teknolojisi,2,TYT,45,2,,2,,1382941,260.91110,,
108150938,  Gıda Kalite Kontrolü ve Analizi,2,TYT,23,1,,1,,1450101,256.30671,,
108150417,  Harita ve Kadastro,2,TYT,30,1,,1,,1145851,277.43335,,
108190443,  Hidrojen ve Enerji Depolama Teknikerliği,2,TYT,35,1,,1,,1670941,241.26558,,
108150805,  Laborant ve Veteriner Sağlık,2,TYT,35,1,,1,,1013096,287.17445,,
108150444,  Makine,2,TYT,35,1,,1,,1195883,273.85962,,
108190198,  Mobilya ve Dekorasyon,2,TYT,25,1,,1,,1671724,241.21003,,
108190125,  Raylı Sistemler Elektrik ve Elektronik,2,TYT,45,2,,2,6,849042,300.19043,,
108150992,  Raylı Sistemler Makine Teknolojisi,2,TYT,45,2,,2,6,1040249,285.14342,,
108150629,  Süt ve Ürünleri Teknolojisi,2,TYT,25,1,,1,,1734836,236.90837,,
108190133,  Tapu ve Kadastro,2,TYT,25,1,,1,,885828,297.16125,,
108100136,  Tarım Makineleri,2,TYT,20,1,,1,,...,----,,
,NİĞDE SOSYAL BİLİMLER MESLEK YÜKSEKOKULU,,,,,,,,,,,
108190123,  Aşçılık,2,TYT,45,2,,2,,955770,291.57632,*,TUADER
108150577,  Bankacılık ve Sigortacılık,2,TYT,30,1,,1,,1002362,287.98894,,
108150771,  Büro Yönetimi ve Yönetici Asistanlığı,2,TYT,35,1,,1,,979767,289.71989,,
108150708,  İşletme Yönetimi,2,TYT,35,1,,1,,1268274,268.81020,,
108190261,  Mahkeme Büro Hizmetleri,2,TYT,35,1,,1,,736501,310.06152,,
108150647,  Muhasebe ve Vergi Uygulamaları,2,TYT,27,1,,1,,1045242,284.77465,,
108151036,  Özel Güvenlik ve Koruma,2,TYT,45,2,,2,2,1106602,280.25632,,
108151045,  Pazarlama,2,TYT,25,1,,1,,1420258,258.35888,,
108151054,  Sivil Hava Ulaştırma İşletmeciliği,2,TYT,35,1,,1,10,776966,306.39609,,
108151018,  Sosyal Güvenlik,2,TYT,63,2,,2,,1104674,280.39842,,
108150277,  Turizm ve Otel İşletmeciliği,2,TYT,25,1,,1,,1192240,274.10816,,
,NİĞDE TEKNİK BİLİMLER MESLEK YÜKSEKOKULU,,,,,,,,,,,
108151072,  Doğalgaz ve Tesisatı Teknolojisi,2,TYT,35,1,,1,,1606981,245.62840,,
108190450,  İnsansız Araç Teknikerliği,2,TYT,35,1,,1,320,717126,311.87317,,
108150744,  İnşaat Teknolojisi,2,TYT,35,1,,1,,1299342,266.65864,,
108150956,  Mekatronik,2,TYT,35,1,,1,,1135233,278.18976,,
108150665,  Otomotiv Teknolojisi,2,TYT,35,1,,1,,1132548,278.38400,,
108150753,  Radyo ve Televizyon Teknolojisi,2,TYT,23,1,,1,,1502453,252.76326,,
108190457,  Robotik ve Yapay Zeka,2,TYT,35,1,,1,320,717622,311.82296,,
108150798,  Yapı Denetimi,2,TYT,30,1,,1,,1489983,253.60965,,
108190464,  Yeşil ve Ekolojik Bina Teknikerliği,2,TYT,35,1,,1,,1685246,240.29924,,
,NİĞDE ZÜBEYDE HANIM SAĞLIK HİZMETLERİ MESLEK YÜKSEKOKULU,,,,,,,,,,,
108150823,  Çocuk Gelişimi,2,TYT,32,1,,1,,805816,303.86113,,
108190130,  Fizyoterapi,2,TYT,50,2,,2,,570586,327.03698,,
108151081,  İlk ve Acil Yardım,2,TYT,36,1,,1,,332307,361.08144,,
108190247,  İş ve Uğraşı Terapisi,2,TYT,35,1,,1,,810949,303.42368,,
108190124,  Optisyenlik,2,TYT,35,1,,1,,686556,314.80255,,
108150302,  Tıbbi Dokümantasyon ve Sekreterlik,2,TYT,30,1,,1,,488430,337.08755,,
108190415,  Tıbbi Veri İşleme Teknikerliği,2,TYT,35,1,,1,,503555,335.12507,,
108151009,  Yaşlı Bakımı,2,TYT,45,2,,2,,885475,297.18872,,
,ULUKIŞLA MESLEK YÜKSEKOKULU,,,,,,,,,,,
108151027,  Avcılık ve Yaban Hayatı,2,TYT,35,1,,1,,1084871,281.83325,,
108150656,  Muhasebe ve Vergi Uygulamaları,2,TYT,27,1,,1,,1527329,251.05164,,
108190135,  Raylı Sistemler İşletmeciliği,2,TYT,30,1,,1,6,1089624,281.48631,,
,ONDOKUZ MAYIS ÜNİVERSİTESİ (SAMSUN) (Devlet Üniversitesi),,,,,,,,,,,YÖKAK
,ALAÇAM MESLEK YÜKSEKOKULU,,,,,,,,,,,
108251344,  Çağrı Merkezi Hizmetleri,2,TYT,55,2,,,,1389942,260.42820,,
108251168,  Deniz ve Liman İşletmeciliği,2,TYT,30,1,,,,835902,301.29553,,
108250991,  Lojistik,2,TYT,65,2,,,,1388239,260.54210,,
108251008,  Posta Hizmetleri,2,TYT,60,2,,,,1644564,243.07319,,
,BAFRA MESLEK YÜKSEKOKULU,,,,,,,,,,,
108250452,  Bilgisayar Programcılığı,2,TYT,60,2,,,,716590,311.92245,,
108251317,  Bitki Koruma,2,TYT,20,1,,,,1332903,264.33922,,
108290233,  Muhasebe ve Vergi Uygulamaları,2,TYT,27,1,,,,1177674,275.15411,,
108250894,  Organik Tarım,2,TYT,45,2,,,,1651932,242.56972,,
108290279,  Özel Güvenlik ve Koruma,2,TYT,45,2,,,2,1077278,282.39088,,
108250901,  Tıbbi ve Aromatik Bitkiler,2,TYT,35,1,,,,1601000,246.03682,,
,BAFRA TURİZM MESLEK YÜKSEKOKULU,,,,,,,,,,,
108290161,  Turizm ve Seyahat Hizmetleri,2,TYT,30,1,,,,1261064,269.31213,,
,BİLİŞİM TEKNOLOJİLERİ MESLEK YÜKSEKOKULU,,,,,,,,,,,
108290467,  Arka-Yüz Yazılım Geliştirme,2,TYT,35,1,,,320,543523,330.21009,,
108290474,  İnsansız Araç Teknikerliği,2,TYT,35,1,,,320,466228,340.05104,,
108290481,  Oyun Geliştirme ve Programlama,2,TYT,35,1,,,320,579391,326.04384,,
108290488,  Ön-Yüz Yazılım Geliştirme,2,TYT,35,1,,,320,593394,324.48596,,
,ÇARŞAMBA TİCARET BORSASI MESLEK YÜKSEKOKULU,,,,,,,,,,,
108250982,  Bankacılık ve Sigortacılık,2,TYT,30,1,,,,861837,299.11975,*,MEDEK
108250716,  Bilgisayar Programcılığı,2,TYT,85,3,,,,794055,304.89366,,
108290275,  Bilişim Güvenliği Teknolojisi,2,TYT,55,2,,,,841674,300.80713,*,MEDEK
108251186,  Çağrı Merkezi Hizmetleri,2,TYT,65,2,,,,1318923,265.29686,,
108250743,  Muhasebe ve Vergi Uygulamaları,2,TYT,27,1,,,,1128505,278.67960,,
108251265,  Sosyal Güvenlik,2,TYT,54,2,,,,1109241,280.07002,,
,HAVELSAN SİBER GÜVENLİK MESLEK YÜKSEKOKULU,,,,,,,,,,,
108200381,  Mobil Güvenlik Teknolojileri,2,TYT,30,1,,,320,...,----,,
,HAVZA MESLEK YÜKSEKOKULU,,,,,,,,,,,
108250937,  Büro Yönetimi ve Yönetici Asistanlığı,2,TYT,40,1,,,,953662,291.73784,,
108290277,  Emlak Yönetimi,2,TYT,40,1,,,,1528292,250.98701,,
108250928,  Fizyoterapi,2,TYT,50,2,,,,562218,328.00964,,
108250788,  İşletme Yönetimi,2,TYT,35,1,,,,1247582,270.25753,,
108290439,  Sivil Savunma ve İtfaiyecilik,2,TYT,45,2,,,9,692132,314.24354,,
108250497,  Turizm ve Otel İşletmeciliği,2,TYT,30,1,,,,1227040,271.68641,,
,LADİK MESLEK YÜKSEKOKULU,,,,,,,,,,,
108290397,  Arıcılık,2,TYT,35,1,,,,1819489,231.07752,,
108290453,  Halıcılık ve Kilimcilik,2,TYT,35,1,,,,1899873,225.38453,,
108290495,  Kenevir Dokumacılığı,2,TYT,35,1,,,,1808472,231.83333,,
108290411,  Kümes Hayvanları Yetiştiriciliği,2,TYT,35,1,,,,1891278,226.00785,,
108290460,  Süt ve Besi Hayvancılığı,2,TYT,35,1,,,,1807511,231.89872,,
108290418,  Tıbbi ve Aromatik Bitkiler,2,TYT,35,1,,,,1781394,233.71449,,
,SAĞLIK HİZMETLERİ MESLEK YÜKSEKOKULU,,,,,,,,,,,
108251141,  Ağız ve Diş Sağlığı,2,TYT,45,2,,,,335396,360.51733,,
108250364,  Anestezi,2,TYT,35,1,,,,261559,375.22813,,
108290565,  Anestezi (KKTC Uyruklu),2,TYT,1,,,,5,,,,
108290286,  Diş Protez Teknolojisi,2,TYT,35,1,,,,350603,357.80924,,
108251026,  Diyaliz,2,TYT,63,2,,,,492658,336.53456,,
108290432,  Eczane Hizmetleri,2,TYT,26,1,,,,472740,339.17925,,
108250946,  İlk ve Acil Yardım,2,TYT,32,1,,,,268092,373.78968,,
108251353,  Odyometri,2,TYT,35,1,,,,478025,338.47684,,
108251211,  Optisyenlik,2,TYT,35,1,,,,478240,338.44871,,
108251035,  Patoloji Laboratuvar Teknikleri,2,TYT,45,2,,,,511717,334.08469,,
108250407,  Tıbbi Dokümantasyon ve Sekreterlik,2,TYT,30,1,,,,380120,352.82319,,
108290341,  Tıbbi Dokümantasyon ve Sekreterlik (KKTC Uyruklu),2,TYT,1,,,,5,,,,
108250858,  Tıbbi Görüntüleme Teknikleri,2,TYT,35,1,,,,278240,371.63317,,
108250831,  Tıbbi Laboratuvar Teknikleri,2,TYT,43,2,,,,360564,356.11180,,
108251044,  Yaşlı Bakımı,2,TYT,60,2,,,,681756,315.26686,,
,SAMSUN MESLEK YÜKSEKOKULU,,,,,,,,,,,
108290276,  Basım ve Yayım Teknolojileri,2,TYT,45,2,,,,1041274,285.06835,,
108250346,  Bilgisayar Programcılığı,2,TYT,80,2,,,,444413,343.06882,,
108251247,  Bilgisayar Programcılığı (Uzaktan Öğretim),2,TYT,100,3,,,"7, 8",1152496,276.95351,,
108251053,  Çocuk Gelişimi,2,TYT,32,1,,,,578949,326.09121,,
108251123,  Grafik Tasarımı,2,TYT,45,2,,,,635262,319.99454,,
108251256,  Halkla İlişkiler ve Tanıtım,2,TYT,37,1,,,,897175,296.23489,,
108251229,  Medya ve İletişim (Uzaktan Öğretim),2,TYT,100,3,,,7,1439506,257.03586,,
108250258,  Mimari Dekoratif Sanatlar,2,TYT,60,2,,,,900012,296.00631,,
108250734,  Muhasebe ve Vergi Uygulamaları,2,TYT,27,1,,,,697488,313.73531,,
108290274,  Peyzaj ve Süs Bitkileri Yetiştiriciliği,2,TYT,30,1,,,,1132700,278.37260,,
108250276,  Seracılık,2,TYT,45,2,,,,1311473,265.82186,,
108290502,  Seracılık (KKTC Uyruklu),2,TYT,1,,,,5,,,,
108250867,  Tarım Makineleri,2,TYT,20,1,,,,1276901,268.22078,,
108250301,  Turizm ve Otel İşletmeciliği,2,TYT,30,1,,,,744473,309.32536,,
,TERME MESLEK YÜKSEKOKULU,,,,,,,,,,,
108251441,  Dış Ticaret,2,TYT,45,2,,,,1255365,269.70895,,
108251326,  Gıda Kalite Kontrolü ve Analizi,2,TYT,30,1,,,,1391364,260.33355,,
108250522,  Gıda Teknolojisi,2,TYT,25,1,,,,1278196,268.13167,,
108290234,  Lojistik,2,TYT,45,2,,,,1153101,276.91039,,
108250752,  Muhasebe ve Vergi Uygulamaları,2,TYT,27,1,,,,1290598,267.26075,,
108250691,  Pazarlama,2,TYT,35,1,,,,1501174,252.84933,*,MEDEK
,VEZİRKÖPRÜ MESLEK YÜKSEKOKULU,,,,,,,,,,,
108250849,  Bilgisayar Programcılığı,2,TYT,55,2,,,,945401,292.38763,,
108250707,  Çocuk Gelişimi,2,TYT,27,1,,,,883832,297.32102,,
108290280,  İç Mekan Tasarımı,2,TYT,27,1,,,,1100808,280.68480,,
108251371,  İnternet ve Ağ Teknolojileri (Uzaktan Öğretim),2,TYT,60,2,,,"7, 8",1332325,264.37704,,
108250761,  Muhasebe ve Vergi Uygulamaları,2,TYT,27,1,,,,1319698,265.24274,,
108251202,  Ormancılık ve Orman Ürünleri,2,TYT,20,1,,,,651792,318.27221,,
,YEŞİLYURT DEMİR ÇELİK MESLEK YÜKSEKOKULU,,,,,,,,,,,
108251362,  Biyomedikal Cihaz Teknolojisi,2,TYT,35,1,,,321,718389,311.75044,,
108250973,  Elektrik,2,TYT,45,2,,,321,650479,318.40151,,
108250797,  Elektronik Teknolojisi,2,TYT,35,1,,,321,800169,304.35640,,
108251159,  Endüstriyel Kalıpçılık,2,TYT,45,2,,,321,1294645,266.98219,,
108251308,  Gıda Teknolojisi,2,TYT,25,1,,,321,1068155,283.06133,,
108290572,  Hibrid ve Elektrikli Taşıtlar Teknolojisi,2,TYT,35,1,,,321,669768,316.46027,,
108250955,  Kimya Teknolojisi,2,TYT,25,1,,,321,850194,300.09981,,
108290579,  Robotik ve Yapay Zeka,2,TYT,35,1,,,"320, 321",586211,325.28150,,
108290281,  Silah Sanayi Teknikerliği,2,TYT,45,2,,,321,587224,325.17284,,
,ORDU ÜNİVERSİTESİ (Devlet Üniversitesi),,,,,,,,,,,YÖKAK
,AKKUŞ MESLEK YÜKSEKOKULU,,,,,,,,,,,
108390238,  Çevre Sağlığı ve Çevresel Risk Yönetimi Teknikerliği,2,TYT,35,1,,1,,1305789,266.21265,,
,AYBASTI MESLEK YÜKSEKOKULU,,,,,,,,,,,
108390182,  Aşçılık,2,TYT,35,1,,1,,1065032,283.29751,,
,FATSA MESLEK YÜKSEKOKULU,,,,,,,,,,,
108350539,  Çocuk Gelişimi,2,TYT,27,1,,1,,810989,303.42038,,
108350478,  Deniz Ulaştırma ve İşletme,2,TYT,27,1,,1,11,524620,332.47596,,
108350548,  Gemi İnşaatı,2,TYT,45,2,,2,,948075,292.17208,,
108390131,  Gemi Makineleri İşletmeciliği,2,TYT,20,1,,1,11,599480,323.81920,,
108350663,  Giyim Üretim Teknolojisi,2,TYT,20,1,,1,,1626048,244.33448,,
108350575,  Moda Tasarımı,2,TYT,45,2,,2,,1382144,260.96519,,
108350248,  Muhasebe ve Vergi Uygulamaları,2,TYT,27,1,,1,,1263858,269.11335,,
,GÖLKÖY MESLEK YÜKSEKOKULU,,,,,,,,,,,
108390189,"  Elektrik Enerjisi Üretim, İletim ve Dağıtımı",2,TYT,35,1,,1,,1433674,257.44297,,
,İKİZCE MESLEK YÜKSEKOKULU,,,,,,,,,,,
108350521,  Bankacılık ve Sigortacılık,2,TYT,30,1,,1,,1356399,262.71868,,
108350584,  Engelli Bakımı ve Rehabilitasyon,2,TYT,55,2,,2,,1127028,278.78780,,
108350557,  Yaşlı Bakımı,2,TYT,55,2,,2,,968321,290.59824,,
,MESUDİYE MESLEK YÜKSEKOKULU,,,,,,,,,,,
108350345,  Bilgisayar Programcılığı,2,TYT,65,2,,2,,1185604,274.58304,,
,SOSYAL BİLİMLER MESLEK YÜKSEKOKULU,,,,,,,,,,,
108350566,  Aşçılık,2,TYT,35,1,,1,,846429,300.40843,,
108350221,  Halkla İlişkiler ve Tanıtım,2,TYT,53,2,,2,,1303642,266.36615,,
108350442,  İşletme Yönetimi,2,TYT,35,1,,1,,1143462,277.60797,,
108350239,  Muhasebe ve Vergi Uygulamaları,2,TYT,27,1,,1,,1021592,286.54071,,
108350133,  Turizm ve Otel İşletmeciliği,2,TYT,30,1,,1,,1083547,281.93128,,
,TEKNİK BİLİMLER MESLEK YÜKSEKOKULU,,,,,,,,,,,
108350336,  Bilgisayar Programcılığı,2,TYT,65,2,,2,,664021,317.02781,,
108390130,  Doğalgaz ve Tesisatı Teknolojisi,2,TYT,35,1,,1,,1379015,261.17974,,
108350027,  Elektrik,2,TYT,35,1,,1,,826441,302.09820,,
108350284,  Elektronik Haberleşme Teknolojisi,2,TYT,35,1,,1,,1216541,272.41433,,
108350293,  Elektronik Teknolojisi,2,TYT,35,1,,1,,1077655,282.36151,,
108350424,  Geleneksel El Sanatları,2,TYT,35,1,,1,,1584833,247.13909,,
108350363,  İnşaat Teknolojisi,2,TYT,45,2,,2,,1070624,282.87470,,
108350099,  Makine,2,TYT,45,2,,2,,1006895,287.64641,,
108350636,  Mekatronik,2,TYT,35,1,,1,,805595,303.87853,,
108350645,  Mimari Dekoratif Sanatlar,2,TYT,55,2,,2,,1506266,252.50110,,
108350275,  Otomotiv Teknolojisi,2,TYT,35,1,,1,,907624,295.40106,,
108350681,  Tıbbi ve Aromatik Bitkiler,2,TYT,35,1,,1,,1548959,249.56914,,
,ULUBEY MESLEK YÜKSEKOKULU,,,,,,,,,,,
108350593,  Bankacılık ve Sigortacılık,2,TYT,30,1,,1,,1202029,273.42155,,
108350469,  Gıda Teknolojisi,2,TYT,25,1,,1,,1458107,255.76831,,
108350503,  Laborant ve Veteriner Sağlık,2,TYT,35,1,,1,,981902,289.55966,,
108350672,  Laboratuvar Teknolojisi,2,TYT,35,1,,1,,927471,293.82138,,
108390132,  Medya ve İletişim,2,TYT,35,1,,1,,1562233,248.67533,,
108350487,  Muhasebe ve Vergi Uygulamaları,2,TYT,27,1,,1,,1506788,252.46624,,
,ÜNYE MESLEK YÜKSEKOKULU,,,,,,,,,,,
108350354,  Bilgisayar Programcılığı,2,TYT,45,2,,2,,881238,297.53025,,
108350433,  Elektronik Teknolojisi,2,TYT,35,1,,1,,1204714,273.23843,,
108350415,  İnsan Kaynakları Yönetimi,2,TYT,41,2,,2,,1300414,266.58634,,
108350618,  Lojistik,2,TYT,65,2,,2,,1347880,263.30625,,
108350654,  Mimari Restorasyon,2,TYT,35,1,,1,,1307176,266.12231,,
108350266,  Muhasebe ve Vergi Uygulamaları,2,TYT,27,1,,1,,1250077,270.08397,,
,OSMANİYE KORKUT ATA ÜNİVERSİTESİ (Devlet Üniversitesi),,,,,,,,,,,YÖKAK
,BAHÇE MESLEK YÜKSEKOKULU,,,,,,,,,,,
108570495,  Bankacılık ve Sigortacılık,2,TYT,30,1,,1,,1290791,267.24736,,
108550449,  Dış Ticaret,2,TYT,45,2,,2,,1631262,243.97555,,
108550158,  Gıda Teknolojisi,2,TYT,25,1,,1,,1550261,249.48228,,
108550282,  Kimya Teknolojisi,2,TYT,25,1,,1,,1288556,267.40022,,
108570515,  Laboratuvar Teknolojisi,2,TYT,35,1,,1,,908839,295.30180,,
108570496,  Lojistik,2,TYT,45,2,,2,,1572005,248.00350,,
,DÜZİÇİ MESLEK YÜKSEKOKULU,,,,,,,,,,,
108570503,  Bilişim Güvenliği Teknolojisi,2,TYT,55,2,,2,,1499233,252.98341,,
108550413,  Özel Güvenlik ve Koruma,2,TYT,45,2,,2,2,1317338,265.40789,,
108570498,  Raylı Sistemler İşletmeciliği,2,TYT,30,1,,1,6,1149700,277.15623,,
108570519,  Raylı Sistemler Makine Teknolojisi,2,TYT,45,2,,2,6,1093883,281.17735,,
108570499,  Sosyal Güvenlik,2,TYT,36,1,,1,,1327900,264.67578,,
,KADİRLİ MESLEK YÜKSEKOKULU,,,,,,,,,,,
108570599,  Aşçılık,2,TYT,35,1,,1,,1031957,285.75696,,
108570725,  Elektrik Makineleri Bakım ve Onarımı,2,TYT,35,1,,1,,1358493,262.57808,,
108550334,  Elektronik Teknolojisi,2,TYT,35,1,,1,,1321257,265.13150,,
108570732,  İklimlendirme ve Soğutma Teknolojisi,2,TYT,35,1,,1,,1557917,248.96290,,
108570507,  İnternet ve Ağ Teknolojileri,2,TYT,50,2,,2,,1597773,246.25272,,
108550255,  Muhasebe ve Vergi Uygulamaları,2,TYT,27,1,,1,,1387847,260.57034,,
108570508,  Sağlık Bilgi Sistemleri Teknikerliği,2,TYT,35,1,,1,,904254,295.66948,,
,OSMANİYE MESLEK YÜKSEKOKULU,,,,,,,,,,,
108550343,  Bilgisayar Programcılığı,2,TYT,35,1,,1,,933460,293.34043,,
108550228,  Çevre Koruma ve Kontrol,2,TYT,35,1,,1,,1352226,263.00508,,
108570739,"  Elektrik Enerjisi Üretim, İletim ve Dağıtımı",2,TYT,55,2,,2,,1159068,276.48591,,
108570500,  Elektronik Haberleşme Teknolojisi,2,TYT,55,2,,2,,1469399,255.00465,,
108550052,  Harita ve Kadastro,2,TYT,25,1,,1,,1020789,286.60236,,
108570606,  Hibrid ve Elektrikli Taşıtlar Teknolojisi,2,TYT,35,1,,1,,999150,288.23022,,
108500101,  Hidrojen ve Enerji Depolama Teknikerliği,2,TYT,30,1,,1,,...,----,,
108550291,  İşletme Yönetimi,2,TYT,35,1,,1,,1325015,264.87452,,
108570613,  Medya ve İletişim,2,TYT,30,1,,1,,1461029,255.57278,,
108550246,  Muhasebe ve Vergi Uygulamaları,2,TYT,27,1,,1,,1107126,280.21744,,
108550397,  Posta Hizmetleri,2,TYT,35,1,,1,,1417799,258.52940,,
108570746,  Talaşlı Üretim Teknikerliği,2,TYT,55,2,,2,,1836320,229.90863,,
108550458,  Tekstil Teknolojisi,2,TYT,40,1,,1,,1624855,244.41587,,
108570753,  Yapı Ressamlığı,2,TYT,35,1,,1,,1658921,242.09001,,
,SAĞLIK HİZMETLERİ MESLEK YÜKSEKOKULU,,,,,,,,,,,
108570521,  Çocuk Gelişimi,2,TYT,27,1,,1,,809713,303.53145,,
108570536,  Eczane Hizmetleri,2,TYT,26,1,,1,,613562,322.30793,,
108570524,  Fizyoterapi,2,TYT,41,2,,2,,559262,328.34654,,
108570523,  İlk ve Acil Yardım,2,TYT,27,1,,1,,377624,353.23492,,
108570543,  Laborant ve Veteriner Sağlık,2,TYT,35,1,,1,,738535,309.87319,,
108570525,  Yaşlı Bakımı,2,TYT,35,1,,1,,847058,300.35621,,
,PAMUKKALE ÜNİVERSİTESİ (DENİZLİ) (Devlet Üniversitesi),,,,,,,,,,,YÖKAK
,ACIPAYAM MESLEK YÜKSEKOKULU,,,,,,,,,,,
108690352,  Ayakkabı Tasarım ve Üretimi,2,TYT,35,1,,1,154,1697328,239.48121,,
108650906,  Büro Yönetimi ve Yönetici Asistanlığı,2,TYT,35,1,,1,,1238664,270.87517,,
108651094,  Çağrı Merkezi Hizmetleri,2,TYT,45,2,,2,,1400312,259.72369,,
108690093,  Çocuk Gelişimi,2,TYT,27,1,,1,,919687,294.43344,,
108650996,  Laborant ve Veteriner Sağlık,2,TYT,45,2,,2,,838660,301.06713,,MEDEK
108651085,  Özel Güvenlik ve Koruma,2,TYT,45,2,,2,2,1205550,273.17978,,
108650784,  Süt ve Ürünleri Teknolojisi,2,TYT,25,1,,1,,1719247,237.97969,,
,BEKİLLİ MESLEK YÜKSEKOKULU,,,,,,,,,,,
108650757,  Bankacılık ve Sigortacılık,2,TYT,30,1,,1,,1389684,260.44714,,
108650157,  Dış Ticaret,2,TYT,45,2,,2,,1660257,241.99964,,
108650809,  Halkla İlişkiler ve Tanıtım,2,TYT,37,1,,1,,1598720,246.18745,,
,BOZKURT MESLEK YÜKSEKOKULU,,,,,,,,,,,
108690095,  Sivil Hava Ulaştırma İşletmeciliği,2,TYT,35,1,,1,10,601109,323.64509,,
108690158,  Ulaştırma ve Trafik Hizmetleri,2,TYT,45,2,,2,,1538818,250.25841,,
,BULDAN MESLEK YÜKSEKOKULU,,,,,,,,,,,
108650793,  Bankacılık ve Sigortacılık,2,TYT,30,1,,1,,1275886,268.28594,,MEDEK
108650687,  Büro Yönetimi ve Yönetici Asistanlığı,2,TYT,35,1,,1,,1341451,263.75192,,
108650193,  Dış Ticaret,2,TYT,40,1,,1,,1475299,254.60265,,
108650881,  Mimari Restorasyon,2,TYT,35,1,,1,,1345823,263.44688,,MEDEK
108650563,  Moda Tasarımı,2,TYT,40,1,,1,,1354815,262.82306,,
108690366,  Moda Tasarımı (KKTC Uyruklu),2,TYT,1,,,,5,,,,
108650466,  Muhasebe ve Vergi Uygulamaları,2,TYT,27,1,,1,,1370937,261.73048,,MEDEK
,ÇAL MESLEK YÜKSEKOKULU,,,,,,,,,,,
108690429,  Dijital Tarım Teknolojileri,2,TYT,35,1,,1,,1804673,232.09866,,
108651101,  Gıda Teknolojisi,2,TYT,30,1,,1,,1346553,263.39567,,
108651119,  Muhasebe ve Vergi Uygulamaları,2,TYT,27,1,,1,,1516840,251.77135,,
,ÇAMELİ MESLEK YÜKSEKOKULU,,,,,,,,,,,
108690160,  Tapu ve Kadastro,2,TYT,30,1,,1,,1030425,285.86981,,
,ÇARDAK ORGANİZE SANAYİ BÖLGESİ MESLEK YÜKSEKOKULU,,,,,,,,,,,
108690157,  Kontrol ve Otomasyon Teknolojisi,2,TYT,45,2,,2,,1093517,281.20280,,
108690282,  Mekatronik,2,TYT,45,2,,2,,1011400,287.30477,,
,ÇİVRİL ATASAY KAMER MESLEK YÜKSEKOKULU,,,,,,,,,,,
108650615,  Bankacılık ve Sigortacılık,2,TYT,30,1,,1,,1321668,265.10584,,
108650739,  Bilgisayar Programcılığı,2,TYT,60,2,,2,,853852,299.79836,,
108690194,  Emlak Yönetimi,2,TYT,18,1,,1,,1565257,248.46477,,
108651049,  Sağlık Kurumları İşletmeciliği,2,TYT,28,1,,1,,1059929,283.67392,,
,DENİZLİ SAĞLIK HİZMETLERİ MESLEK YÜKSEKOKULU,,,,,,,,,,,
108650112,  Anestezi,2,TYT,35,1,,1,,317870,363.76076,,
108650606,  Çocuk Gelişimi,2,TYT,36,1,,1,,620866,321.52560,,
108650396,  Diyaliz,2,TYT,63,2,,2,,511426,334.12180,,
108650403,  Fizyoterapi,2,TYT,41,2,,2,,440549,343.59929,,
108650703,  İlk ve Acil Yardım,2,TYT,36,1,,1,,308155,365.60253,,
108650121,  Tıbbi Dokümantasyon ve Sekreterlik,2,TYT,30,1,,1,,405464,348.82677,,
108651013,  Tıbbi Görüntüleme Teknikleri,2,TYT,35,1,,1,,324982,362.42588,,
108650554,  Tıbbi Laboratuvar Teknikleri,2,TYT,43,2,,2,,421869,346.36885,,MEDEK
108690394,  Yaşlı Bakımı,2,TYT,25,1,,1,,685965,314.86022,,
,DENİZLİ SOSYAL BİLİMLER MESLEK YÜKSEKOKULU,,,,,,,,,,,
108650872,  Dış Ticaret,2,TYT,45,2,,2,,749128,308.90704,,
108690257,  Turist Rehberliği,2,TYT,35,1,,1,,614235,322.23870,,
108650078,  Turizm ve Otel İşletmeciliği,2,TYT,30,1,,1,,790720,305.18383,,
108650712,  Turizm ve Seyahat Hizmetleri,2,TYT,30,1,,1,,920487,294.37158,,
,DENİZLİ TEKNİK BİLİMLER MESLEK YÜKSEKOKULU,,,,,,,,,,,
108650572,  Bilgisayar Programcılığı,2,TYT,85,3,,3,,525559,332.35763,,
108651022,  Biyomedikal Cihaz Teknolojisi,2,TYT,35,1,,1,,646186,318.85673,,
108650024,  Elektrik,2,TYT,75,2,,2,,690312,314.42186,,
108650527,  Elektronik Teknolojisi,2,TYT,50,2,,2,,754614,308.40916,,
108650818,  Geleneksel El Sanatları,2,TYT,60,2,,2,,1335281,264.17350,,
108690256,  Giyim Üretim Teknolojisi,2,TYT,40,1,,1,,1178840,275.06982,,
108650863,  Grafik Tasarımı,2,TYT,65,2,,2,,693422,314.12463,,
108690156,  İç Mekan Tasarımı,2,TYT,36,1,,1,,746820,309.11572,,
108650493,  Kimya Teknolojisi,2,TYT,25,1,,1,,735326,310.16830,,
108650051,  Makine,2,TYT,85,3,,3,,813424,303.20915,,
108650766,  Moda Tasarımı,2,TYT,45,2,,2,,905121,295.59928,,
108690088,  Moda Tasarımı (KKTC Uyruklu),2,TYT,1,,,,5,...,----,,
108650827,  Otomotiv Teknolojisi,2,TYT,35,1,,1,,740127,309.72376,,
108690089,  Otomotiv Teknolojisi (KKTC Uyruklu),2,TYT,1,,,,5,,,,
108650421,  Tekstil Teknolojisi,2,TYT,60,2,,2,,1107703,280.17663,,
,HONAZ MESLEK YÜKSEKOKULU,,,,,,,,,,,
108650448,  Bankacılık ve Sigortacılık,2,TYT,30,1,,1,,1100397,280.71448,,
108690289,  Ceza İnfaz ve Güvenlik Hizmetleri,2,TYT,35,1,,1,17,722175,311.39749,,
108650281,  Dış Ticaret,2,TYT,45,2,,2,,1258271,269.50733,,
108690401,  E-Ticaret ve Pazarlama,2,TYT,50,2,,2,,1141615,277.73507,,
108650439,  Halkla İlişkiler ve Tanıtım,2,TYT,53,2,,2,,1432309,257.53560,,
108650518,  İşletme Yönetimi,2,TYT,35,1,,1,,1307088,266.12762,,
108650633,  Lojistik,2,TYT,55,2,,2,,1246129,270.36067,,
108650484,  Muhasebe ve Vergi Uygulamaları,2,TYT,27,1,,1,,1168664,275.79953,,
108600332,  Ofis Teknolojileri ve Veri Yönetimi,2,TYT,35,1,,1,,1101448,280.63767,,
,KALE MESLEK YÜKSEKOKULU,,,,,,,,,,,
108650987,  Çocuk Gelişimi,2,TYT,27,1,,1,,982858,289.48387,,
108650942,  İşletme Yönetimi,2,TYT,35,1,,1,,1529220,250.92365,,
108690193,  Madencilik Teknolojisi,2,TYT,50,2,,2,,1699593,239.32800,,
108650951,  Muhasebe ve Vergi Uygulamaları,2,TYT,27,1,,1,,1423949,258.10913,,
108650775,  Turizm ve Seyahat Hizmetleri,2,TYT,30,1,,1,,1340578,263.81218,,
,SARAYKÖY MESLEK YÜKSEKOKULU,,,,,,,,,,,
108651031,  Alternatif Enerji Kaynakları Teknolojisi,2,TYT,45,2,,2,,1276615,268.24085,,
108651128,  Alternatif Enerji Kaynakları Teknolojisi (KKTC Uyruklu),2,TYT,1,,,,5,,,,
108690094,  Fizyoterapi,2,TYT,32,1,,1,,591161,324.73112,,
,SERİNHİSAR MESLEK YÜKSEKOKULU,,,,,,,,,,,
108690161,  Acil Durum ve Afet Yönetimi,2,TYT,26,1,,1,,764777,307.49190,,
108690373,  Bıçakçılık ve El Aletleri Üretim Teknolojisi,2,TYT,45,2,,2,,1824081,230.75660,,
108690258,  Sosyal Güvenlik,2,TYT,36,1,,1,,1302158,266.46985,,
,TAVAS MESLEK YÜKSEKOKULU,,,,,,,,,,,
108650969,  Aşçılık,2,TYT,55,2,,2,,907426,295.41587,,
108650978,  Çocuk Gelişimi,2,TYT,27,1,,1,,931981,293.46211,,
108650845,  Organik Tarım,2,TYT,30,1,,1,,1658266,242.13829,,
108650836,  Tıbbi ve Aromatik Bitkiler,2,TYT,25,1,,1,,1591933,246.65885,,
,TAVAS SAĞLIK HİZMETLERİ MESLEK YÜKSEKOKULU,,,,,,,,,,,
108690159,  Eczane Hizmetleri,2,TYT,26,1,,1,,584697,325.45019,,
,RECEP TAYYİP ERDOĞAN ÜNİVERSİTESİ (RİZE) (Devlet Üniversitesi),,,,,,,,,,,YÖKAK
,ARDEŞEN MESLEK YÜKSEKOKULU,,,,,,,,,,,
108750192,  Bankacılık ve Sigortacılık,2,TYT,30,1,,,,1127633,278.74390,,
108750271,  Bilgisayar Programcılığı,2,TYT,30,1,,,,940285,292.79302,,
108750165,  Turizm ve Otel İşletmeciliği,2,TYT,30,1,,,,1259956,269.38820,,
108750571,  Turizm ve Seyahat Hizmetleri,2,TYT,30,1,,,,1478137,254.41272,,
,PAZAR MESLEK YÜKSEKOKULU,,,,,,,,,,,
108790021,  Çay Tarımı ve İşleme Teknolojisi,2,TYT,70,2,,,,708898,312.65932,,
108750411,  Organik Tarım,2,TYT,35,1,,,,1070058,282.91993,,
108750386,  Tıbbi ve Aromatik Bitkiler,2,TYT,25,1,,,,1351474,263.05638,,
,SAĞLIK HİZMETLERİ MESLEK YÜKSEKOKULU,,,,,,,,,,,
108750492,  Anestezi,2,TYT,50,2,,,,396419,350.21234,,
108750598,  Fizyoterapi,2,TYT,50,2,,,,602357,323.51299,,
108750508,  İlk ve Acil Yardım,2,TYT,41,2,,,,405704,348.79133,,
108750517,  Tıbbi Laboratuvar Teknikleri,2,TYT,43,2,,,,502358,335.28415,,
108750483,  Yaşlı Bakımı,2,TYT,55,2,,,,861170,299.17486,,
,SOSYAL BİLİMLER MESLEK YÜKSEKOKULU,,,,,,,,,,,
108750429,  Büro Yönetimi ve Yönetici Asistanlığı,2,TYT,40,1,,,,1003676,287.88864,,
108790112,  Ceza İnfaz ve Güvenlik Hizmetleri,2,TYT,45,2,,,17,818975,302.73361,,
108750341,  Dış Ticaret,2,TYT,45,2,,,,1449452,256.35222,,
108750553,  Halkla İlişkiler ve Tanıtım,2,TYT,37,1,,,,1386016,260.69968,,
108750235,  İşletme Yönetimi,2,TYT,35,1,,,,1397857,259.89233,,
108750605,  Lojistik,2,TYT,45,2,,,,1281102,267.92466,,
108790119,  Mahkeme Büro Hizmetleri,2,TYT,35,1,,,,809843,303.52069,,
108750208,  Muhasebe ve Vergi Uygulamaları,2,TYT,27,1,,,,1299211,266.66718,,
108790097,  Sivil Hava Ulaştırma İşletmeciliği,2,TYT,35,1,,,10,747012,309.10052,,
,TEKNİK BİLİMLER MESLEK YÜKSEKOKULU,,,,,,,,,,,
108790069,  Çevre Koruma ve Kontrol,2,TYT,35,1,,,,1478433,254.39230,,
108790064,  Doğalgaz ve Tesisatı Teknolojisi,2,TYT,35,1,,,,1563879,248.56033,,
108750032,  Elektrik,2,TYT,45,2,,,,1072582,282.73360,,
108750314,  Elektronik Teknolojisi,2,TYT,45,2,,,,1246013,270.36919,,
108750323,  Geleneksel El Sanatları,2,TYT,35,1,,,,1617014,244.94258,,
108750253,  İklimlendirme ve Soğutma Teknolojisi,2,TYT,35,1,,,,1585682,247.08505,,
108750305,  İnşaat Teknolojisi,2,TYT,35,1,,,,1229432,271.51816,,
108750589,  Kimya Teknolojisi,2,TYT,25,1,,,,1182874,274.77491,,
108750077,  Makine,2,TYT,45,2,,,,1178615,275.08700,,
108790065,  Makine Resim ve Konstrüksiyonu,2,TYT,45,2,,,,1647144,242.89722,,
108750535,  Mekatronik,2,TYT,45,2,,,,1069755,282.94282,,
108750368,  Mobilya ve Dekorasyon,2,TYT,35,1,,,,1627902,244.20452,,
108750332,  Otomotiv Teknolojisi,2,TYT,35,1,,,,1045066,284.78690,,
108750614,  Su Altı Teknolojisi,2,TYT,35,1,,,57,1329223,264.59000,,
108750359,  Tekstil Teknolojisi,2,TYT,30,1,,,,1663783,241.75682,,
108750456,  Yapı Denetimi,2,TYT,23,1,,,,1486150,253.86812,,
,SAĞLIK BİLİMLERİ ÜNİVERSİTESİ (İSTANBUL) (Devlet Üniversitesi),,,,,,,,,,,
,ARNAVUTKÖY DARÜLACEZE SAĞLIK HİZMETLERİ MESLEK YÜKSEKOKULU,,,,,,,,,,,
111000619,  Evde Hasta Bakımı,2,TYT,40,1,,1,,...,----,,
111091460,  Fizyoterapi,2,TYT,41,2,,2,,496621,336.01984,,
111091467,  Hasta Bakımı,2,TYT,45,2,,2,31,847438,300.32503,,
111091474,  Yaşlı Bakımı,2,TYT,45,2,,2,,807013,303.75880,,
,GÜLHANE SAĞLIK MESLEK YÜKSEKOKULU (ANKARA),,,,,,,,,,,
111091390,  Ağız ve Diş Sağlığı (Ankara),2,TYT,45,2,,2,,355379,356.99440,,
111050125,  Anestezi (Ankara),2,TYT,45,2,,2,,251108,377.58492,,
111050328,  Diş Protez Teknolojisi (Ankara),2,TYT,45,2,,2,,322703,362.85769,,
111050134,  Eczane Hizmetleri (Ankara),2,TYT,30,1,,1,,468482,339.73808,,
111050319,  İlk ve Acil Yardım (Ankara),2,TYT,32,1,,1,,263416,374.80018,,
111050188,  Ortopedik Protez ve Ortez (Ankara),2,TYT,30,1,,1,,531319,331.66555,,
111050197,  Patoloji Laboratuvar Teknikleri (Ankara),2,TYT,54,2,,2,,486189,337.38007,,
111050204,  Tıbbi Görüntüleme Teknikleri (Ankara),2,TYT,39,1,,1,,293374,368.52845,,
111050213,  Tıbbi Laboratuvar Teknikleri (Ankara),2,TYT,43,2,,2,,368168,354.80747,,
111050222,  Yaşlı Bakımı (Ankara),2,TYT,30,1,,1,,721766,311.43537,,
,HAMİDİYE SAĞLIK HİZMETLERİ MESLEK YÜKSEKOKULU (İSTANBUL),,,,,,,,,,,
111050276,  Ağız ve Diş Sağlığı,2,TYT,36,1,,1,,372290,354.10764,,
111050028,  Anestezi,2,TYT,35,1,,1,,287389,369.74804,,
111050046,  Biyomedikal Cihaz Teknolojisi,2,TYT,35,1,,1,,585671,325.33962,,
111050152,  Diş Protez Teknolojisi,2,TYT,45,2,,2,,370625,354.39288,,
111050285,  Diyaliz,2,TYT,45,2,,2,,537481,330.92243,,
111050055,  Eczane Hizmetleri,2,TYT,30,1,,1,,456165,341.44434,,
111050161,  İlk ve Acil Yardım,2,TYT,32,1,,1,,297645,367.67990,,
111091152,  Optisyenlik,2,TYT,35,1,,1,,435451,344.34517,,
111050091,  Otopsi Yardımcılığı,2,TYT,59,2,,2,,593982,324.42091,,
111091453,  Otopsi Yardımcılığı (KKTC Uyruklu),2,TYT,1,,,,5,,,,
111050107,  Patoloji Laboratuvar Teknikleri,2,TYT,36,1,,1,,523403,332.62549,,
111050082,  Tıbbi Görüntüleme Teknikleri,2,TYT,35,1,,1,,341226,359.47578,,
111091153,  Tıbbi Laboratuvar Teknikleri,2,TYT,34,1,,1,,396778,350.15609,,
111050231,  Tıbbi ve Aromatik Bitkiler,2,TYT,30,1,,1,,676599,315.77384,*,MEDEK
,SAKARYA UYGULAMALI BİLİMLER ÜNİVERSİTESİ (Devlet Üniversitesi),,,,,,,,,,,YÖKAK
,AKYAZI SAĞLIK HİZMETLERİ MESLEK YÜKSEKOKULU,,,,,,,,,,,
111890194,  Fizyoterapi,2,TYT,41,2,,2,,574034,326.65446,,
111890195,  İlk ve Acil Yardım,2,TYT,36,1,,1,,417119,347.06422,*,MEDEK
111890203,  Sağlık Kurumları İşletmeciliği,2,TYT,28,1,,1,,906867,295.46230,*,MEDEK
111890196,  Tıbbi Laboratuvar Teknikleri,2,TYT,34,1,,1,,499855,335.60128,,
,ARİFİYE MESLEK YÜKSEKOKULU,,,,,,,,,,,
111890350,  Doğalgaz ve Tesisatı Teknolojisi,2,TYT,45,2,,2,,1452141,256.16425,,
111890238,  Hibrid ve Elektrikli Taşıtlar Teknolojisi,2,TYT,35,1,,1,,538851,330.75995,,
111851762,  İklimlendirme ve Soğutma Teknolojisi,2,TYT,45,2,,2,,1323649,264.96868,,
111890245,  İnsansız Araç Teknikerliği,2,TYT,30,1,,1,320,529755,331.85590,,
111851674,  Kaynak Teknolojisi,2,TYT,45,2,,2,,1316788,265.44481,*,MEDEK
111890211,  Otomotiv Gövde ve Yüzey İşlem Teknolojileri,2,TYT,45,2,,2,,922192,294.24058,,
111851692,  Otomotiv Teknolojisi,2,TYT,35,1,,1,,590944,324.75071,,
111890252,  Peyzaj ve Süs Bitkileri Yetiştiriciliği,2,TYT,28,1,,1,,1462321,255.48571,,
,BİLİŞİM TEKNOLOJİLERİ MESLEK YÜKSEKOKULU (Karasu),,,,,,,,,,,
111890259,  Arka-Yüz Yazılım Geliştirme,2,TYT,30,1,,1,320,651391,318.31394,,
111890266,  Bilgisayar Programcılığı,2,TYT,85,3,,3,,660427,317.38885,*,MEDEK
111890357,  Bilişim Güvenliği Teknolojisi,2,TYT,35,1,,1,,700790,313.42126,,
111890273,  Bulut Bilişim Operatörlüğü,2,TYT,30,1,,1,320,681634,315.27900,,
111890280,  Büyük Veri Analistliği,2,TYT,35,1,,1,320,621165,321.49183,,
111890287,  Çok Boyutlu Modelleme ve Animasyon,2,TYT,45,2,,2,,938630,292.93015,,
111890364,  Oyun Geliştirme ve Programlama,2,TYT,35,1,,1,320,835430,301.33507,,
111890294,  Ön-Yüz Yazılım Geliştirme,2,TYT,30,1,,1,320,710558,312.50238,,
111890301,  Yapay Zeka Operatörlüğü,2,TYT,35,1,,1,320,464241,340.32577,,
,DENİZCİLİK MESLEK YÜKSEKOKULU (Kocaali),,,,,,,,,,,
111890197,  Deniz Ulaştırma ve İşletme,2,TYT,27,1,,1,11,502577,335.25451,,
111890215,  Deniz ve Liman İşletmeciliği,2,TYT,30,1,,1,,823436,302.35211,,
111890198,  Gemi İnşaatı,2,TYT,45,2,,2,,804931,303.93742,,
111890371,  Gemi Makineleri İşletmeciliği,2,TYT,20,1,,1,11,652660,318.18399,,
111890199,  Sivil Savunma ve İtfaiyecilik,2,TYT,45,2,,,9,691661,314.28704,,
,FERİZLİ MESLEK YÜKSEKOKULU,,,,,,,,,,,
111890174,  Grafik Tasarımı,2,TYT,45,2,,2,,823471,302.34881,,
111851277,  İşletme Yönetimi,2,TYT,35,1,,1,,1322075,265.07810,*,MEDEK
111851708,  Moda Tasarımı,2,TYT,45,2,,2,,1112820,279.81016,,
111890180,  Moda Yönetimi,2,TYT,35,1,,1,,1427018,257.89733,,
111851029,  Tekstil Teknolojisi,2,TYT,40,1,,1,,1655907,242.29844,,
,GEYVE MESLEK YÜKSEKOKULU,,,,,,,,,,,
111851092,  Bankacılık ve Sigortacılık,2,TYT,30,1,,1,,1124860,278.93960,*,MEDEK
111850967,  Dış Ticaret,2,TYT,45,2,,2,319,1300423,266.58563,,
111890190,  Emlak Yönetimi,2,TYT,25,1,,1,,1489256,253.66050,,
111851056,  Halkla İlişkiler ve Tanıtım,2,TYT,69,2,,2,319,1543862,249.92031,,
111890182,  İnsan Kaynakları Yönetimi,2,TYT,41,2,,2,319,1123709,279.02305,,
111851268,  İşletme Yönetimi,2,TYT,35,1,,1,319,1413312,258.83720,*,MEDEK
111851074,  Mimari Restorasyon,2,TYT,45,2,,2,,1167445,275.88855,,
111851153,  Muhasebe ve Vergi Uygulamaları,2,TYT,27,1,,1,,1266810,268.91067,,
,HENDEK MESLEK YÜKSEKOKULU,,,,,,,,,,,
111890308,  Dijital Dönüşüm Elektroniği,2,TYT,30,1,,1,320,1035123,285.52532,,
111850597,  Elektrik,2,TYT,55,2,,2,,749179,308.90285,,
111851408,  Elektronik Teknolojisi,2,TYT,45,2,,2,,956386,291.52894,*,MEDEK
111890315,  Endüstri Ürünleri Tasarımı,2,TYT,45,2,,2,,1247468,270.26509,,
111890378,  Hidrojen ve Enerji Depolama Teknikerliği,2,TYT,30,1,,1,,1350979,263.08883,,
111890322,  İmalat Yürütme Sistemleri Operatörlüğü,2,TYT,30,1,,1,320,1419273,258.42955,,
111851295,  İşletme Yönetimi,2,TYT,35,1,,1,,1253095,269.87046,,
111850631,  Makine,2,TYT,65,2,,2,,951541,291.90026,*,MEDEK
111890187,  Makine Resim ve Konstrüksiyonu,2,TYT,45,2,,2,,1141296,277.75712,*,MEDEK
111890385,  Mekatronik,2,TYT,45,2,,2,,707597,312.78591,,
111851162,  Muhasebe ve Vergi Uygulamaları,2,TYT,27,1,,1,,1151923,276.99529,,
111890329,  Otonom Sistemler Teknikerliği,2,TYT,30,1,,1,320,613034,322.36654,,
111890336,  Robotik ve Yapay Zeka,2,TYT,30,1,,1,320,436741,344.14946,,
111890392,  Yenilenebilir Enerji Teknikerliği,2,TYT,30,1,,1,,913544,294.91368,,
,KAYNARCA SEYFETTİN SELİM MESLEK YÜKSEKOKULU,,,,,,,,,,,
111851805,  Bilgisayar Destekli Tasarım ve Animasyon,2,TYT,45,2,,2,,1034943,285.53804,,
111890399,  Bilgisayar Destekli Tasarım ve Animasyon (KKTC Uyruklu),2,TYT,1,,,,5,,,,
111890406,  İç Mekan Tasarımı,2,TYT,36,1,,1,,1033311,285.65908,,
111851302,  İşletme Yönetimi,2,TYT,35,1,,1,,1464445,255.33978,*,MEDEK
111890413,  Mobilya ve Dekorasyon,2,TYT,45,2,,2,,1640154,243.37481,,
,PAMUKOVA MESLEK YÜKSEKOKULU,,,,,,,,,,,
111890205,  Eczane Hizmetleri,2,TYT,30,1,,1,,610648,322.62011,,
111851647,  Gıda Kalite Kontrolü ve Analizi,2,TYT,25,1,,1,,1333433,264.30137,*,MEDEK
111850773,  Gıda Teknolojisi,2,TYT,25,1,,1,,1065678,283.24759,*,MEDEK
111890217,  Laborant ve Veteriner Sağlık,2,TYT,35,1,,1,,743447,309.41955,,
111851656,  Laboratuvar Teknolojisi,2,TYT,45,2,,2,,825570,302.17474,*,MEDEK
,SAKARYA MESLEK YÜKSEKOKULU,,,,,,,,,,,
111850225,  Bilgisayar Programcılığı,2,TYT,65,2,,2,,422745,346.23602,*,MEDEK
111851541,  Büro Yönetimi ve Yönetici Asistanlığı,2,TYT,40,1,,1,,825814,302.15275,,
111800101,  Cnc Programlama ve Operatörlüğü,2,TYT,25,1,,1,,1213421,272.63085,,
111851002,  Çevre Koruma ve Kontrol,2,TYT,45,2,,2,,1312382,265.75676,,
111851392,  Elektronik Teknolojisi,2,TYT,45,2,,2,,742388,309.51244,,
111850076,  Endüstriyel Kalıpçılık,2,TYT,45,2,,2,,1210377,272.84537,,
111851514,  Halkla İlişkiler ve Tanıtım,2,TYT,45,2,,2,,996096,288.46550,,
111851498,  İnşaat Teknolojisi,2,TYT,45,2,,2,,778470,306.25960,,
111851232,  İşletme Yönetimi,2,TYT,35,1,,1,,874048,298.11616,,
111850119,  Lojistik,2,TYT,55,2,,2,,847684,300.30235,,
111850128,  Makine,2,TYT,85,3,,3,,699618,313.53557,,
111890186,  Makine Resim ve Konstrüksiyonu,2,TYT,45,2,,2,,981618,289.58038,,
111800108,  Medya ve İletişim,2,TYT,55,2,,2,,...,----,,
111850146,  Mekatronik,2,TYT,45,2,,2,,533273,331.43514,*,MEDEK
111851117,  Muhasebe ve Vergi Uygulamaları,2,TYT,27,1,,1,,807372,303.72944,*,MEDEK
111851814,  Perakende Satış ve Mağaza Yönetimi,2,TYT,55,2,,2,,1446067,256.59145,,
,SAPANCA MESLEK YÜKSEKOKULU,,,,,,,,,,,
111851083,  Bankacılık ve Sigortacılık,2,TYT,30,1,,1,,844158,300.59722,*,MEDEK
111850843,  Dış Ticaret,2,TYT,45,2,,2,,969652,290.49668,,
111851065,  Halkla İlişkiler ve Tanıtım,2,TYT,45,2,,2,,1183231,274.74712,*,MEDEK
111890176,  Medya ve İletişim,2,TYT,60,2,,2,,1129712,278.59042,,
111851198,  Muhasebe ve Vergi Uygulamaları,2,TYT,27,1,,1,,971942,290.32050,,
111851771,  Pazarlama,2,TYT,35,1,,1,,1190251,274.24806,*,MEDEK
,SAPANCA TURİZM MESLEK YÜKSEKOKULU,,,,,,,,,,,
111851753,  Aşçılık,2,TYT,65,2,,2,,707149,312.82956,*,MEDEK
111890231,  Pastacılık ve Ekmekçilik,2,TYT,35,1,,1,,795875,304.73263,,
111800115,  Sağlık Turizmi İşletmeciliği,2,TYT,27,1,,1,,1193757,274.00365,,
111850904,  Turizm ve Otel İşletmeciliği,2,TYT,30,1,,1,,990489,288.89705,*,MEDEK
111851435,  Turizm ve Seyahat Hizmetleri,2,TYT,30,1,,1,,1184237,274.67600,,
,SAKARYA ÜNİVERSİTESİ (Devlet Üniversitesi),,,,,,,,,,,YÖKAK
,ADAPAZARI MESLEK YÜKSEKOKULU,,,,,,,,,,,
108890242,  Acil Durum ve Afet Yönetimi (Uzaktan Öğretim),2,TYT,85,3,,,7,1037089,285.37614,,
108851471,  Bilgisayar Programcılığı (Uzaktan Öğretim),2,TYT,45,2,,,"7, 8",687083,314.74930,,
108851577,  İnternet ve Ağ Teknolojileri (Uzaktan Öğretim),2,TYT,90,3,,,"7, 8",1136108,278.12833,,
108890252,  Sağlık Bilgi Sistemleri Teknikerliği (Uzaktan Öğretim),2,TYT,45,2,,,7,1075737,282.50430,,
108890251,  Web Tasarımı ve Kodlama (Uzaktan Öğretim),2,TYT,100,3,,,7,902335,295.82256,,
,SAKARYA SAĞLIK HİZMETLERİ MESLEK YÜKSEKOKULU,,,,,,,,,,,
108890294,  Ağız ve Diş Sağlığı,2,TYT,27,1,,,,385095,352.02809,,
108890179,  Anestezi,2,TYT,30,1,,,,332778,360.99446,,
108850234,  Çocuk Gelişimi,2,TYT,36,1,,,,610462,322.64291,,
108851665,  Fizyoterapi,2,TYT,41,2,,,,458931,341.05941,,
108851726,  İlk ve Acil Yardım,2,TYT,36,1,,,,344229,358.93637,,MEDEK
108851744,  Optisyenlik,2,TYT,30,1,,,,481610,337.99783,,
108850243,  Tıbbi Dokümantasyon ve Sekreterlik,2,TYT,25,1,,,,443241,343.22997,,
108851462,  Tıbbi Laboratuvar Teknikleri,2,TYT,43,2,,,,434345,344.50907,,MEDEK
108851444,  Yaşlı Bakımı,2,TYT,55,2,,,,808666,303.62203,*,MEDEK
,SAMSUN ÜNİVERSİTESİ (Devlet Üniversitesi),,,,,,,,,,,
,KAVAK MESLEK YÜKSEKOKULU,,,,,,,,,,,
112771064,  Coğrafi Bilgi Sistemleri,2,TYT,35,1,,1,,1585753,247.08047,,
112771065,  Elektrik,2,TYT,45,2,,2,,1069354,282.97103,,
112750504,  Harita ve Kadastro,2,TYT,25,1,,1,,1097960,280.88252,,
112750885,  İnşaat Teknolojisi,2,TYT,45,2,,2,,1235514,271.09800,,
112751468,  İş Makineleri Operatörlüğü,2,TYT,35,1,,1,,1161350,276.32595,,
112751292,  Mimari Restorasyon,2,TYT,45,2,,2,,1436940,257.21200,,
112751062,  Yapı Denetimi,2,TYT,30,1,,1,,1533436,250.63017,,
,TEKNİK BİLİMLER MESLEK YÜKSEKOKULU,,,,,,,,,,,
112771281,  Arka-Yüz Yazılım Geliştirme,2,TYT,35,1,,1,320,731631,310.50507,,
112771288,  Makine Resim ve Konstrüksiyonu,2,TYT,35,1,,1,,1155744,276.72411,,
112771295,  Ön-Yüz Yazılım Geliştirme,2,TYT,35,1,,1,320,802926,304.11405,,
112771127,  Sivil Havacılık Kabin Hizmetleri,2,TYT,30,1,,1,10,446296,342.79820,,
,SELÇUK ÜNİVERSİTESİ (KONYA) (Devlet Üniversitesi),,,,,,,,,,,YÖKAK
,AKÖREN ALİ RIZA ERCAN MESLEK YÜKSEKOKULU,,,,,,,,,,,
108953193,  Bankacılık ve Sigortacılık,2,TYT,30,1,,,,1382034,260.97283,,
108950693,  Bilgisayar Programcılığı,2,TYT,75,2,,,,1142093,277.70101,,
108952432,  Elektronik Teknolojisi,2,TYT,45,2,,,,1544359,249.88598,,
108953209,  Lojistik,2,TYT,45,2,,,,1651172,242.62107,,
108990375,  Muhasebe ve Vergi Uygulamaları,2,TYT,27,1,,,,1533874,250.59672,,
,AKŞEHİR MESLEK YÜKSEKOKULU,,,,,,,,,,,
108952768,  Bankacılık ve Sigortacılık,2,TYT,30,1,,,,1217807,272.32998,,
108952308,  İşletme Yönetimi,2,TYT,35,1,,,,1514160,251.95736,,
108952186,  Muhasebe ve Vergi Uygulamaları,2,TYT,27,1,,,,1452681,256.13091,,
108953412,  Turist Rehberliği,2,TYT,45,2,,,,1307022,266.13233,,
108950745,  Turizm ve Otel İşletmeciliği,2,TYT,30,1,,,,1422779,258.19026,,
,BEYŞEHİR ALİ AKKANAT MESLEK YÜKSEKOKULU,,,,,,,,,,,
108953324,  Aşçılık,2,TYT,65,2,,,,914604,294.82944,,
108953051,  Bankacılık ve Sigortacılık,2,TYT,30,1,,,,1175204,275.32715,,
108950772,  Dış Ticaret,2,TYT,45,2,,,,1435849,257.29067,,
108952317,  İşletme Yönetimi,2,TYT,35,1,,,,1482182,254.13119,,
108953157,  Lojistik,2,TYT,55,2,,,,1557776,248.97153,,
108952195,  Muhasebe ve Vergi Uygulamaları,2,TYT,27,1,,,,1261322,269.29213,,
108950806,  Turist Rehberliği,2,TYT,45,2,,,,1119182,279.35083,,
108950815,  Turizm ve Otel İşletmeciliği,2,TYT,30,1,,,,1355350,262.78821,,
,BOZKIR MESLEK YÜKSEKOKULU,,,,,,,,,,,
108953369,  Alternatif Enerji Kaynakları Teknolojisi,2,TYT,40,1,,,,1707570,238.77803,,
108952617,  Bilgisayar Programcılığı,2,TYT,65,2,,,,1277759,268.16052,,
108990300,  Halkla İlişkiler ve Tanıtım,2,TYT,45,2,,,,1702438,239.13142,,
108953166,  Mimari Restorasyon,2,TYT,45,2,,,,1664507,241.70979,,
108953421,  Sağlık Bilgi Sistemleri Teknikerliği,2,TYT,65,2,,,,1133496,278.31715,,
,CİHANBEYLİ MESLEK YÜKSEKOKULU,,,,,,,,,,,
108950903,  Makine,2,TYT,35,1,,,,1407484,259.23352,,
108990431,  Makine Resim ve Konstrüksiyonu,2,TYT,35,1,,,,1646300,242.95360,,
108952202,  Muhasebe ve Vergi Uygulamaları,2,TYT,27,1,,,,1513309,252.01541,,
108990373,  Otomotiv Teknolojisi,2,TYT,35,1,,,,1273159,268.47541,,
,ÇUMRA MESLEK YÜKSEKOKULU,,,,,,,,,,,
108953121,  Coğrafi Bilgi Sistemleri,2,TYT,35,1,,,,1736840,236.77271,,
108990430,  Doğalgaz ve Tesisatı Teknolojisi,2,TYT,35,1,,,,1698751,239.38331,,
108952802,  Gıda Teknolojisi,2,TYT,25,1,,,,1402297,259.59125,,
108953139,  Laboratuvar Teknolojisi,2,TYT,35,1,,,,887372,297.02963,,
108990432,  Makine Resim ve Konstrüksiyonu,2,TYT,35,1,,,,1624099,244.46902,,
108950957,  Organik Tarım,2,TYT,25,1,,,,1709966,238.61360,,
,DOĞANHİSAR MESLEK YÜKSEKOKULU,,,,,,,,,,,
108951055,  Bankacılık ve Sigortacılık,2,TYT,30,1,,,,1534978,250.52163,,
108953263,  Lojistik,2,TYT,40,1,,,,1741459,236.46060,,
108990301,  Ulaştırma ve Trafik Hizmetleri,2,TYT,30,1,,,,1623098,244.53682,,
,GÜNEYSINIR MESLEK YÜKSEKOKULU,,,,,,,,,,,
108990428,  Bilişim Güvenliği Teknolojisi,2,TYT,50,2,,,,1452967,256.11173,,
108951107,  Harita ve Kadastro,2,TYT,25,1,,,,1445485,256.63013,,
108990291,  Tapu ve Kadastro,2,TYT,40,1,,,,1048922,284.49938,,
,HADİM MESLEK YÜKSEKOKULU,,,,,,,,,,,
108953439,  Bankacılık ve Sigortacılık,2,TYT,30,1,,,,1557593,248.98506,,
108990303,  Büro Yönetimi ve Yönetici Asistanlığı,2,TYT,35,1,,,,1280836,267.94389,,
108951152,  Harita ve Kadastro,2,TYT,25,1,,,,1522578,251.37341,,
,HUĞLU MESLEK YÜKSEKOKULU,,,,,,,,,,,
108990429,  Bilişim Güvenliği Teknolojisi,2,TYT,45,2,,,,1482344,254.11988,,
108951222,  Makine,2,TYT,35,1,,,,1251534,269.97905,,
108990295,  Silah Sanayi Teknikerliği,2,TYT,65,2,,,,749070,308.91220,,
,ILGIN MESLEK YÜKSEKOKULU,,,,,,,,,,,
108951346,  Bilgisayar Programcılığı,2,TYT,50,2,,,,1214709,272.53994,,
108951276,  Elektrik,2,TYT,45,2,,,,1293472,267.06019,,
108952441,  Elektronik Teknolojisi,2,TYT,45,2,,,,1487046,253.80938,,
108951294,  Makine,2,TYT,45,2,,,,1427471,257.86940,,
108953078,  Mekatronik,2,TYT,45,2,,,,1340736,263.80030,,
,KADINHANI FAİK İÇİL MESLEK YÜKSEKOKULU,,,,,,,,,,,
108951373,  Harita ve Kadastro,2,TYT,25,1,,,,1392494,260.25849,,
108952592,  İnşaat Teknolojisi,2,TYT,35,1,,,,1462796,255.45260,,
108990449,  İşletme Yönetimi,2,TYT,35,1,,,,1625550,244.36812,,
108952759,  Lojistik,2,TYT,35,1,,,,1677238,240.83890,,
108951407,  Mekatronik,2,TYT,40,1,,,,1194262,273.96804,,
108990448,  Sağlık Bilgi Sistemleri Teknikerliği,2,TYT,45,2,,,,1010374,287.38219,,
108990306,  Sivil Savunma ve İtfaiyecilik,2,TYT,45,2,,,9,693766,314.09361,,
108952741,  Yapı Denetimi,2,TYT,20,1,,,,1670186,241.31917,,
,KARAPINAR AYDOĞANLAR MESLEK YÜKSEKOKULU,,,,,,,,,,,
108953457,  Alternatif Enerji Kaynakları Teknolojisi,2,TYT,45,2,,,,1622604,244.57075,,
108952777,  Gıda Kalite Kontrolü ve Analizi,2,TYT,40,1,,,,1585491,247.09597,,
108953087,  Laborant ve Veteriner Sağlık,2,TYT,70,2,,,,992342,288.74996,,
108990374,  Özel Güvenlik ve Koruma,2,TYT,50,2,,,2,1318933,265.29619,,
108952114,  Süt ve Ürünleri Teknolojisi,2,TYT,25,1,,,,1775520,234.11685,,
,KULU MESLEK YÜKSEKOKULU,,,,,,,,,,,
108952653,  Bilgisayar Programcılığı,2,TYT,50,2,,,,1188039,274.40944,,
108951628,  Elektrik,2,TYT,45,2,,,,1355909,262.75051,,
,SAĞLIK HİZMETLERİ MESLEK YÜKSEKOKULU,,,,,,,,,,,
108953175,  Ameliyathane Hizmetleri,2,TYT,54,2,,,,467820,339.82630,,
108950233,  Anestezi,2,TYT,41,2,,,,276656,371.96346,,
108950242,  Çocuk Gelişimi,2,TYT,36,1,,,,577611,326.24410,,
108953236,  Diyaliz,2,TYT,63,2,,,,492954,336.49607,,
108953245,  Engelli Bakımı ve Rehabilitasyon,2,TYT,60,2,,,,889231,296.88197,,
108953403,  Engelli Bakımı ve Rehabilitasyon (KKTC Uyruklu),2,TYT,1,,,,5,,,,
108953254,  Fizyoterapi,2,TYT,41,2,,,,425909,345.75498,,
108953042,  İlk ve Acil Yardım,2,TYT,32,1,,,,264705,374.51005,,
108900388,  İlk ve Acil Yardım (KKTC Uyruklu),2,TYT,1,,,,5,...,----,,
108953184,  Odyometri,2,TYT,40,1,,,,518073,333.29325,,
108952565,  Tıbbi Görüntüleme Teknikleri,2,TYT,39,1,,,,267929,373.82443,,
108952547,  Tıbbi Laboratuvar Teknikleri,2,TYT,43,2,,,,358642,356.44601,,
108952811,  Yaşlı Bakımı,2,TYT,60,2,,,,755990,308.28549,,
,SARAYÖNÜ MESLEK YÜKSEKOKULU,,,,,,,,,,,
108952662,  Bilgisayar Programcılığı,2,TYT,55,2,,,,900039,296.00241,,
108952071,  Çevre Koruma ve Kontrol,2,TYT,30,1,,,,1684344,240.35985,,
108951725,  Gıda Teknolojisi,2,TYT,30,1,,,,1573174,247.92393,,
108951734,  Organik Tarım,2,TYT,35,1,,,,1748376,235.99057,,
108951743,  Tohumculuk Teknolojisi,2,TYT,25,1,,,,1788058,233.25818,,
,SİLİFKE TAŞUCU MESLEK YÜKSEKOKULU,,,,,,,,,,,
108953299,  Aşçılık,2,TYT,75,2,,,,979433,289.74641,,
108952256,  Bahçe Tarımı,2,TYT,30,1,,,,1746964,236.08784,,
108952098,  Dış Ticaret,2,TYT,45,2,,,,1343221,263.62964,,
108952468,  Elektronik Teknolojisi,2,TYT,45,2,,,,1277984,268.14613,,
108952635,  İnşaat Teknolojisi,2,TYT,35,1,,,,1399802,259.76106,,
108951982,  Turist Rehberliği,2,TYT,55,2,,,,1150602,277.08955,,
108951991,  Turizm ve Otel İşletmeciliği,2,TYT,30,1,,,,1253267,269.85841,,
,SOSYAL BİLİMLER MESLEK YÜKSEKOKULU,,,,,,,,,,,
108950287,  Bankacılık ve Sigortacılık,2,TYT,30,1,,,,770366,306.98855,,
108952671,  Büro Yönetimi ve Yönetici Asistanlığı,2,TYT,45,2,,,,712091,312.35609,,
108953342,  Çağrı Merkezi Hizmetleri,2,TYT,65,2,,,,943826,292.51355,,
108950303,  Dış Ticaret,2,TYT,45,2,,,,708500,312.69776,,
108990433,  Emlak Yönetimi,2,TYT,50,2,,,,1111049,279.93821,,
108952123,  Halkla İlişkiler ve Tanıtım,2,TYT,69,2,,,,999165,288.22939,,
108952283,  İşletme Yönetimi,2,TYT,35,1,,,,879060,297.70390,,
108952705,  Lojistik,2,TYT,85,3,,,,1037334,285.35782,,
108952168,  Muhasebe ve Vergi Uygulamaları,2,TYT,27,1,,,,760532,307.86946,,
108950348,  Pazarlama,2,TYT,35,1,,,,995790,288.48815,,
108950366,  Turizm ve Otel İşletmeciliği,2,TYT,30,1,,,,821161,302.54452,,
,TAŞKENT MESLEK YÜKSEKOKULU,,,,,,,,,,,
108953378,  Bankacılık ve Sigortacılık,2,TYT,30,1,,,,1519077,251.61812,,
108952847,  Harita ve Kadastro,2,TYT,25,1,,,,1521199,251.47053,,
,YUNAK MESLEK YÜKSEKOKULU,,,,,,,,,,,
108953448,  Bankacılık ve Sigortacılık,2,TYT,30,1,,,,1514930,251.90449,,
,SİİRT ÜNİVERSİTESİ (Devlet Üniversitesi),,,,,,,,,,,YÖKAK
,ERUH MESLEK YÜKSEKOKULU,,,,,,,,,,,
109050354,  Çocuk Gelişimi,2,TYT,27,1,,1,,1234075,271.19406,,
109090057,  Harita ve Kadastro,2,TYT,25,1,,1,,1490399,253.57995,,
109050284,  Sosyal Hizmetler,2,TYT,35,1,,1,,1463846,255.38228,,
,KURTALAN MESLEK YÜKSEKOKULU,,,,,,,,,,,
109050309,  Bankacılık ve Sigortacılık,2,TYT,30,1,,1,,1532980,250.66207,,
109050293,  Posta Hizmetleri,2,TYT,35,1,,1,,1759718,235.20694,,
109090045,  Sosyal Hizmetler,2,TYT,35,1,,1,,1447039,256.52398,,
109000101,  Sulama Teknolojisi,2,TYT,30,1,,1,,...,----,,
109050221,  Turizm ve Seyahat Hizmetleri,2,TYT,20,1,,1,,...,----,,
,SAĞLIK HİZMETLERİ MESLEK YÜKSEKOKULU,,,,,,,,,,,
109090063,  Diyaliz,2,TYT,63,2,,2,,632336,320.30447,,
109090046,  Fizyoterapi,2,TYT,41,2,,2,,662125,317.21848,,
109050239,  İlk ve Acil Yardım,2,TYT,32,1,,1,,386365,351.82223,,
109050054,  Tıbbi Dokümantasyon ve Sekreterlik,2,TYT,30,1,,1,,535946,331.10834,,
109050266,  Tıbbi Görüntüleme Teknikleri,2,TYT,39,1,,1,,413137,347.65906,,
109050275,  Tıbbi Laboratuvar Teknikleri,2,TYT,43,2,,2,,528006,332.06534,,
,SOSYAL BİLİMLER MESLEK YÜKSEKOKULU,,,,,,,,,,,
109090047,  Aşçılık,2,TYT,65,2,,2,,1262573,269.20313,,
109050327,  Büro Yönetimi ve Yönetici Asistanlığı,2,TYT,45,2,,2,,1129245,278.62338,,
109090048,  Çağrı Merkezi Hizmetleri,2,TYT,45,2,,2,,1367380,261.96693,,
109050018,  Çocuk Gelişimi,2,TYT,27,1,,1,,959115,291.31565,,
109050124,  Geleneksel El Sanatları,2,TYT,30,1,,1,,1695630,239.59446,,
109050178,  İşletme Yönetimi,2,TYT,35,1,,1,,1518158,251.68034,,
109050133,  Muhasebe ve Vergi Uygulamaları,2,TYT,27,1,,1,,1355535,262.77523,,
109050336,  Sosyal Hizmetler,2,TYT,35,1,,1,,1102994,280.52887,,
,TASARIM MESLEK YÜKSEKOKULU,,,,,,,,,,,
109000108,  Bilgisayar Destekli Tasarım ve Animasyon,2,TYT,30,1,,1,,...,----,,
109090077,  İç Mekan Tasarımı,2,TYT,27,1,,1,,1480353,254.26058,,
,TEKNİK BİLİMLER MESLEK YÜKSEKOKULU,,,,,,,,,,,
109050169,  Bilgisayar Programcılığı,2,TYT,65,2,,2,,1109919,280.02161,,
109050081,  Elektrik,2,TYT,65,2,,2,,1220708,272.12665,,
109050106,  Gıda Teknolojisi,2,TYT,25,1,,1,,1549059,249.56343,,
109050187,  İnşaat Teknolojisi,2,TYT,45,2,,2,,1561354,248.73462,,
109050142,  Kimya Teknolojisi,2,TYT,25,1,,1,,1492215,253.46104,,
109050099,  Makine,2,TYT,45,2,,2,,1454951,255.97701,,
109050372,  Özel Güvenlik ve Koruma,2,TYT,65,2,,2,2,1247812,270.24078,,
109090060,  Raylı Sistemler Elektrik ve Elektronik,2,TYT,55,2,,2,6,1151870,276.99906,,
,SİNOP ÜNİVERSİTESİ (Devlet Üniversitesi),,,,,,,,,,,
,AYANCIK MESLEK YÜKSEKOKULU,,,,,,,,,,,
109150308,  Çocuk Gelişimi,2,TYT,32,1,,1,,937349,293.03211,,
109190037,  Dış Ticaret,2,TYT,35,1,,1,,1479024,254.35036,,
109190055,  İç Mekan Tasarımı,2,TYT,27,1,,1,,1289499,267.33618,,
109190038,  İnternet ve Ağ Teknolojileri,2,TYT,50,2,,2,,1487441,253.78180,,
109150238,  Kontrol ve Otomasyon Teknolojisi,2,TYT,35,1,,1,,1328618,264.62892,,
109150317,  Lojistik,2,TYT,55,2,,2,,1485080,253.93686,,MEDEK
109150468,  Ormancılık ve Orman Ürünleri,2,TYT,20,1,,1,,678384,315.59692,,
,BOYABAT MESLEK YÜKSEKOKULU,,,,,,,,,,,
109150502,  Coğrafi Bilgi Sistemleri,2,TYT,35,1,,1,,1710667,238.56295,,
109190185,  Emlak Yönetimi,2,TYT,20,1,,1,,1781871,233.68335,,
109150062,  Harita ve Kadastro,2,TYT,25,1,,1,,1303529,266.37473,,
109150177,  İnşaat Teknolojisi,2,TYT,35,1,,1,,1493669,253.36032,,
109190056,  Laboratuvar Teknolojisi,2,TYT,35,1,,1,,930349,293.59044,,
109190039,  Mimari Restorasyon,2,TYT,35,1,,1,,1626493,244.30353,,
109190042,  Sivil Savunma ve İtfaiyecilik,2,TYT,35,1,,,9,914469,294.83973,,
,DURAĞAN MESLEK YÜKSEKOKULU,,,,,,,,,,,
109190027,  Eczane Hizmetleri,2,TYT,30,1,,1,,721927,311.42029,,
109190028,  İlk ve Acil Yardım,2,TYT,32,1,,1,,433361,344.64747,,
,GERZE MESLEK YÜKSEKOKULU,,,,,,,,,,,
109150486,  Aşçılık,2,TYT,55,2,,2,,910885,295.13543,,MEDEK
109190040,  Bankacılık ve Sigortacılık,2,TYT,30,1,,1,,1055649,283.99423,,
109190213,  Basım ve Yayım Teknolojileri,2,TYT,35,1,,1,,1651873,242.57389,,
109190057,  Bilgisayar Programcılığı (Uzaktan Öğretim),2,TYT,150,4,,4,"7, 8",1546285,249.75075,,
109150274,  Deniz ve Liman İşletmeciliği,2,TYT,30,1,,1,,997870,288.33019,,
109150283,  Grafik Tasarımı,2,TYT,65,2,,2,,1195214,273.90497,,
109190094,  Moda Tasarımı,2,TYT,30,1,,1,,1389860,260.43434,,
109190058,  Otobüs Kaptanlığı,2,TYT,35,1,,1,,1760400,235.15615,,
109190041,  Sağlık Bilgi Sistemleri Teknikerliği,2,TYT,55,2,,2,,948018,292.17704,,
109150114,  Tekstil Teknolojisi,2,TYT,25,1,,1,,1763947,234.91151,,
109150105,  Turizm ve Otel İşletmeciliği,2,TYT,30,1,,1,,1207520,273.04487,,
,MESLEK YÜKSEKOKULU,,,,,,,,,,,
109100101,  Balıkçılık Teknolojisi,2,TYT,30,1,,1,,...,----,,
109150168,  Bilgisayar Programcılığı,2,TYT,65,2,,2,,801775,304.21445,,
109190192,  Büyük Veri Analistliği,2,TYT,35,1,,1,320,1031691,285.77564,,
109150026,  Elektrik,2,TYT,55,2,,2,,1067804,283.08714,,
109100108,  Endüstriyel Kalıpçılık,2,TYT,30,1,,1,,...,----,,
109100115,  Hibrid ve Elektrikli Taşıtlar Teknolojisi,2,TYT,30,1,,1,,...,----,,
109150035,  Makine,2,TYT,55,2,,2,,1115078,279.64540,,
109150202,  Mekatronik,2,TYT,55,2,,2,,1027250,286.10518,,
109150123,  Muhasebe ve Vergi Uygulamaları,2,TYT,27,1,,1,,1087078,281.67210,,
109190199,  Nükleer Teknoloji ve Radyasyon Güvenliği,2,TYT,20,1,,1,,1205977,273.14984,,
109190206,  Oyun Geliştirme ve Programlama,2,TYT,35,1,,1,320,1081156,282.09932,,
109150326,  Su Altı Teknolojisi,2,TYT,35,1,,1,57,1140570,277.80972,,
,SAĞLIK HİZMETLERİ MESLEK YÜKSEKOKULU,,,,,,,,,,,
109190087,  Anestezi,2,TYT,32,1,,1,,348009,358.27074,,
109150459,  Çevre Sağlığı,2,TYT,45,2,,2,,837311,301.17929,,
109190045,  Diyaliz,2,TYT,45,2,,2,,565897,327.58536,,
109150398,  Tıbbi Dokümantasyon ve Sekreterlik,2,TYT,30,1,,1,,515205,333.64515,,
109150432,  Tıbbi Laboratuvar Teknikleri,2,TYT,43,2,,2,,497329,335.92791,,
109190101,  Yaşlı Bakımı,2,TYT,35,1,,1,,777700,306.33067,,
,TÜRKELİ MESLEK YÜKSEKOKULU,,,,,,,,,,,
109190059,  Acil Durum ve Afet Yönetimi,2,TYT,34,1,,1,,855139,299.68977,,
109190043,  Çocuk Koruma ve Bakım Hizmetleri,2,TYT,65,2,,2,,1238209,270.90701,,
109190031,  Evde Hasta Bakımı,2,TYT,65,2,,2,,854144,299.77328,,
,SİVAS BİLİM VE TEKNOLOJİ ÜNİVERSİTESİ (Devlet Üniversitesi),,,,,,,,,,,
,SİVAS MESLEK YÜKSEKOKULU,,,,,,,,,,,
111900129,  İnsansız Hava Aracı Teknolojisi ve Operatörlüğü,2,TYT,35,1,,1,,411425,347.92399,,
,SİVAS CUMHURİYET ÜNİVERSİTESİ (Devlet Üniversitesi),,,,,,,,,,,YÖKAK
,CUMHURİYET SOSYAL BİLİMLER MESLEK YÜKSEKOKULU,,,,,,,,,,,
102690130,  Aşçılık,2,TYT,45,2,,2,,881072,297.54343,,
102651446,  Bankacılık ve Sigortacılık,2,TYT,30,1,,1,,964963,290.85376,,
102652426,  Çağrı Merkezi Hizmetleri,2,TYT,65,2,,2,,1136736,278.08307,,
102650387,  Dış Ticaret,2,TYT,45,2,,2,,1250795,270.02988,,
102652311,  İnsan Kaynakları Yönetimi,2,TYT,41,2,,2,,1197443,273.74757,,
102651613,  İşletme Yönetimi,2,TYT,35,1,,1,,1197470,273.74587,,
102690329,  Kurumsal Bilişim Uzmanlığı,2,TYT,35,1,,1,320,949962,292.02639,,
102690336,  Mahkeme Büro Hizmetleri,2,TYT,35,1,,1,,690898,314.36011,,
102651491,  Muhasebe ve Vergi Uygulamaları,2,TYT,27,1,,1,,1082372,282.01381,,
102690137,  Sağlık Turizmi İşletmeciliği,2,TYT,27,1,,1,,1230366,271.45193,,
102652647,  Sosyal Güvenlik,2,TYT,54,2,,2,,1038740,285.25069,,
102650448,  Turizm ve Otel İşletmeciliği,2,TYT,30,1,,1,,1166590,275.95229,,
,DİVRİĞİ NURİ DEMİRAĞ MESLEK YÜKSEKOKULU,,,,,,,,,,,
102651455,  Bankacılık ve Sigortacılık,2,TYT,30,1,,1,,1670123,241.32404,,
102690208,  Elektrik,2,TYT,55,2,,2,,1417543,258.54817,,
102652665,  Lojistik,2,TYT,45,2,,2,,1741348,236.46947,,
102690343,  Raylı Sistemler Makine Teknolojisi,2,TYT,35,1,,1,6,1123070,279.06942,,
102690211,  Raylı Sistemler Makinistliği,2,TYT,75,2,,2,6,1008943,287.49199,,
102690217,  Turizm ve Otel İşletmeciliği,2,TYT,25,1,,1,,1649807,242.71267,,
,GEMEREK MESLEK YÜKSEKOKULU,,,,,,,,,,,
102651482,  Bankacılık ve Sigortacılık,2,TYT,30,1,,1,,1671185,241.24664,,
102651437,  Halkla İlişkiler ve Tanıtım,2,TYT,29,1,,1,,1749787,235.89610,,
102652602,  Laboratuvar Teknolojisi,2,TYT,35,1,,1,,1034543,285.56691,,
102690272,  Sağlık Bilgi Sistemleri Teknikerliği,2,TYT,35,1,,1,,1270826,268.63294,,
,GÜRÜN MESLEK YÜKSEKOKULU,,,,,,,,,,,
102690186,  Aşçılık,2,TYT,35,1,,1,,1223541,271.92829,,
102651385,  Bankacılık ve Sigortacılık,2,TYT,30,1,,1,,1530141,250.85849,,
102690187,  Sağlık Bilgi Sistemleri Teknikerliği,2,TYT,35,1,,1,,1200069,273.56499,,
102690273,  Sosyal Hizmetler,2,TYT,35,1,,1,,1236738,271.01059,,
,HAFİK KAMER ÖRNEK MESLEK YÜKSEKOKULU,,,,,,,,,,,
102652514,  Bankacılık ve Sigortacılık,2,TYT,30,1,,1,,1651901,242.57189,,
102690138,  Çocuk Gelişimi,2,TYT,32,1,,1,,1182765,274.78350,,
102652559,  Raylı Sistemler İşletmeciliği,2,TYT,30,1,,1,6,1263478,269.14004,,
102690184,  Sağlık Kurumları İşletmeciliği,2,TYT,28,1,,1,,1440096,256.99231,,
,İMRANLI MESLEK YÜKSEKOKULU,,,,,,,,,,,
102690413,  Özel Güvenlik ve Koruma,2,TYT,35,1,,1,2,1489092,253.67123,,
102690136,  Sivil Savunma ve İtfaiyecilik,2,TYT,55,2,,,9,979266,289.75930,,
,KANGAL MESLEK YÜKSEKOKULU,,,,,,,,,,,
102652374,  Bankacılık ve Sigortacılık,2,TYT,30,1,,1,,1659210,242.07118,,
102652383,  Halkla İlişkiler ve Tanıtım,2,TYT,25,1,,1,,1740060,236.55553,,
102690274,  Raylı Sistemler İşletmeciliği,2,TYT,30,1,,1,6,1267502,268.86273,,
102690275,  Sağlık Bilgi Sistemleri Teknikerliği,2,TYT,35,1,,1,,1286453,267.55375,,
102652638,  Sağlık Kurumları İşletmeciliği,2,TYT,28,1,,1,,1477623,254.44890,,
,KOYULHİSAR MESLEK YÜKSEKOKULU,,,,,,,,,,,
102652498,  Ormancılık ve Orman Ürünleri,2,TYT,20,1,,1,,970339,290.44341,,
102690119,  Posta Hizmetleri,2,TYT,35,1,,1,,1794616,232.80338,,
102690276,  Sosyal Güvenlik,2,TYT,36,1,,1,,1685441,240.28751,,
,SAĞLIK HİZMETLERİ MESLEK YÜKSEKOKULU,,,,,,,,,,,
102652144,  Ağız ve Diş Sağlığı,2,TYT,36,1,,1,,412008,347.83255,,
102650475,  Ameliyathane Hizmetleri,2,TYT,54,2,,2,,523218,332.64777,,
102650484,  Anestezi,2,TYT,36,1,,1,,331342,361.26196,,
102652171,  Çocuk Gelişimi,2,TYT,27,1,,1,,711695,312.39225,,
102651755,  Diş Protez Teknolojisi,2,TYT,35,1,,1,,475537,338.80437,,
102650509,  Diyaliz,2,TYT,63,2,,2,,570099,327.08930,,
102652656,  Eczane Hizmetleri,2,TYT,30,1,,1,,581550,325.79915,,
102650518,  Fizyoterapi,2,TYT,32,1,,1,,513114,333.90860,,
102690350,  Fizyoterapi (KKTC Uyruklu),2,TYT,1,,,,5,,,,
102651967,  İlk ve Acil Yardım,2,TYT,41,2,,2,,344446,358.89393,,
102650527,  Odyometri,2,TYT,35,1,,1,,611945,322.48718,,
102652462,  Optisyenlik,2,TYT,35,1,,1,,639378,319.57218,,
102650554,  Tıbbi Dokümantasyon ve Sekreterlik,2,TYT,30,1,,1,,455448,341.54169,,
102651816,  Tıbbi Görüntüleme Teknikleri,2,TYT,35,1,,1,,349303,358.03497,,
102651782,  Tıbbi Laboratuvar Teknikleri,2,TYT,43,2,,2,,455291,341.56363,,
102652074,  Yaşlı Bakımı,2,TYT,35,1,,1,,842933,300.69960,,
,SİVAS TEKNİK BİLİMLER MESLEK YÜKSEKOKULU,,,,,,,,,,,
102650378,  Bilgisayar Programcılığı,2,TYT,60,2,,2,,708323,312.71435,,
102690308,  Büyük Veri Analistliği,2,TYT,35,1,,1,320,781647,305.97191,,
102690315,  Dijital Dönüşüm Elektroniği,2,TYT,35,1,,1,320,1032921,285.68842,,
102690207,  Doğalgaz ve Tesisatı Teknolojisi,2,TYT,45,2,,2,,1575709,247.75424,,
102650245,  Elektrik,2,TYT,45,2,,2,,828657,301.90902,,
102651719,  Elektronik Haberleşme Teknolojisi,2,TYT,35,1,,1,,1205797,273.16246,,
102651728,  Elektronik Teknolojisi,2,TYT,35,1,,1,,1055068,284.03941,,
102652011,  Geleneksel El Sanatları,2,TYT,35,1,,1,,1635767,243.66927,,
102651825,  İnşaat Teknolojisi,2,TYT,45,2,,2,,1265114,269.02804,,
102690392,  Madencilik Teknolojisi,2,TYT,15,1,,1,,1573966,247.86987,,
102650306,  Makine,2,TYT,45,2,,2,,1002504,287.97801,,
102652002,  Mekatronik,2,TYT,35,1,,1,,946331,292.31494,,
102652392,  Mimari Dekoratif Sanatlar,2,TYT,50,2,,2,,1534356,250.56395,,
102652417,  Organik Tarım,2,TYT,45,2,,2,,1549541,249.53266,,
102651588,  Otomotiv Teknolojisi,2,TYT,35,1,,1,,1101651,280.62264,,
102652083,  Raylı Sistemler Makine Teknolojisi,2,TYT,50,2,,2,6,749025,308.91634,,
102690399,  Sondaj Teknolojisi,2,TYT,25,1,,1,,1356980,262.67749,,
102690322,  Tekstil Teknolojisi,2,TYT,20,1,,1,,1490420,253.57823,,
102652577,  Tıbbi ve Aromatik Bitkiler,2,TYT,45,2,,2,,1620641,244.70085,,
102652595,  Yapı Denetimi,2,TYT,30,1,,1,,1351990,263.02034,,
,SUŞEHRİ TİMUR KARABAL MESLEK YÜKSEKOKULU,,,,,,,,,,,
102652038,  Bankacılık ve Sigortacılık,2,TYT,30,1,,1,,1641854,243.25659,,
102652674,  Çocuk Gelişimi,2,TYT,32,1,,1,,1224918,271.83418,,
102690277,  Gıda Kalite Kontrolü ve Analizi,2,TYT,20,1,,1,,1722185,237.78078,,
102690278,  Sağlık Kurumları İşletmeciliği,2,TYT,28,1,,1,,1485011,253.94158,,
,ŞARKIŞLA AŞIK VEYSEL MESLEK YÜKSEKOKULU,,,,,,,,,,,
102651464,  Bankacılık ve Sigortacılık,2,TYT,30,1,,1,,1548330,249.61233,,
102652435,  Çocuk Gelişimi,2,TYT,32,1,,1,,1148063,277.27213,,
102690279,  Eczane Hizmetleri,2,TYT,30,1,,1,,770403,306.98423,,
102652135,  Halkla İlişkiler ve Tanıtım,2,TYT,25,1,,1,,1654422,242.39683,,
102652126,  Laborant ve Veteriner Sağlık,2,TYT,50,2,,2,,1148623,277.23261,,
102690185,  Sağlık Kurumları İşletmeciliği,2,TYT,28,1,,1,,1361401,262.37661,,
,YILDIZELİ MESLEK YÜKSEKOKULU,,,,,,,,,,,
102651067,  Bankacılık ve Sigortacılık,2,TYT,30,1,,1,,1518179,251.67899,,
102690406,  Biyokimya,2,TYT,20,1,,1,,1261885,269.25108,,
102690134,  Çocuk Gelişimi,2,TYT,27,1,,1,,1107442,280.19460,,
102652329,  Gıda Teknolojisi,2,TYT,25,1,,1,,1637731,243.53804,,
102652683,  Laboratuvar Teknolojisi,2,TYT,35,1,,1,,972942,290.24663,,
102690210,  Sağlık Kurumları İşletmeciliği,2,TYT,28,1,,1,,1405163,259.39284,,
102690133,  Tıbbi Laboratuvar Teknikleri,2,TYT,34,1,,1,,565262,327.65550,,
102690209,  Tıbbi Tanıtım ve Pazarlama,2,TYT,27,1,,1,,1595259,246.42466,,
,ZARA AHMET ÇUHADAROĞLU MESLEK YÜKSEKOKULU,,,,,,,,,,,
102651473,  Bankacılık ve Sigortacılık,2,TYT,30,1,,1,,1651078,242.62752,,
102652692,  Çağrı Merkezi Hizmetleri,2,TYT,45,2,,2,,1621905,244.61705,,
102690280,  Gıda Kalite Kontrolü ve Analizi,2,TYT,30,1,,1,,1739732,236.57781,,
,SÜLEYMAN DEMİREL ÜNİVERSİTESİ (ISPARTA) (Devlet Üniversitesi),,,,,,,,,,,YÖKAK
,ATAYALVAÇ SAĞLIK HİZMETLERİ MESLEK YÜKSEKOKULU,,,,,,,,,,,
109253355,  Fizyoterapi,2,TYT,32,1,,1,,623320,321.26393,,
109253364,  İlk ve Acil Yardım,2,TYT,32,1,,1,,447435,342.64290,,
109290269,  Tıbbi Laboratuvar Teknikleri,2,TYT,26,1,,1,,518444,333.24600,,
,EĞİRDİR SAĞLIK HİZMETLERİ MESLEK YÜKSEKOKULU,,,,,,,,,,,
109290341,  Çocuk Gelişimi,2,TYT,27,1,,1,,850226,300.09736,,
109253213,  Engelli Bakımı ve Rehabilitasyon,2,TYT,55,2,,2,,1089841,281.47046,,MEDEK
109253258,  İlk ve Acil Yardım,2,TYT,32,1,,1,,421729,346.39261,,MEDEK
109253222,  Sosyal Hizmetler,2,TYT,45,2,,2,,1027943,286.05324,,
109290342,  Tıbbi Dokümantasyon ve Sekreterlik,2,TYT,30,1,,1,,536985,330.98247,,
109253267,  Yaşlı Bakımı,2,TYT,35,1,,1,,953363,291.75908,,MEDEK
,ISPARTA SAĞLIK HİZMETLERİ MESLEK YÜKSEKOKULU,,,,,,,,,,,
109253328,  Ağız ve Diş Sağlığı,2,TYT,45,2,,2,,405086,348.88157,,
109250661,  Anestezi,2,TYT,45,2,,2,,339502,359.77869,,
109253001,  Çocuk Gelişimi,2,TYT,27,1,,1,,663555,317.07659,,
109252896,  Diş Protez Teknolojisi,2,TYT,45,2,,2,,384125,352.18961,,
109252887,  Fizyoterapi,2,TYT,50,2,,2,,524603,332.47784,,
109252569,  İlk ve Acil Yardım,2,TYT,36,1,,1,,347629,358.34107,,MEDEK
109290396,  Tıbbi Dokümantasyon ve Sekreterlik,2,TYT,30,1,,1,,448250,342.53096,,
109252596,  Tıbbi Görüntüleme Teknikleri,2,TYT,39,1,,1,,345224,358.75643,,
109252348,  Tıbbi Laboratuvar Teknikleri,2,TYT,43,2,,2,,434681,344.45457,,
109290592,  Tıbbi Veri İşleme Teknikerliği,2,TYT,35,1,,1,,475357,338.82824,,
109252587,  Yaşlı Bakımı,2,TYT,55,2,,2,,802900,304.11662,,MEDEK
,ŞIRNAK ÜNİVERSİTESİ (Devlet Üniversitesi),,,,,,,,,,,
,CİZRE MESLEK YÜKSEKOKULU,,,,,,,,,,,
109350069,  Bilgisayar Programcılığı,2,TYT,55,2,,2,,1525054,251.20188,,
109350078,  Çocuk Gelişimi,2,TYT,27,1,,1,,1228121,271.61245,,
109370181,  Elektronik Haberleşme Teknolojisi,2,TYT,30,1,,1,,1630089,244.05258,,
109300101,  İklimlendirme ve Soğutma Teknolojisi,2,TYT,30,1,,1,,...,----,,
109350051,  Muhasebe ve Vergi Uygulamaları,2,TYT,23,1,,1,,1595916,246.38022,,
109370148,  Sosyal Hizmetler,2,TYT,35,1,,1,,1444032,256.72602,,
,İDİL MESLEK YÜKSEKOKULU,,,,,,,,,,,
109350139,  Çocuk Gelişimi,2,TYT,27,1,,1,,1325697,264.82419,,
109350121,  Elektrikli Cihaz Teknolojisi,2,TYT,30,1,,1,,1632713,243.87596,,
109370167,  Laborant ve Veteriner Sağlık,2,TYT,25,1,,1,,1193991,273.98580,,
109370149,  Sosyal Hizmetler,2,TYT,35,1,,1,,1488467,253.71310,,
,SAĞLIK HİZMETLERİ MESLEK YÜKSEKOKULU,,,,,,,,,,,
109370168,  Çocuk Gelişimi,2,TYT,27,1,,1,,1085399,281.79442,,
109370195,  Evde Hasta Bakımı,2,TYT,35,1,,1,,713933,312.17298,,
109370169,  İlk ve Acil Yardım,2,TYT,41,2,,2,,473287,339.10603,,
109370170,  Optisyenlik,2,TYT,35,1,,1,,968056,290.61790,,
109370171,  Tıbbi Dokümantasyon ve Sekreterlik,2,TYT,30,1,,1,,638728,319.63748,,
109370202,  Tıbbi Laboratuvar Teknikleri,2,TYT,26,1,,1,,578611,326.12761,,
109370209,  Yaşlı Bakımı,2,TYT,35,1,,1,,888748,296.92252,,
,SİLOPİ MESLEK YÜKSEKOKULU,,,,,,,,,,,
109350103,  Bankacılık ve Sigortacılık,2,TYT,30,1,,1,,1609539,245.45592,,
109370144,  Çocuk Gelişimi,2,TYT,27,1,,1,,1301945,266.48224,,
109350096,  Dış Ticaret,2,TYT,35,1,,1,,1682848,240.46287,,
109350112,  Lojistik,2,TYT,35,1,,1,,1728962,237.31670,,
109370163,  Sağlık Kurumları İşletmeciliği,2,TYT,28,1,,1,,1506740,252.46926,,
,ŞIRNAK MESLEK YÜKSEKOKULU,,,,,,,,,,,
109350087,  Büro Yönetimi ve Yönetici Asistanlığı,2,TYT,40,1,,1,,1318200,265.34769,,
109350015,  Elektrik,2,TYT,35,1,,1,,1162610,276.23921,,
109370154,  İnşaat Teknolojisi,2,TYT,40,1,,1,,1513432,252.00736,,
109370172,  Kuyumculuk ve Takı Tasarımı,2,TYT,25,1,,1,,1627882,244.20624,,
109350024,  Makine,2,TYT,30,1,,1,,1231715,271.35834,,
109350042,  Muhasebe ve Vergi Uygulamaları,2,TYT,27,1,,1,,1542666,250.00157,,
109370153,  Otomotiv Teknolojisi,2,TYT,25,1,,1,,1544101,249.90371,,
109370173,  Özel Güvenlik ve Koruma,2,TYT,45,2,,2,2,1338805,263.93393,,
109370216,  Sondaj Teknolojisi,2,TYT,35,1,,1,,914565,294.83276,,
,TARSUS ÜNİVERSİTESİ (MERSİN) (Devlet Üniversitesi),,,,,,,,,,,
,MERSİN TARSUS ORGANİZE SANAYİ BÖLGESİ TEKNİK BİLİMLER MESLEK YÜKSEKOKULU,,,,,,,,,,,
112070733,  Elektronik Teknolojisi,2,TYT,45,2,,2,,1070183,282.90935,,
112070690,  Gıda Teknolojisi,2,TYT,25,1,,1,321,1182766,274.78345,,
112070740,  İklimlendirme ve Soğutma Teknolojisi,2,TYT,45,2,,2,,1363704,262.21666,,
112000101,  Kaynak Teknolojisi,2,TYT,30,1,,1,,...,----,,
112070691,  Kimya Teknolojisi,2,TYT,25,1,,1,321,1045777,284.73433,,
112070692,  Makine,2,TYT,45,2,,2,321,992387,288.74656,,
112070693,  Mekatronik,2,TYT,45,2,,2,321,875452,298.00195,,
112000108,  Otomotiv Teknolojisi,2,TYT,30,1,,1,,...,----,,
,MESLEK YÜKSEKOKULU,,,,,,,,,,,
112070674,  Bankacılık ve Sigortacılık,2,TYT,30,1,,1,,921885,294.26516,*,MEDEK
112050823,  Bilgisayar Programcılığı,2,TYT,65,2,,2,,737439,309.97235,,MEDEK
112051354,  Büro Yönetimi ve Yönetici Asistanlığı,2,TYT,40,1,,1,,936810,293.07395,,
112070681,  Dış Ticaret,2,TYT,45,2,,2,,1020434,286.62711,,
112070672,  Grafik Tasarımı,2,TYT,55,2,,2,,1004666,287.81270,,
112070682,  İnsan Kaynakları Yönetimi,2,TYT,36,1,,1,,1129765,278.58640,,
112070675,  Lojistik,2,TYT,55,2,,2,,970371,290.44114,,MEDEK
112051593,  Moda Tasarımı,2,TYT,45,2,,2,,1226610,271.71450,,
112050983,  Muhasebe ve Vergi Uygulamaları,2,TYT,27,1,,1,,1006493,287.67701,,MEDEK
112050798,  Pazarlama,2,TYT,35,1,,1,,1205480,273.18530,,
112070695,  Sivil Hava Ulaştırma İşletmeciliği,2,TYT,35,1,,1,10,610328,322.65721,,MEDEK
,SAĞLIK HİZMETLERİ MESLEK YÜKSEKOKULU,,,,,,,,,,,
112070676,  Çocuk Gelişimi,2,TYT,27,1,,1,,706640,312.88023,,
112070696,  Eczane Hizmetleri,2,TYT,30,1,,1,,560494,328.20934,,
112070697,  İlk ve Acil Yardım,2,TYT,36,1,,1,,349877,357.92963,,MEDEK
112070673,  Sağlık Kurumları İşletmeciliği,2,TYT,28,1,,1,,865123,298.85366,,MEDEK
112070698,  Tıbbi Dokümantasyon ve Sekreterlik,2,TYT,30,1,,1,,453100,341.86365,,
112000115,  Yaşlı Bakımı,2,TYT,30,1,,1,,...,----,,
,TEKİRDAĞ NAMIK KEMAL ÜNİVERSİTESİ (Devlet Üniversitesi),,,,,,,,,,,YÖKAK
,BARBAROS DENİZCİLİK MESLEK YÜKSEKOKULU,,,,,,,,,,,
107990206,  Deniz ve Liman İşletmeciliği,2,TYT,30,1,,1,,869576,298.48431,,
,ÇERKEZKÖY MESLEK YÜKSEKOKULU,,,,,,,,,,,
107950624,  Halkla İlişkiler ve Tanıtım,2,TYT,45,2,,2,,1383344,260.88274,,MEDEK
107950545,  Lojistik,2,TYT,65,2,,2,,1237071,270.98690,,
107900318,  Ofis Teknolojileri ve Veri Yönetimi,2,TYT,40,1,,1,,1198976,273.64262,,
107951058,  Sivil Savunma ve İtfaiyecilik,2,TYT,45,2,,,9,779974,306.12757,,
107951049,  Tekstil Teknolojisi,2,TYT,30,1,,1,,1617282,244.92521,,
,ÇORLU MESLEK YÜKSEKOKULU,,,,,,,,,,,
107990150,  Çevre Koruma ve Kontrol,2,TYT,45,2,,2,,1457664,255.79912,,
107950581,  Deri Teknolojisi,2,TYT,25,1,,1,,1636517,243.62156,,
107950872,  Elektronik Teknolojisi,2,TYT,45,2,,2,,1055766,283.98521,,
107951067,  Endüstri Ürünleri Tasarımı,2,TYT,45,2,,2,,1372011,261.65508,,
107951243,  Geleneksel El Sanatları,2,TYT,35,1,,1,,1596422,246.34632,,
107950493,  Gıda Teknolojisi,2,TYT,25,1,,1,,1133193,278.33830,*,MEDEK
107950793,  İşletme Yönetimi,2,TYT,35,1,,1,,1229287,271.52814,,
107950484,  Kooperatifçilik,2,TYT,25,1,,1,,1574764,247.81498,,
107950209,  Makine,2,TYT,65,2,,2,,1022976,286.43518,,
107950687,  Muhasebe ve Vergi Uygulamaları,2,TYT,27,1,,1,,1058398,283.78316,*,MEDEK
107950748,  Otomotiv Teknolojisi,2,TYT,35,1,,1,,968960,290.54970,,
107950236,  Pazarlama,2,TYT,35,1,,1,,1342933,263.64905,,
107990213,  Su ve Atık Yönetimi Teknikerliği,2,TYT,35,1,,1,,1681414,240.56062,,
107950615,  Tekstil Teknolojisi,2,TYT,25,1,,1,,1612294,245.26707,,
,HAYRABOLU MESLEK YÜKSEKOKULU,,,,,,,,,,,
107950642,  Bankacılık ve Sigortacılık,2,TYT,30,1,,1,,1050650,284.37395,,
107951173,  Büro Yönetimi ve Yönetici Asistanlığı,2,TYT,30,1,,1,,1349652,263.18173,,
107950272,  Makine,2,TYT,45,2,,2,,1326830,264.74677,,
107950757,  Otomotiv Teknolojisi,2,TYT,35,1,,1,,1270774,268.63781,,
,MALKARA MESLEK YÜKSEKOKULU,,,,,,,,,,,
107990220,  Elektrikli Cihaz Teknolojisi,2,TYT,55,2,,2,,1591329,246.70019,,
107950324,  Gıda Teknolojisi,2,TYT,25,1,,1,,1350962,263.09035,,
107950836,  İşletme Yönetimi,2,TYT,35,1,,1,,1502868,252.73599,,
107951207,  Makine,2,TYT,55,2,,2,,1384725,260.78913,,
,MARMARA EREĞLİSİ MESLEK YÜKSEKOKULU,,,,,,,,,,,
107951164,  Büro Yönetimi ve Yönetici Asistanlığı,2,TYT,45,2,,2,,1330503,264.50293,,
107950703,  Muhasebe ve Vergi Uygulamaları,2,TYT,27,1,,1,,1289617,267.32770,*,MEDEK
107950378,  Turizm ve Otel İşletmeciliği,2,TYT,30,1,,1,,1201909,273.42997,,
,MURATLI MESLEK YÜKSEKOKULU,,,,,,,,,,,
107950809,  İşletme Yönetimi,2,TYT,35,1,,1,,1490496,253.57348,,
107950669,  Kimya Teknolojisi,2,TYT,25,1,,1,,878012,297.78860,,MEDEK
107990227,  Kimya Teknolojisi (KKTC Uyruklu),2,TYT,1,,,,5,,,,
107950712,  Muhasebe ve Vergi Uygulamaları,2,TYT,18,1,,1,,1366003,262.05942,,
107990053,  Sosyal Güvenlik,2,TYT,41,2,,2,,1515037,251.89672,,
,SAĞLIK HİZMETLERİ MESLEK YÜKSEKOKULU,,,,,,,,,,,
107951101,  Çocuk Gelişimi,2,TYT,36,1,,1,,699964,313.49970,,
107951261,  Fizyoterapi,2,TYT,41,2,,2,,550194,329.41929,,
107990132,  İlk ve Acil Yardım,2,TYT,36,1,,1,,395352,350.38674,,
107951119,  Tıbbi Dokümantasyon ve Sekreterlik,2,TYT,30,1,,1,,516155,333.52501,,
107951128,  Tıbbi Laboratuvar Teknikleri,2,TYT,34,1,,1,,464416,340.30074,,
107951191,  Yaşlı Bakımı,2,TYT,45,2,,2,,892014,296.65298,*,MEDEK
,SARAY MESLEK YÜKSEKOKULU,,,,,,,,,,,
107950606,  Dış Ticaret,2,TYT,45,2,,2,,1389176,260.48076,,
107990133,  Grafik Tasarımı,2,TYT,45,2,,2,,955302,291.61398,,
107950818,  İşletme Yönetimi,2,TYT,30,1,,1,,1459727,255.65801,,MEDEK
107950721,  Muhasebe ve Vergi Uygulamaları,2,TYT,18,1,,1,,1216569,272.41220,,MEDEK
107990054,  Tapu ve Kadastro,2,TYT,23,1,,1,,1058935,283.74508,,
,SOSYAL BİLİMLER MESLEK YÜKSEKOKULU,,,,,,,,,,,
107951146,  Büro Yönetimi ve Yönetici Asistanlığı,2,TYT,45,2,,2,,946123,292.32972,,
107951234,  Dış Ticaret,2,TYT,45,2,,2,,945406,292.38723,,
107950784,  İşletme Yönetimi,2,TYT,35,1,,1,,961671,291.10996,,MEDEK
107950951,  Lojistik,2,TYT,55,2,,2,,909412,295.25475,,MEDEK
107950678,  Muhasebe ve Vergi Uygulamaları,2,TYT,27,1,,1,,871675,298.30986,,
107990050,  Sosyal Hizmetler,2,TYT,35,1,,1,,902648,295.79720,,
107950148,  Turizm ve Otel İşletmeciliği,2,TYT,30,1,,1,,942195,292.64264,,
,ŞARKÖY MESLEK YÜKSEKOKULU,,,,,,,,,,,
107990134,  Aşçılık,2,TYT,45,2,,2,,951200,291.92393,,
107950651,  Şarap Üretim Teknolojisi,2,TYT,35,1,,1,,1048609,284.52114,,
107950466,  Turizm ve Otel İşletmeciliği,2,TYT,30,1,,1,,1270216,268.67589,,
,TEKNİK BİLİMLER MESLEK YÜKSEKOKULU,,,,,,,,,,,
107950915,  Bilgisayar Programcılığı,2,TYT,60,2,,2,,518278,333.26662,*,MEDEK
107950987,  Biyomedikal Cihaz Teknolojisi,2,TYT,35,1,,1,,791383,305.12334,,
107950033,  Elektrik,2,TYT,55,2,,2,,740778,309.66190,*,MEDEK
107950845,  Elektronik Haberleşme Teknolojisi,2,TYT,45,2,,2,,1070202,282.90737,,
107950854,  Elektronik Teknolojisi,2,TYT,45,2,,2,,865641,298.81212,,
107950078,  Gıda Teknolojisi,2,TYT,30,1,,1,,930596,293.57225,*,MEDEK
107990135,  Giyim Üretim Teknolojisi,2,TYT,20,1,,1,,1354735,262.82803,,
107990192,  İklimlendirme ve Soğutma Teknolojisi,2,TYT,35,1,,1,,1194522,273.95160,,
107951031,  İnşaat Teknolojisi,2,TYT,45,2,,2,,889944,296.82252,,
107950103,  Makine,2,TYT,55,2,,2,,834843,301.38222,*,MEDEK
107990097,  Makine Resim ve Konstrüksiyonu,2,TYT,35,1,,1,,1058000,283.81302,,
107950112,  Mekatronik,2,TYT,50,2,,2,,731650,310.50342,*,MEDEK
107990091,  Mobilya ve Dekorasyon,2,TYT,35,1,,1,,1300230,266.59921,,
107990092,  Otomotiv Teknolojisi,2,TYT,35,1,,1,,776793,306.41316,*,MEDEK
107990234,  Robotik ve Yapay Zeka,2,TYT,25,1,,1,320,561553,328.08866,,
107951137,  Seracılık,2,TYT,35,1,,1,,1418531,258.47847,,
107950924,  Tarım Makineleri,2,TYT,18,1,,1,,1238240,270.90470,,
107951013,  Tekstil Teknolojisi,2,TYT,30,1,,1,,1397562,259.91351,,
107950933,  Yapı Denetimi,2,TYT,35,1,,1,,1160792,276.36386,,
,TOKAT GAZİOSMANPAŞA ÜNİVERSİTESİ (Devlet Üniversitesi),,,,,,,,,,,YÖKAK
,ALMUS MESLEK YÜKSEKOKULU,,,,,,,,,,,
104351364,  Avcılık ve Yaban Hayatı,2,TYT,35,1,,1,,1330381,264.51135,,
104351258,  Büro Yönetimi ve Yönetici Asistanlığı,2,TYT,25,1,,1,,1431572,257.58589,,
104351346,  Laboratuvar Teknolojisi,2,TYT,35,1,,1,,995334,288.52148,,
104351134,  Ormancılık ve Orman Ürünleri,2,TYT,20,1,,1,,947101,292.25435,,
104351452,  Posta Hizmetleri,2,TYT,30,1,,1,,1773205,234.27292,,
104351373,  Sosyal Güvenlik,2,TYT,54,2,,2,,1661709,241.89948,,
,ARTOVA MESLEK YÜKSEKOKULU,,,,,,,,,,,
104351461,  Çağrı Merkezi Hizmetleri,2,TYT,35,1,,1,,1539045,250.24319,,
104390106,  Çocuk Koruma ve Bakım Hizmetleri,2,TYT,45,2,,2,,1331786,264.41353,,
104351513,  Engelli Bakımı ve Rehabilitasyon,2,TYT,45,2,,2,,1217084,272.37802,,
104390071,  Laborant ve Veteriner Sağlık,2,TYT,35,1,,1,,1213638,272.61479,,
,ERBAA MESLEK YÜKSEKOKULU,,,,,,,,,,,
104350709,  Bankacılık ve Sigortacılık,2,TYT,30,1,,1,,1346125,263.42501,,
104350948,  Bilgisayar Programcılığı,2,TYT,35,1,,1,,1223596,271.92459,*,MEDEK
104351082,  Büro Yönetimi ve Yönetici Asistanlığı,2,TYT,40,1,,1,,1326124,264.79504,,
104351125,  Grafik Tasarımı,2,TYT,45,2,,2,,1650978,242.63360,,
104351001,  Halkla İlişkiler ve Tanıtım,2,TYT,33,1,,1,,1640732,243.33415,,
104351249,  Moda Tasarımı,2,TYT,25,1,,1,,1552902,249.30207,,
104350745,  Muhasebe ve Vergi Uygulamaları,2,TYT,18,1,,1,,1370588,261.75375,,
104351504,  Özel Güvenlik ve Koruma,2,TYT,45,2,,2,2,1209466,272.91019,,
,ERBAA SAĞLIK HİZMETLERİ MESLEK YÜKSEKOKULU,,,,,,,,,,,
104390166,  Evde Hasta Bakımı,2,TYT,45,2,,2,,784794,305.69578,*,MEDEK
104351382,  İlk ve Acil Yardım,2,TYT,32,1,,1,,439219,343.79093,*,MEDEK
104390167,  Optisyenlik,2,TYT,40,1,,1,,797910,304.55504,,
104350224,  Tıbbi Dokümantasyon ve Sekreterlik,2,TYT,30,1,,1,,580712,325.89237,,
,NİKSAR MESLEK YÜKSEKOKULU,,,,,,,,,,,
104351152,  Bankacılık ve Sigortacılık,2,TYT,30,1,,1,,1466119,255.22599,,
104350393,  Bilgisayar Programcılığı,2,TYT,45,2,,2,,1343725,263.59255,,
104390211,  Elektrik Makineleri Bakım ve Onarımı,2,TYT,30,1,,1,,1596063,246.36978,,
104390072,  Halkla İlişkiler ve Tanıtım,2,TYT,33,1,,1,,1678235,240.77282,,
104351143,  Mekatronik,2,TYT,30,1,,1,,1454224,256.02481,,
104350763,  Muhasebe ve Vergi Uygulamaları,2,TYT,27,1,,1,,1569154,248.19666,*,MEDEK
104351391,  Ormancılık ve Orman Ürünleri,2,TYT,20,1,,1,,794924,304.81520,,
104390073,  Sivil Savunma ve İtfaiyecilik,2,TYT,45,2,,,9,900213,295.98721,,
104350357,  Turizm ve Otel İşletmeciliği,2,TYT,30,1,,1,,1546534,249.73326,,
104390218,  Yenilenebilir Enerji Teknikerliği,2,TYT,30,1,,1,,1449872,256.32361,,
,ORGANİZE SANAYİ BÖLGESİ MESLEK YÜKSEKOKULU,,,,,,,,,,,
104390225,  Kimya Teknolojisi,2,TYT,25,1,,1,,1300013,266.61399,,
104390232,  Tekstil Teknolojisi,2,TYT,25,1,,1,,1756082,235.45573,,
,PAZAR MESLEK YÜKSEKOKULU,,,,,,,,,,,
104351328,  Bankacılık ve Sigortacılık,2,TYT,30,1,,1,,1561848,248.70106,,
104351267,  Bilgisayar Programcılığı,2,TYT,45,2,,2,,1422977,258.17672,*,MEDEK
104351337,  Çocuk Gelişimi,2,TYT,27,1,,1,,1082379,282.01352,,
104351407,  Evde Hasta Bakımı,2,TYT,35,1,,1,,868263,298.59435,*,MEDEK
104390107,  Sivil Havacılık Kabin Hizmetleri,2,TYT,35,1,,1,10,715946,311.97651,,
104351416,  Sosyal Hizmetler,2,TYT,35,1,,1,,1266649,268.92184,,
,REŞADİYE MESLEK YÜKSEKOKULU,,,,,,,,,,,
104350436,  Bilgisayar Programcılığı,2,TYT,45,2,,2,,1466355,255.21051,,
104390078,  Çağrı Merkezi Hizmetleri,2,TYT,25,1,,1,,1550904,249.43913,,
104351425,  Çocuk Gelişimi,2,TYT,27,1,,1,,1141177,277.76590,,
104390084,  Fizyoterapi,2,TYT,41,2,,2,,684430,315.00705,,
104351301,  Sağlık Kurumları İşletmeciliği,2,TYT,28,1,,1,,1367568,261.95631,,
104390108,  Sağlık Turizmi İşletmeciliği,2,TYT,18,1,,1,,1554005,249.22852,,
104351479,  Yaşlı Bakımı,2,TYT,45,2,,2,,1009152,287.47653,*,MEDEK
,TOKAT MESLEK YÜKSEKOKULU,,,,,,,,,,,
104390176,  Aşçılık,2,TYT,30,1,,1,,892760,296.59629,*,MEDEK
104390239,  Bilişim Güvenliği Teknolojisi,2,TYT,30,1,,1,,846575,300.39683,,
104351073,  Büro Yönetimi ve Yönetici Asistanlığı,2,TYT,45,2,,2,,1053450,284.16510,,
104390183,  Ceza İnfaz ve Güvenlik Hizmetleri,2,TYT,35,1,,1,17,748027,309.00507,,
104390103,  Doğalgaz ve Tesisatı Teknolojisi,2,TYT,35,1,,1,,1572509,247.97036,,
104350039,  Elektrik,2,TYT,35,1,,1,,1123191,279.06005,,
104350984,  Elektronik Teknolojisi,2,TYT,35,1,,1,,1266586,268.92607,,MEDEK
104350048,  Harita ve Kadastro,2,TYT,25,1,,1,,1056935,283.89282,,
104390096,  İç Mekan Tasarımı,2,TYT,36,1,,1,,1342165,263.70103,,
104350966,  İnşaat Teknolojisi,2,TYT,45,2,,2,,1327728,264.68597,,
104350806,  İşletme Yönetimi,2,TYT,35,1,,1,,1338277,263.96911,,
104390190,  Mahkeme Büro Hizmetleri,2,TYT,35,1,,1,,787207,305.48814,,
104350975,  Makine,2,TYT,35,1,,1,,1285395,267.62685,,
104350727,  Muhasebe ve Vergi Uygulamaları,2,TYT,27,1,,1,,1187122,274.47875,,
104390246,  Oyun Geliştirme ve Programlama,2,TYT,35,1,,1,320,1023693,286.37986,,
104390253,  Ön-Yüz Yazılım Geliştirme,2,TYT,35,1,,1,320,945872,292.35103,,
104350109,  Turizm ve Otel İşletmeciliği,2,TYT,30,1,,1,,1246140,270.35992,*,MEDEK
,TOKAT SAĞLIK HİZMETLERİ MESLEK YÜKSEKOKULU,,,,,,,,,,,
104390079,  Ağız ve Diş Sağlığı,2,TYT,45,2,,2,,457000,341.32608,,
104390080,  Ameliyathane Hizmetleri,2,TYT,54,2,,2,,560297,328.23187,*,MEDEK
104350021,  Çocuk Gelişimi,2,TYT,27,1,,1,,864369,298.91607,,
104390109,  Eczane Hizmetleri,2,TYT,30,1,,1,,638860,319.62418,,
104390081,  Patoloji Laboratuvar Teknikleri,2,TYT,45,2,,2,,629016,320.65563,*,MEDEK
104390110,  Saç Bakımı ve Güzellik Hizmetleri,2,TYT,35,1,,1,,1040940,285.09334,,
104390082,  Tıbbi Laboratuvar Teknikleri,2,TYT,43,2,,2,,495575,336.15509,*,MEDEK
,TURHAL MESLEK YÜKSEKOKULU,,,,,,,,,,,
104350533,  Bilgisayar Programcılığı,2,TYT,35,1,,1,,1317531,265.39391,,
104350454,  Biyomedikal Cihaz Teknolojisi,2,TYT,35,1,,1,,1146392,277.39283,,
104390260,"  Elektrik Enerjisi Üretim, İletim ve Dağıtımı",2,TYT,35,1,,1,,1570360,248.11103,,
104350896,  Elektronik Haberleşme Teknolojisi,2,TYT,25,1,,1,,1527465,251.04397,,
104351488,  Grafik Tasarımı,2,TYT,35,1,,1,,1614515,245.11460,,
104390169,  Hibrid ve Elektrikli Taşıtlar Teknolojisi,2,TYT,35,1,,1,,1084597,281.85362,,
104350833,  İşletme Yönetimi,2,TYT,30,1,,1,,1674891,240.99775,,
104350499,  Mekatronik,2,TYT,35,1,,1,,1419891,258.38654,,
104350772,  Muhasebe ve Vergi Uygulamaları,2,TYT,18,1,,1,,1504455,252.62433,*,MEDEK
,TURHAL SAĞLIK HİZMETLERİ MESLEK YÜKSEKOKULU,,,,,,,,,,,
104350957,  Sağlık Kurumları İşletmeciliği,2,TYT,28,1,,1,,1234899,271.13934,*,MEDEK
104350551,  Tıbbi Dokümantasyon ve Sekreterlik,2,TYT,30,1,,1,,622975,321.30083,,
104351319,  Tıbbi Tanıtım ve Pazarlama,2,TYT,36,1,,1,,1563849,248.56220,,
,ZİLE MESLEK YÜKSEKOKULU,,,,,,,,,,,
104350718,  Bankacılık ve Sigortacılık,2,TYT,30,1,,1,,1554126,249.21901,,
104350639,  Bilgisayar Programcılığı,2,TYT,35,1,,1,,1462199,255.49379,*,MEDEK
104351179,  Gıda Teknolojisi,2,TYT,25,1,,1,,1661217,241.93320,,
104351064,  Lojistik,2,TYT,35,1,,1,,1640628,243.34255,,
104351522,  Mimari Restorasyon,2,TYT,35,1,,1,,1716782,238.14900,,
104300269,  Ofis Teknolojileri ve Veri Yönetimi,2,TYT,30,1,,1,,...,----,,
104390074,  Tapu ve Kadastro,2,TYT,25,1,,1,,1143884,277.57779,,
,TRABZON ÜNİVERSİTESİ (Devlet Üniversitesi),,,,,,,,,,,
,BEŞİKDÜZÜ MESLEK YÜKSEKOKULU,,,,,,,,,,,
112151032,  Büro Yönetimi ve Yönetici Asistanlığı,2,TYT,45,2,,2,,1111067,279.93712,,
112151208,  Çağrı Merkezi Hizmetleri,2,TYT,65,2,,2,,1401417,259.65030,,
112151095,  Dış Ticaret,2,TYT,45,2,,2,,1471653,254.85011,,
112150891,  İşletme Yönetimi,2,TYT,35,1,,1,,1402633,259.56848,,
112150855,  Muhasebe ve Vergi Uygulamaları,2,TYT,27,1,,1,,1328960,264.60748,*,MEDEK
112150688,  Pazarlama,2,TYT,35,1,,1,,1582644,247.28599,,
,ÇARŞIBAŞI MESLEK YÜKSEKOKULU,,,,,,,,,,,
112190165,  Bilgisayar Destekli Tasarım ve Animasyon,2,TYT,35,1,,1,,1324521,264.90857,,
112190137,  Bilgisayar Teknolojisi,2,TYT,35,1,,1,320,1091554,281.34677,*,MEDEK
112190172,  İnternet ve Ağ Teknolojileri,2,TYT,50,2,,2,,1428896,257.76942,,
112100101,  Oyun Geliştirme ve Programlama,2,TYT,30,1,,1,320,...,----,,
112100108,  Robotik ve Yapay Zeka,2,TYT,30,1,,1,320,...,----,,
,DÜZKÖY MESLEK YÜKSEKOKULU,,,,,,,,,,,
112100115,  İnsansız Araç Teknikerliği,2,TYT,30,1,,1,320,...,----,,
,ŞALPAZARI MESLEK YÜKSEKOKULU,,,,,,,,,,,
112190144,  Acil Durum ve Afet Yönetimi,2,TYT,26,1,,1,,854314,299.76055,,
112190242,  Acil Durum ve Afet Yönetimi (KKTC Uyruklu),2,TYT,1,,,,5,,,,
112190249,  Mahkeme Büro Hizmetleri,2,TYT,35,1,,1,,1000320,288.14091,,
112190117,  Sivil Savunma ve İtfaiyecilik,2,TYT,45,2,,,9,852178,299.93933,,
,TONYA MESLEK YÜKSEKOKULU,,,,,,,,,,,
112190118,  Evde Hasta Bakımı,2,TYT,35,1,,1,,817582,302.85210,,
112190114,  Fizyoterapi,2,TYT,41,2,,2,,639690,319.53856,,
112190115,  İlk ve Acil Yardım,2,TYT,36,1,,1,,449632,342.34206,,
112190207,  Tıbbi Görüntüleme Teknikleri,2,TYT,30,1,,1,,446231,342.80920,,
112190214,  Tıbbi Laboratuvar Teknikleri,2,TYT,26,1,,1,,537491,330.92093,,
112151244,  Yaşlı Bakımı,2,TYT,35,1,,1,,962177,291.06733,*,MEDEK
,TURİZM VE OTELCİLİK MESLEK YÜKSEKOKULU,,,,,,,,,,,
112150607,  Turizm ve Otel İşletmeciliği,2,TYT,30,1,,1,,965031,290.84850,,
112151086,  Turizm ve Seyahat Hizmetleri,2,TYT,35,1,,1,,1265354,269.01228,,
,VAKFIKEBİR MESLEK YÜKSEKOKULU,,,,,,,,,,,
112150767,  Bankacılık ve Sigortacılık,2,TYT,30,1,,1,,1130056,278.56466,,
112151305,  Halkla İlişkiler ve Tanıtım,2,TYT,69,2,,2,,1562592,248.65301,,
112150916,  İşletme Yönetimi,2,TYT,35,1,,1,,1480290,254.26549,,
112150873,  Muhasebe ve Vergi Uygulamaları,2,TYT,27,1,,1,,1279929,268.01101,,
,TRAKYA ÜNİVERSİTESİ (EDİRNE) (Devlet Üniversitesi),,,,,,,,,,,YÖKAK
,ARDA MESLEK YÜKSEKOKULU,,,,,,,,,,,
109490177,  Aşçılık,2,TYT,40,1,,1,,907729,295.39187,,
109490272,  Eczane Hizmetleri,2,TYT,26,1,,1,,637752,319.73929,,
109450314,  Gıda Teknolojisi,2,TYT,25,1,,1,,971565,290.34798,,
109451709,  Kimya Teknolojisi,2,TYT,25,1,,1,,778669,306.24336,,
109451948,  Laboratuvar Teknolojisi,2,TYT,35,1,,1,,790855,305.17195,,
109451312,  Yağ Endüstrisi,2,TYT,35,1,,1,,1590644,246.74470,,
,EDİRNE SOSYAL BİLİMLER MESLEK YÜKSEKOKULU,,,,,,,,,,,
109451427,  Bankacılık ve Sigortacılık,2,TYT,30,1,,1,,904878,295.61828,,
109451375,  Dış Ticaret,2,TYT,35,1,,1,,1025740,286.22177,,
109451393,  Halkla İlişkiler ve Tanıtım,2,TYT,40,1,,1,,1178445,275.09919,,
109451657,  Lojistik,2,TYT,40,1,,1,,1038605,285.26102,,
109451445,  Muhasebe ve Vergi Uygulamaları,2,TYT,27,1,,1,,999562,288.20111,,
109490391,  Ofis Teknolojileri ve Veri Yönetimi,2,TYT,35,1,,1,,1260208,269.37013,,
109451603,  Pazarlama,2,TYT,35,1,,1,,1183701,274.71477,,
109490340,  Sosyal Hizmetler,2,TYT,35,1,,1,,963354,290.97825,,
109450077,  Turizm ve Otel İşletmeciliği,2,TYT,30,1,,1,,1028696,285.99727,,
,EDİRNE TEKNİK BİLİMLER MESLEK YÜKSEKOKULU,,,,,,,,,,,
109490270,  Basım ve Yayım Teknolojileri,2,TYT,65,2,,2,,1483353,254.05245,,
109451612,  Bilgisayar Programcılığı,2,TYT,70,2,,2,,622156,321.38955,,
109451772,  Biyomedikal Cihaz Teknolojisi,2,TYT,35,1,,1,,913302,294.93391,,
109490398,  Dijital Tarım Teknolojileri,2,TYT,35,1,,1,,1291918,267.16694,,
109450147,  Elektrik,2,TYT,50,2,,2,,891708,296.67738,,
109451533,  Elektronik Teknolojisi,2,TYT,50,2,,2,,1158980,276.49123,,
109451984,  Giyim Üretim Teknolojisi,2,TYT,20,1,,1,,1489571,253.63673,,
109450165,  Harita ve Kadastro,2,TYT,25,1,,1,,1019647,286.68557,,
109490341,  Hibrid ve Elektrikli Taşıtlar Teknolojisi,2,TYT,45,2,,2,,797613,304.58032,,
109490405,  Hibrid ve Elektrikli Taşıtlar Teknolojisi (KKTC Uyruklu),2,TYT,2,,,,5,,,,
109490370,  İnsansız Araç Teknikerliği,2,TYT,35,1,,1,320,659509,317.48266,,
109450174,  Makine,2,TYT,50,2,,2,,990276,288.91259,*,MEDEK
109490349,  Mobil Teknolojileri,2,TYT,45,2,,2,,1066274,283.20054,,
109451648,  Radyo ve Televizyon Teknolojisi,2,TYT,35,1,,1,,1217506,272.34969,,
109490377,  Robotik ve Yapay Zeka,2,TYT,35,1,,1,320,543410,330.22148,,
109451993,  Uçak Teknolojisi,2,TYT,35,1,,1,10,333327,360.88995,,
,HAVSA MESLEK YÜKSEKOKULU,,,,,,,,,,,
109451436,  Bankacılık ve Sigortacılık,2,TYT,30,1,,1,,1175306,275.32021,,
109451481,  İşletme Yönetimi,2,TYT,35,1,,1,,1564792,248.49654,,
109451718,  Lojistik,2,TYT,55,2,,2,,1517375,251.73595,*,MEDEK
109451454,  Muhasebe ve Vergi Uygulamaları,2,TYT,27,1,,1,,1448539,256.41674,,
,İPSALA MESLEK YÜKSEKOKULU,,,,,,,,,,,
109450368,  Dış Ticaret,2,TYT,45,2,,2,,1555308,249.13995,,
109451542,  Elektronik Teknolojisi,2,TYT,45,2,,2,,1393676,260.18004,,
109451939,  Laboratuvar Teknolojisi,2,TYT,35,1,,1,,956063,291.55279,,
109451921,  Lojistik,2,TYT,55,2,,2,,1618696,244.82977,,
109490384,  Mahkeme Büro Hizmetleri,2,TYT,35,1,,1,,973693,290.18688,,
109451957,  Mekatronik,2,TYT,45,2,,2,,1188278,274.39296,,
,KEŞAN MESLEK YÜKSEKOKULU,,,,,,,,,,,
109450411,  Çocuk Gelişimi,2,TYT,27,1,,1,,927149,293.84632,,
109450438,  Elektrik,2,TYT,45,2,,2,,1268119,268.82114,,
109451745,  Laborant ve Veteriner Sağlık,2,TYT,35,1,,1,,878337,297.76038,,
109451472,  Otomotiv Teknolojisi,2,TYT,35,1,,1,,1175221,275.32612,,
109450465,  Turizm ve Otel İşletmeciliği,2,TYT,30,1,,1,,1276544,268.24582,,
109490419,  Yenilenebilir Enerji Teknikerliği,2,TYT,35,1,,1,,1332987,264.33319,,
,SAĞLIK HİZMETLERİ MESLEK YÜKSEKOKULU,,,,,,,,,,,
109490273,  Ağız ve Diş Sağlığı,2,TYT,36,1,,1,,483723,337.71452,,
109490274,  Ameliyathane Hizmetleri,2,TYT,45,2,,2,,572393,326.83428,*,MEDEK
109450253,  Anestezi,2,TYT,25,1,,1,,377281,353.29159,,
109490426,  Dijital Sağlık Sistemleri Teknikerliği,2,TYT,25,1,,1,,627085,320.86094,,
109490275,  Elektronörofizyoloji,2,TYT,30,1,,1,,609515,322.74359,,
109490276,  Fizyoterapi,2,TYT,50,2,,2,,571651,326.91525,,
109451684,  İlk ve Acil Yardım,2,TYT,41,2,,2,,420794,346.53036,*,MEDEK
109450262,  Odyometri,2,TYT,30,1,,1,,658910,317.54849,,
109451587,  Ortopedik Protez ve Ortez,2,TYT,30,1,,1,,745288,309.25290,,
109451727,  Patoloji Laboratuvar Teknikleri,2,TYT,45,2,,2,,637787,319.73553,*,MEDEK
109490277,  Patoloji Laboratuvar Teknikleri (KKTC Uyruklu),2,TYT,1,,,,5,...,----,,
109451736,  Radyoterapi,2,TYT,30,1,,1,,606831,323.02852,,
109490176,  Radyoterapi (KKTC Uyruklu),2,TYT,1,,,,5,,,,
109450298,  Tıbbi Dokümantasyon ve Sekreterlik,2,TYT,30,1,,1,,544598,330.08276,,
109451596,  Tıbbi Görüntüleme Teknikleri,2,TYT,30,1,,1,,411348,347.93492,,
109451578,  Tıbbi Laboratuvar Teknikleri,2,TYT,43,2,,2,,509310,334.38371,*,MEDEK
,ŞEHİT RESSAM HASAN RIZA GÜZEL SANATLAR MESLEK YÜKSEKOKULU,,,,,,,,,,,
109451357,  Geleneksel El Sanatları,2,TYT,20,1,,1,,1686363,240.22649,,
109451763,  Grafik Tasarımı,2,TYT,30,1,,1,,882284,297.44465,,
109451903,  Kuyumculuk ve Takı Tasarımı,2,TYT,20,1,,1,,1558026,248.95649,,
109450183,  Mimari Dekoratif Sanatlar,2,TYT,40,1,,1,,1622752,244.56117,,
109451409,  Mimari Restorasyon,2,TYT,30,1,,1,,1166062,275.99089,,
109490271,  Seramik ve Cam Tasarımı,2,TYT,20,1,,1,,1655993,242.29226,,
,TUNCA MESLEK YÜKSEKOKULU,,,,,,,,,,,
109451621,  Bilgisayar Programcılığı (Uzaktan Öğretim),2,TYT,250,7,,7,"7, 8",1525449,251.17526,,
109490363,  Web Tasarımı ve Kodlama (Uzaktan Öğretim),2,TYT,250,7,,7,7,1650106,242.69352,,
,UZUNKÖPRÜ MESLEK YÜKSEKOKULU,,,,,,,,,,,
109490433,  Emlak Yönetimi,2,TYT,20,1,,1,,1727655,237.40401,,
109451499,  İşletme Yönetimi,2,TYT,25,1,,1,,1405470,259.37049,,
109490440,  Ofis Teknolojileri ve Veri Yönetimi,2,TYT,35,1,,1,,1732481,237.07968,,
109490342,  Sağlık Kurumları İşletmeciliği,2,TYT,28,1,,1,,1158431,276.52865,,
,UŞAK ÜNİVERSİTESİ (Devlet Üniversitesi),,,,,,,,,,,YÖKAK
,BANAZ MESLEK YÜKSEKOKULU,,,,,,,,,,,
109850813,  İç Mekan Tasarımı,2,TYT,36,1,,1,,1448293,256.43428,,
109850876,  İnşaat Teknolojisi,2,TYT,40,1,,1,,1434800,257.36569,,
109850346,  Kimya Teknolojisi,2,TYT,25,1,,1,,1219280,272.22757,,
109850858,  Laboratuvar Teknolojisi,2,TYT,35,1,,1,,923869,294.10679,,
109850743,  Mimari Dekoratif Sanatlar,2,TYT,35,1,,1,,1705933,238.88916,,
109850716,  Ormancılık ve Orman Ürünleri,2,TYT,20,1,,1,,768351,307.16742,,
109890130,  Seramik ve Cam Tasarımı,2,TYT,25,1,,1,,1712076,238.46679,,
109850628,  Turizm ve Otel İşletmeciliği,2,TYT,25,1,,1,,1403552,259.50429,,MEDEK
,EŞME MESLEK YÜKSEKOKULU,,,,,,,,,,,
109850125,  Bankacılık ve Sigortacılık,2,TYT,30,1,,1,,1449730,256.33248,,
109850549,  Büro Yönetimi ve Yönetici Asistanlığı,2,TYT,30,1,,1,,1313848,265.65246,,
109890157,  Eczane Hizmetleri,2,TYT,26,1,,1,,712171,312.34828,,
109890158,  Gıda Teknolojisi,2,TYT,30,1,,1,,1439983,257.00088,,
109890159,  Halıcılık ve Kilimcilik,2,TYT,35,1,,1,,1766136,234.76123,,
109850707,  Laborant ve Veteriner Sağlık,2,TYT,35,1,,1,,996935,288.39967,,
109850664,  Lojistik,2,TYT,35,1,,1,,1495681,253.22332,,MEDEK
,KARAHALLI MESLEK YÜKSEKOKULU,,,,,,,,,,,
109890131,  Bilgisayar Programcılığı,2,TYT,45,2,,2,,1247707,270.24767,,
109850504,  Dış Ticaret,2,TYT,25,1,,1,,1592151,246.64540,,
109850673,  Lojistik,2,TYT,40,1,,1,,1627103,244.25879,,MEDEK
,SAĞLIK HİZMETLERİ MESLEK YÜKSEKOKULU,,,,,,,,,,,
109890117,  Ağız ve Diş Sağlığı,2,TYT,36,1,,1,,474735,338.90882,,
109850761,  İlk ve Acil Yardım,2,TYT,36,1,,1,,391096,351.06222,,
109850797,  Sağlık Kurumları İşletmeciliği,2,TYT,28,1,,1,,886834,297.07359,,MEDEK
109850788,  Tıbbi Dokümantasyon ve Sekreterlik,2,TYT,30,1,,1,,507601,334.60221,,
109890109,  Tıbbi Görüntüleme Teknikleri,2,TYT,39,1,,1,,413117,347.66205,,
109850691,  Tıbbi Laboratuvar Teknikleri,2,TYT,43,2,,2,,479734,338.24532,,
109850779,  Yaşlı Bakımı,2,TYT,35,1,,1,,873596,298.15264,,MEDEK
,SİVASLI MESLEK YÜKSEKOKULU,,,,,,,,,,,
109850646,  Bitki Koruma,2,TYT,15,1,,1,,1416902,258.59311,,
109850849,  Tapu ve Kadastro,2,TYT,35,1,,1,,1195412,273.89081,,
,SİVİL HAVACILIK MESLEK YÜKSEKOKULU,,,,,,,,,,,
109850831,  Sivil Havacılık Kabin Hizmetleri,2,TYT,35,1,,1,10,535635,331.14683,,
109850822,  Uçak Teknolojisi,2,TYT,35,1,,1,10,297965,367.61892,,
,SOSYAL BİLİMLER MESLEK YÜKSEKOKULU,,,,,,,,,,,
109850382,  İşletme Yönetimi,2,TYT,35,1,,1,,1130680,278.52215,,MEDEK
109850355,  Muhasebe ve Vergi Uygulamaları,2,TYT,27,1,,1,,965658,290.80141,,MEDEK
109890188,  Sosyal Güvenlik,2,TYT,59,2,,2,,1105612,280.32777,,
,TEKNİK BİLİMLER MESLEK YÜKSEKOKULU,,,,,,,,,,,
109850461,  Bilgisayar Programcılığı,2,TYT,35,1,,1,,744092,309.36016,,MEDEK
109890129,  Doğalgaz ve Tesisatı Teknolojisi,2,TYT,30,1,,1,,1424360,258.08166,,
109890127,  Elektrik,2,TYT,50,2,,2,,917367,294.61300,,MEDEK
109850567,  Giyim Üretim Teknolojisi,2,TYT,15,1,,1,,1497837,253.07579,,
109850619,  Kaynak Teknolojisi,2,TYT,25,1,,1,,1283826,267.73402,,
109890128,  Makine,2,TYT,45,2,,2,,975711,290.03732,,
109890133,  Mekatronik,2,TYT,45,2,,2,,921892,294.26458,,
109850601,  Otomotiv Teknolojisi,2,TYT,35,1,,1,,999250,288.22325,,
109850319,  Tekstil Teknolojisi,2,TYT,30,1,,1,,1443281,256.77453,,
,ULUBEY MESLEK YÜKSEKOKULU,,,,,,,,,,,
109850752,  Bankacılık ve Sigortacılık,2,TYT,30,1,,1,,1316449,265.47018,,MEDEK
109850637,  Çocuk Gelişimi,2,TYT,32,1,,1,,970453,290.43521,,
109850585,  Moda Tasarımı,2,TYT,40,1,,1,,1609902,245.43045,,
109890160,  Optisyenlik,2,TYT,35,1,,1,,654093,318.03661,,
109850531,  Turizm ve Seyahat Hizmetleri,2,TYT,30,1,,1,,1522194,251.40089,*,TUADER
,UZAKTAN EĞİTİM MESLEK YÜKSEKOKULU,,,,,,,,,,,
109850576,  Bilgisayar Programcılığı (Uzaktan Öğretim),2,TYT,150,4,,4,"7, 8",1413605,258.81694,,
,VAN YÜZÜNCÜ YIL ÜNİVERSİTESİ (Devlet Üniversitesi),,,,,,,,,,,
,BAŞKALE MESLEK YÜKSEKOKULU,,,,,,,,,,,
110251036,  Bilgisayar Programcılığı,2,TYT,45,2,,2,257,1087409,281.64567,,
110290290,"  Elektrik Enerjisi Üretim, İletim ve Dağıtımı",2,TYT,45,2,,2,257,1325699,264.82399,,
110251124,  Organik Tarım,2,TYT,45,2,,2,257,1695218,239.61982,,
,ERCİŞ MESLEK YÜKSEKOKULU,,,,,,,,,,,
110250886,  Bankacılık ve Sigortacılık,2,TYT,30,1,,1,,1183494,274.72945,,
110251327,  Biyomedikal Cihaz Teknolojisi,2,TYT,35,1,,1,,1010979,287.33609,,
110251363,  Çocuk Gelişimi,2,TYT,27,1,,1,,885803,297.16324,,
110290165,  Doğalgaz ve Tesisatı Teknolojisi,2,TYT,30,1,,1,,1538173,250.30287,,
110290210,  Geleneksel El Sanatları,2,TYT,25,1,,1,,1608921,245.49818,,
110251063,  İnşaat Teknolojisi,2,TYT,45,2,,2,,1445487,256.62974,,
110250911,  Muhasebe ve Vergi Uygulamaları,2,TYT,27,1,,1,,1462638,255.46265,,
110290211,  Pazarlama,2,TYT,35,1,,1,,1566388,248.38498,,
,GEVAŞ MESLEK YÜKSEKOKULU,,,,,,,,,,,
110251081,  Bahçe Tarımı,2,TYT,15,1,,1,,1681760,240.53511,,
110250708,  Bankacılık ve Sigortacılık,2,TYT,30,1,,1,,1301519,266.51095,,
110250753,  Bilgisayar Programcılığı,2,TYT,65,2,,2,,1314135,265.63396,,
110251318,  Laborant ve Veteriner Sağlık,2,TYT,35,1,,1,,1008763,287.50555,,
110250929,  Muhasebe ve Vergi Uygulamaları,2,TYT,27,1,,1,,1470975,254.89545,,
110250859,  Organik Tarım,2,TYT,25,1,,1,,1673768,241.07546,,
110251284,  Turizm ve Otel İşletmeciliği,2,TYT,30,1,,1,,1516164,251.81638,,
,MURADİYE MESLEK YÜKSEKOKULU,,,,,,,,,,,
110290220,  Harita ve Kadastro,2,TYT,25,1,,1,257,1067432,283.11698,,
110251399,  Kimya Teknolojisi,2,TYT,25,1,,1,257,1286262,267.56642,,
110251415,  Laboratuvar Teknolojisi,2,TYT,35,1,,1,257,871188,298.34869,,
110290212,  Optisyenlik,2,TYT,35,1,,1,257,688838,314.56938,,
110290164,  Peyzaj ve Süs Bitkileri Yetiştiriciliği,2,TYT,20,1,,1,257,1652186,242.55247,,
,ÖZALP MESLEK YÜKSEKOKULU,,,,,,,,,,,
110250841,  Bilgisayar Programcılığı,2,TYT,65,2,,2,257,1316574,265.46164,,
110251309,  Dış Ticaret,2,TYT,30,1,,1,257,1515655,251.85419,,
110290213,  Gıda Teknolojisi,2,TYT,30,1,,1,257,1566765,248.35773,,
110251151,  Tıbbi Laboratuvar Teknikleri,2,TYT,34,1,,1,257,545819,329.93068,,
,VAN GÜVENLİK MESLEK YÜKSEKOKULU,,,,,,,,,,,
110290120,  Acil Durum ve Afet Yönetimi,2,TYT,26,1,,1,,628433,320.71683,,
110251406,  Özel Güvenlik ve Koruma,2,TYT,35,1,,1,2,872008,298.28216,,
,VAN MESLEK YÜKSEKOKULU,,,,,,,,,,,
110250559,  Bilgisayar Programcılığı,2,TYT,65,2,,2,,744245,309.34660,,
110251115,  Büro Yönetimi ve Yönetici Asistanlığı,2,TYT,40,1,,1,,862756,299.04704,,
110250408,  Elektrik,2,TYT,55,2,,2,,797271,304.60915,,
110251018,  Elektronik Teknolojisi,2,TYT,50,2,,2,,1069798,282.94013,,
110250868,  Geleneksel El Sanatları,2,TYT,35,1,,1,,1389097,260.48544,,
110251072,  İnşaat Teknolojisi,2,TYT,45,2,,2,,887856,296.99142,,
110250992,  İşletme Yönetimi,2,TYT,35,1,,1,,1096536,280.98735,,
110250444,  Makine,2,TYT,55,2,,2,,1111696,279.88986,,
110250895,  Mimari Restorasyon,2,TYT,35,1,,1,,973288,290.21886,,
110250453,  Mobilya ve Dekorasyon,2,TYT,45,2,,2,,1439559,257.03196,,
110250902,  Muhasebe ve Vergi Uygulamaları,2,TYT,27,1,,1,,984235,289.37958,,
110250956,  Otomotiv Teknolojisi,2,TYT,35,1,,1,,1063994,283.37189,,
110290156,  Tekstil Teknolojisi,2,TYT,30,1,,1,,1500533,252.89407,,
110250505,  Turist Rehberliği,2,TYT,50,2,,2,,1015573,286.99229,,TUADER
110250514,  Turizm ve Otel İşletmeciliği,2,TYT,30,1,,1,,1040556,285.11993,,
,VAN SAĞLIK HİZMETLERİ MESLEK YÜKSEKOKULU,,,,,,,,,,,
110290241,  Ağız ve Diş Sağlığı,2,TYT,23,1,,1,,336499,360.31218,,
110250568,  Anestezi,2,TYT,45,2,,2,,313472,364.58430,,
110290121,  Çocuk Gelişimi,2,TYT,27,1,,1,,667475,316.67972,,
110251336,  Diyaliz,2,TYT,54,2,,2,,534380,331.30282,,
110290127,  Eczane Hizmetleri,2,TYT,30,1,,1,,497763,335.87264,,
110251381,  Engelli Bakımı ve Rehabilitasyon,2,TYT,55,2,,2,,859832,299.28638,,
110251142,  İlk ve Acil Yardım,2,TYT,41,2,,2,,302565,366.70655,,
110251293,  Radyoterapi,2,TYT,30,1,,1,,559529,328.31777,,
110250586,  Tıbbi Dokümantasyon ve Sekreterlik,2,TYT,30,1,,1,,433731,344.59483,,
110251054,  Tıbbi Görüntüleme Teknikleri,2,TYT,39,1,,1,,326191,362.18982,,
110251027,  Tıbbi Laboratuvar Teknikleri,2,TYT,43,2,,2,,416852,347.10420,,
110251169,  Yaşlı Bakımı,2,TYT,65,2,,2,,711213,312.43901,,
,YALOVA ÜNİVERSİTESİ (Devlet Üniversitesi),,,,,,,,,,,YÖKAK
,ALTINOVA MESLEK YÜKSEKOKULU,,,,,,,,,,,
109970302,  Gemi İnşaatı,2,TYT,45,2,,2,,729432,310.70525,,
109970365,  Gemi İnşaatı (KKTC Uyruklu),2,TYT,1,,,,5,,,,
109970301,  Kaynak Teknolojisi,2,TYT,35,1,,1,,1230103,271.46929,*,MEDEK
109970303,  Su Altı Teknolojisi,2,TYT,30,1,,1,57,...,----,,
,ARMUTLU MESLEK YÜKSEKOKULU,,,,,,,,,,,
109950318,  Gıda Kalite Kontrolü ve Analizi,2,TYT,25,1,,1,,1391343,260.33514,,
109950275,  Gıda Teknolojisi,2,TYT,25,1,,1,,1144453,277.53731,,
109950399,  Halkla İlişkiler ve Tanıtım,2,TYT,41,2,,2,,1346594,263.39286,,
109950406,  Lojistik,2,TYT,65,2,,2,,1093344,281.21505,,
109950266,  Su Ürünleri İşleme Teknolojisi,2,TYT,25,1,,1,,1495671,253.22369,,
109950451,  Turizm ve Otel İşletmeciliği,2,TYT,30,1,,1,,1200691,273.52275,,
,ÇINARCIK MESLEK YÜKSEKOKULU,,,,,,,,,,,
109950284,  Çocuk Gelişimi,2,TYT,45,2,,2,,800174,304.35607,,
109970407,  Fiber Tekne İmalatı ve Kompozit Kalıp Teknolojileri,2,TYT,35,1,,1,,1402850,259.55258,,
109970414,  Kurumsal Bilişim Uzmanlığı,2,TYT,35,1,,1,320,1047404,284.61410,,
109970289,  Medya ve İletişim,2,TYT,50,2,,2,,1109771,280.03120,*,MEDEK
109950424,  Muhasebe ve Vergi Uygulamaları,2,TYT,27,1,,1,,984339,289.37272,*,MEDEK
109900101,  Ofis Teknolojileri ve Veri Yönetimi,2,TYT,35,1,,1,,1014082,287.09982,,
,TERMAL SAĞLIK HİZMETLERİ MESLEK YÜKSEKOKULU,,,,,,,,,,,
109970372,  Fizyoterapi,2,TYT,41,2,,2,,585737,325.33108,,
109970379,  İlk ve Acil Yardım,2,TYT,41,2,,2,,419580,346.70292,,
109970386,  Sağlık Kurumları İşletmeciliği,2,TYT,28,1,,1,,935103,293.20934,,
109970393,  Yaşlı Bakımı,2,TYT,40,1,,1,,921735,294.27718,*,MEDEK
,YALOVA MESLEK YÜKSEKOKULU,,,,,,,,,,,
109950212,  Aşçılık,2,TYT,35,1,,1,,792534,305.02100,,TUADER
109950187,  Bilgisayar Programcılığı,2,TYT,50,2,,2,,549257,329.53008,,
109950203,  Deniz Ulaştırma ve İşletme,2,TYT,27,1,,1,11,436187,344.22941,,
109950036,  Deniz ve Liman İşletmeciliği,2,TYT,30,1,,1,11,786039,305.58790,,
109950178,  İklimlendirme ve Soğutma Teknolojisi,2,TYT,35,1,,1,,1212229,272.71362,,
109970292,  Marina ve Yat İşletmeciliği,2,TYT,35,1,,1,11,862285,299.08595,,
109970421,  Ön-Yüz Yazılım Geliştirme,2,TYT,35,1,,1,320,809364,303.56127,,
109970428,  Ön-Yüz Yazılım Geliştirme (KKTC Uyruklu),2,TYT,1,,,,"5, 320",,,,
109970304,  Peyzaj ve Süs Bitkileri Yetiştiriciliği,2,TYT,25,1,,1,,1404067,259.47168,,
109970312,  Polimer Teknolojisi,2,TYT,18,1,,1,,1059477,283.70607,,
109950372,  Sivil Savunma ve İtfaiyecilik (Kız),2,TYT,15,,,,"9, 31",763525,307.60528,,
109950363,  Sivil Savunma ve İtfaiyecilik (Erkek),2,TYT,35,,,,"9, 33",676876,315.74554,,
109950151,  Tekstil Teknolojisi,2,TYT,25,1,,1,,1310959,265.85803,,
109950115,  Turizm ve Otel İşletmeciliği,2,TYT,30,1,,1,,996542,288.43064,,TUADER
,YOZGAT BOZOK ÜNİVERSİTESİ (Devlet Üniversitesi),,,,,,,,,,,YÖKAK
,AKDAĞMADENİ MESLEK YÜKSEKOKULU,,,,,,,,,,,
102350239,  Bankacılık ve Sigortacılık,2,TYT,30,1,,1,,1496179,253.18887,,
102350521,  Çocuk Gelişimi,2,TYT,27,1,,1,,1132411,278.39343,,
102350124,  Elektrik,2,TYT,40,1,,1,,1450989,256.24386,,
102390123,  Grafik Tasarımı,2,TYT,35,1,,1,,1655091,242.35209,,
102350142,  Makine,2,TYT,40,1,,1,,1519512,251.58831,,
102390053,  Mimari Restorasyon,2,TYT,25,1,,1,,1710509,238.57464,,
,BOĞAZLIYAN MESLEK YÜKSEKOKULU,,,,,,,,,,,
102350406,  Bilgisayar Programcılığı,2,TYT,65,2,,2,,1515087,251.89396,,MEDEK
102390124,  Bilgisayar Programcılığı (Uzaktan Öğretim),2,TYT,150,4,,4,"7, 8",1584637,247.15226,,
102300227,  Büyük Veri Analistliği,2,TYT,30,1,,1,320,...,----,,
102350584,  Elektronik Teknolojisi,2,TYT,35,1,,1,,1604485,245.80141,,
102350469,  Gıda Teknolojisi,2,TYT,25,1,,1,,1709883,238.61909,,
102350593,  Laborant ve Veteriner Sağlık,2,TYT,35,1,,1,,1270192,268.67713,,
102390065,  Mimari Restorasyon,2,TYT,25,1,,1,,1741549,236.45550,,
102390090,  Ormancılık ve Orman Ürünleri,2,TYT,20,1,,1,,966652,290.72493,,
,ÇEKEREK FUAT OKTAY SAĞLIK HİZMETLERİ MESLEK YÜKSEKOKULU,,,,,,,,,,,
102390087,  Çocuk Gelişimi,2,TYT,27,1,,1,,1190556,274.22840,,
102390159,  Evde Hasta Bakımı,2,TYT,25,1,,1,,859092,299.34906,,
102390125,  İlk ve Acil Yardım,2,TYT,32,1,,1,,485358,337.49575,,MEDEK
102390091,  Tıbbi Dokümantasyon ve Sekreterlik,2,TYT,25,1,,1,,663158,317.11749,,
102390092,  Tıbbi Tanıtım ve Pazarlama,2,TYT,27,1,,1,,1614335,245.12579,,
102390093,  Yaşlı Bakımı,2,TYT,45,2,,2,,1061048,283.58996,,
,SAĞLIK HİZMETLERİ MESLEK YÜKSEKOKULU,,,,,,,,,,,
102350503,  Anestezi,2,TYT,50,2,,2,,421595,346.41328,,
102350415,  Çocuk Gelişimi,2,TYT,27,1,,1,,922273,294.23411,,
102390166,  Eczane Hizmetleri,2,TYT,26,1,,1,,694688,314.00436,,
102390094,  İlk ve Acil Yardım,2,TYT,36,1,,1,,428582,345.36571,,
102350512,  Sağlık Kurumları İşletmeciliği,2,TYT,28,1,,1,,1115556,279.61163,,
102350575,  Tıbbi Dokümantasyon ve Sekreterlik,2,TYT,30,1,,1,,558042,328.49021,,
102390127,  Tıbbi Dokümantasyon ve Sekreterlik (Uzaktan Öğretim),2,TYT,100,3,,3,7,876181,297.93857,,
102390066,  Tıbbi Görüntüleme Teknikleri,2,TYT,30,1,,1,,429056,345.29269,,
102350424,  Yaşlı Bakımı,2,TYT,55,2,,2,,994269,288.60270,,MEDEK
,SORGUN MESLEK YÜKSEKOKULU,,,,,,,,,,,
102350557,  Bilgisayar Programcılığı,2,TYT,45,2,,2,,1368238,261.91318,,
102350548,  İnşaat Teknolojisi,2,TYT,40,1,,1,,1657052,242.21941,,MEDEK
102350478,  Muhasebe ve Vergi Uygulamaları,2,TYT,18,1,,1,,1530542,250.83003,,
102350609,  Optisyenlik,2,TYT,45,2,,2,,889246,296.88060,,
102350627,  Otomotiv Teknolojisi,2,TYT,35,1,,1,,1515877,251.83832,,
102390054,  Özel Güvenlik ve Koruma,2,TYT,55,2,,2,2,1479368,254.32731,,
102390128,  Raylı Sistemler Makine Teknolojisi,2,TYT,35,1,,1,6,1202474,273.39229,,
,ŞEFAATLİ MESLEK YÜKSEKOKULU,,,,,,,,,,,
102390096,  Laborant ve Veteriner Sağlık,2,TYT,35,1,,1,,1322720,265.03295,,
102390103,  Özel Güvenlik ve Koruma,2,TYT,40,1,,1,2,1531491,250.76284,,
102390050,  Tapu ve Kadastro,2,TYT,25,1,,1,,1256721,269.61681,,
,YERKÖY MESLEK YÜKSEKOKULU,,,,,,,,,,,
102390173,  Ceza İnfaz ve Güvenlik Hizmetleri,2,TYT,85,3,,3,17,928791,293.71456,,
102390180,  Mahkeme Büro Hizmetleri,2,TYT,35,1,,1,,1036442,285.42385,,
102390187,  Sosyal Güvenlik,2,TYT,63,2,,2,,1619535,244.77589,,
,YOZGAT MESLEK YÜKSEKOKULU,,,,,,,,,,,
102390129,  Aşçılık,2,TYT,55,2,,2,,1141649,277.73275,,
102390130,  Bankacılık ve Sigortacılık,2,TYT,30,1,,1,,1258671,269.48007,,
102390131,  Bilgisayar Destekli Tasarım ve Animasyon,2,TYT,55,2,,2,,1559585,248.85382,,
102390132,  Bilgisayar Programcılığı,2,TYT,65,2,,2,,1149291,277.18450,,MEDEK
102390133,  Büro Yönetimi ve Yönetici Asistanlığı,2,TYT,45,2,,2,,1239596,270.81313,,
102390222,  Büyük Veri Analistliği,2,TYT,35,1,,1,320,1473552,254.72669,,
102390229,  Çağrı Merkezi Hizmetleri,2,TYT,35,1,,1,,1489213,253.66339,,
102390135,  Elektrik,2,TYT,55,2,,2,,1222983,271.96720,,
102390134,  Elektronik Teknolojisi,2,TYT,35,1,,1,,1401117,259.67136,,
102390194,  Geleneksel El Sanatları,2,TYT,25,1,,1,,1595423,246.41493,,
102390136,  Grafik Tasarımı,2,TYT,45,2,,2,,1471045,254.89076,,
102390137,  İç Mekan Tasarımı,2,TYT,27,1,,1,,1535327,250.49979,,
102390138,  İnşaat Teknolojisi,2,TYT,40,1,,1,,1614875,245.08719,,
102390139,  İşletme Yönetimi,2,TYT,35,1,,1,,1546161,249.75952,,
102390140,  Makine,2,TYT,45,2,,2,,1361126,262.39529,,
102390141,  Muhasebe ve Vergi Uygulamaları,2,TYT,27,1,,1,,1445951,256.60014,,
102390142,  Otomotiv Teknolojisi,2,TYT,35,1,,1,,1386157,260.68943,,
102390144,  Sivil Savunma ve İtfaiyecilik,2,TYT,35,1,,,9,857920,299.44445,,
102390145,  Tarım Makineleri,2,TYT,15,1,,1,,1628000,244.19785,,
,ZONGULDAK BÜLENT ECEVİT ÜNİVERSİTESİ (Devlet Üniversitesi),,,,,,,,,,,YÖKAK
,AHMET ERDOĞAN SAĞLIK HİZMETLERİ MESLEK YÜKSEKOKULU,,,,,,,,,,,
110351186,  Ağız ve Diş Sağlığı,2,TYT,45,2,,2,,459784,340.94139,,
110350707,  Ameliyathane Hizmetleri,2,TYT,54,2,,2,,559051,328.37205,,
110350364,  Anestezi,2,TYT,50,2,,2,,393901,350.61793,,
110351211,  Çocuk Gelişimi,2,TYT,32,1,,1,,857458,299.48570,,
110351274,  Eczane Hizmetleri,2,TYT,30,1,,1,,592932,324.53326,,
110351017,  İlk ve Acil Yardım,2,TYT,32,1,,1,,387577,351.62408,*,MEDEK
110351195,  Odyometri,2,TYT,55,2,,2,,653180,318.12779,,
110351292,  Optisyenlik,2,TYT,55,2,,2,,687053,314.75252,,
110351326,  Patoloji Laboratuvar Teknikleri,2,TYT,54,2,,2,,627074,320.86220,*,MEDEK
110351371,  Podoloji,2,TYT,55,2,,2,,779476,306.17100,,
110350982,  Saç Bakımı ve Güzellik Hizmetleri,2,TYT,65,2,,2,,1022548,286.46632,,
110350928,  Tıbbi Görüntüleme Teknikleri,2,TYT,39,1,,1,,400987,349.50572,,
110350885,  Tıbbi Laboratuvar Teknikleri,2,TYT,43,2,,2,,485118,337.52757,,
110351026,  Tıbbi Tanıtım ve Pazarlama,2,TYT,54,2,,2,,1151017,277.06073,,
110390335,  Tıbbi Veri İşleme Teknikerliği,2,TYT,35,1,,1,,562278,328.00147,,
110350716,  Yaşlı Bakımı,2,TYT,80,2,,2,,897973,296.16853,,
110351317,  Yaşlı Bakımı (KKTC Uyruklu),2,TYT,2,,,,5,,,,
,ALAPLI MESLEK YÜKSEKOKULU,,,,,,,,,,,
110350743,  Bankacılık ve Sigortacılık,2,TYT,30,1,,1,62,1191740,274.14262,,
110350416,  Elektrik,2,TYT,55,2,,2,62,967529,290.65592,,
110350858,  Elektronik Haberleşme Teknolojisi,2,TYT,40,1,,1,62,1470017,254.96269,,
110350867,  Elektronik Teknolojisi,2,TYT,45,2,,2,62,1237244,270.97410,,
110350452,  Gemi İnşaatı,2,TYT,35,1,,1,,961663,291.11067,,
110390158,  Gemi Makineleri İşletmeciliği,2,TYT,20,1,,1,"11, 62",686312,314.82500,,
110350946,  İnşaat Teknolojisi,2,TYT,35,1,,1,,1494567,253.29988,,
110350822,  İşletme Yönetimi,2,TYT,35,1,,1,,1506602,252.47833,,
110350876,  Kontrol ve Otomasyon Teknolojisi,2,TYT,40,1,,1,62,1224897,271.83572,,
110350504,  Makine,2,TYT,55,2,,2,,1087614,281.62906,,
110350955,  Metalurji,2,TYT,15,1,,1,,1349991,263.15792,,
110350779,  Muhasebe ve Vergi Uygulamaları,2,TYT,27,1,,1,,1331908,264.40474,,
110390342,  Robotik ve Yapay Zeka,2,TYT,35,1,,1,320,882183,297.45231,,
110351123,  Yapı Denetimi,2,TYT,18,1,,1,,1586004,247.06265,,
110350513,  Yapı Ressamlığı,2,TYT,35,1,,1,,1742347,236.40284,,
,BİLİŞİM TEKNOLOJİLERİ MESLEK YÜKSEKOKULU,,,,,,,,,,,
110390293,  Arka-Yüz Yazılım Geliştirme,2,TYT,35,1,,1,320,985855,289.25719,,
110390300,  Büyük Veri Analistliği,2,TYT,35,1,,1,320,1035474,285.49928,,
110390307,  Oyun Geliştirme ve Programlama,2,TYT,35,1,,1,320,1087930,281.60599,,
,ÇAYCUMA GIDA VE TARIM MESLEK YÜKSEKOKULU,,,,,,,,,,,
110351441,  Gıda Kalite Kontrolü ve Analizi,2,TYT,25,1,,1,,1561632,248.71657,*,MEDEK
110351459,  Gıda Teknolojisi,2,TYT,25,1,,1,,1460136,255.63107,,
110351414,  Kimya Teknolojisi,2,TYT,25,1,,1,,1042809,284.95218,,
110390164,  Laborant ve Veteriner Sağlık,2,TYT,35,1,,1,,948616,292.13071,,
110390251,  Laboratuvar Teknolojisi,2,TYT,35,1,,1,,949937,292.02842,,
,ÇAYCUMA MESLEK YÜKSEKOKULU,,,,,,,,,,,
110390237,  Açık Deniz Sondaj Teknolojisi,2,TYT,35,1,,1,"22, 24, 34, 240, 320",298965,367.41872,,
110390244,  Açık Deniz Tabanı Uygulamaları Teknolojisi,2,TYT,35,1,,1,"22, 24, 34, 240, 320",370475,354.41754,,
110351141,  Çağrı Merkezi Hizmetleri,2,TYT,35,1,,1,62,1553503,249.26199,,
110390098,  İç Mekan Tasarımı,2,TYT,45,2,,2,62,1522483,251.38045,,
110351105,  İnsan Kaynakları Yönetimi,2,TYT,36,1,,1,62,1423400,258.14892,,
110390314,  Ofis Teknolojileri ve Veri Yönetimi,2,TYT,35,1,,1,62,1534348,250.56447,,
110351202,  Ormancılık ve Orman Ürünleri,2,TYT,20,1,,1,62,783010,305.85202,,
110390167,  Sivil Hava Ulaştırma İşletmeciliği,2,TYT,35,1,,1,"10, 62",741119,309.63002,*,MEDEK
110351389,  Sivil Havacılık Kabin Hizmetleri,2,TYT,55,2,,2,"10, 62",670788,316.36114,,
110390141,  Sosyal Güvenlik,2,TYT,45,2,,2,62,1497137,253.12404,,
,DEVREK MESLEK YÜKSEKOKULU,,,,,,,,,,,
110351053,  Aşçılık,2,TYT,75,2,,2,,1057762,283.82997,*,MEDEK
110351353,  Bilgisayar Programcılığı,2,TYT,65,2,,2,,992273,288.75556,,
110351238,  Geleneksel El Sanatları,2,TYT,30,1,,1,,1750328,235.85849,,
110351398,  İnternet ve Ağ Teknolojileri,2,TYT,50,2,,2,,1559567,248.85495,,
110390321,  Kurumsal Bilişim Uzmanlığı,2,TYT,35,1,,1,320,1599125,246.15963,,
110390258,  Mahkeme Büro Hizmetleri,2,TYT,35,1,,1,,947233,292.24214,,
110350788,  Muhasebe ve Vergi Uygulamaları,2,TYT,23,1,,1,,1489015,253.67656,,
110300367,  Ofis Teknolojileri ve Veri Yönetimi,2,TYT,30,1,,1,,...,----,,
110351335,  Özel Güvenlik ve Koruma,2,TYT,75,2,,2,2,1510633,252.19904,,
110351405,  Posta Hizmetleri,2,TYT,30,1,,1,,1765234,234.82246,,
110350637,  Turizm ve Otel İşletmeciliği,2,TYT,30,1,,1,62,1435670,257.30402,,
,GÖKÇEBEY MİTHAT-MEHMET ÇANAKÇI MESLEK YÜKSEKOKULU,,,,,,,,,,,
110350964,  Halkla İlişkiler ve Tanıtım,2,TYT,29,1,,1,,1631398,243.96599,,
110351168,  Mimari Dekoratif Sanatlar,2,TYT,25,1,,1,,1744067,236.28319,,
110390165,  Sağlık Kurumları İşletmeciliği,2,TYT,28,1,,1,,1224551,271.85888,,
,KARADENİZ EREĞLİ MESLEK YÜKSEKOKULU,,,,,,,,,,,
110351362,  Bilgisayar Teknolojisi,2,TYT,55,2,,2,"62, 320",1076192,282.47044,,
110390265,  Bilgisayar Teknolojisi (KKTC Uyruklu),2,TYT,1,,,,"5, 62, 320",,,,
110390157,  Bilişim Güvenliği Teknolojisi,2,TYT,55,2,,2,62,1061873,283.52803,,
110390328,  Bulut Bilişim Operatörlüğü,2,TYT,35,1,,1,320,1159555,276.45020,,
110351229,  Deniz ve Liman İşletmeciliği,2,TYT,30,1,,1,62,906071,295.52594,,
110351283,  Grafik Tasarımı,2,TYT,65,2,,2,,1166553,275.95449,,
,ZONGULDAK MESLEK YÜKSEKOKULU (Kilimli),,,,,,,,,,,
110350276,  Biyomedikal Cihaz Teknolojisi,2,TYT,35,1,,1,62,1008749,287.50673,,
110350285,  Harita ve Kadastro,2,TYT,25,1,,1,,1153795,276.86289,,
110350937,  İnşaat Teknolojisi,2,TYT,45,2,,2,,1415868,258.66336,*,MEDEK
110350813,  İşletme Yönetimi,2,TYT,35,1,,1,,1328753,264.62080,,
110351132,  Lojistik,2,TYT,65,2,,2,,1350877,263.09669,,
110390159,  Madencilik Teknolojisi,2,TYT,25,1,,1,,1257185,269.58239,,
110350761,  Muhasebe ve Vergi Uygulamaları,2,TYT,27,1,,1,,1246589,270.32745,,
110350337,  Turizm ve Otel İşletmeciliği,2,TYT,30,1,,1,62,1251446,269.98495,,
110351308,  Turizm ve Otel İşletmeciliği (KKTC Uyruklu),2,TYT,1,,,,"5, 62",,,,
,İÇİŞLERİ BAKANLIĞI VE MİLLİ SAVUNMA BAKANLIĞI ADINA SAĞLIK BİLİMLERİ ÜNİVERSİTESİNDE EĞİTİM ALACAKLAR (Devlet Üniversitesi),,,,,,,,,,,
,GÜLHANE SAĞLIK MESLEK YÜKSEKOKULU (ANKARA),,,,,,,,,,,
111050346,  İlk ve Acil Yardım (Erkek) (Ankara) (İçişleri Bakanlığı Adına),2,TYT,10,1,,,"33, 59",189068,393.40676,,
111091155,  İlk ve Acil Yardım (Erkek) (Ankara) (Milli Savunma Bakanlığı Adına),2,TYT,80,1,,,"33, 58",360960,356.04522,,
111091387,  Tıbbi Görüntüleme Teknikleri (Ankara) (Erkek) (Milli Savunma Bakanlığı Adına),2,TYT,2,1,,,"33, 58",161440,401.70069,,
111091388,  Tıbbi Laboratuvar Teknikleri (Ankara) (Erkek) (Milli Savunma Bakanlığı Adına),2,TYT,5,1,,,"33, 58",179152,396.26498,,
,HAMİDİYE SAĞLIK HİZMETLERİ MESLEK YÜKSEKOKULU (İSTANBUL),,,,,,,,,,,
111091384,  Biyomedikal Cihaz Teknolojisi (Erkek) (Milli Savunma Bakanlığı Adına),2,TYT,2,1,,,"33, 58",184456,394.70385,,
111091156,  İlk ve Acil Yardım (Erkek) (Milli Savunma Bakanlığı Adına),2,TYT,60,1,,,"33, 58",420355,346.59407,,
,HOCA AHMET YESEVİ ULUSLARARASI TÜRK-KAZAK ÜNİVERSİTESİ (TÜRKİSTAN-KAZAKİSTAN)*,,,,,,,,,,,
,TÜRKİSTAN MESLEK YÜKSEKOKULU,,,,,,,,,,,
403950015,  Bilgisayar Programcılığı (Uzaktan Öğretim) (Ücretli),2,TYT,150,,,,130,2012217,217.07938,,
"*Uluslararası anlaşmalar ile kurulmuş olan üniversite, özerk statüye sahip ortak devlet üniversitesidir. Eğitim, yurt dışında üniversitenin bulunduğu ülkede sürdürülecektir.",,,,,,,,,,,,
,ACIBADEM MEHMET ALİ AYDINLAR ÜNİVERSİTESİ (İSTANBUL) (Vakıf Üniversitesi) ,,,,,,,,,,,YÖKAK
,MESLEK YÜKSEKOKULU,,,,,,,,,,,
200150361,  Aşçılık (Burslu),2,TYT,5,,1,,"21, 64",120189,416.44127,,
200150352,  Aşçılık (%50 İndirimli),2,TYT,34,,,,"21, 64",1156556,276.66148,,
200190081,  Bilgisayar Programcılığı (Burslu),2,TYT,7,,1,,"21, 64",227481,383.15272,,
200190088,  Bilgisayar Programcılığı (%50 İndirimli),2,TYT,44,,,,"21, 64",903625,295.71964,,
200150758,  Biyomedikal Cihaz Teknolojisi (Burslu),2,TYT,3,,1,,"21, 64",426424,345.67688,,
200150767,  Biyomedikal Cihaz Teknolojisi (%50 İndirimli),2,TYT,25,,,,"21, 64",1957966,221.15206,,
,SAĞLIK HİZMETLERİ MESLEK YÜKSEKOKULU,,,,,,,,,,,
200150652,  Ağız ve Diş Sağlığı (Burslu),2,TYT,6,,1,,"21, 64",284198,370.41576,,
200150661,  Ağız ve Diş Sağlığı (%50 İndirimli),2,TYT,38,,,,"21, 64",1140840,277.79007,,
200150679,  Ameliyathane Hizmetleri (Burslu),2,TYT,6,,1,,"21, 64",427415,345.53494,,
200150688,  Ameliyathane Hizmetleri (%50 İndirimli),2,TYT,37,,,,"21, 64",1454357,256.01633,,
200150025,  Anestezi (Burslu),2,TYT,6,,1,,"21, 64",188763,393.48457,,
200150255,  Anestezi (%50 İndirimli),2,TYT,39,,,,"21, 64",725743,311.05705,,
200150185,  Diyaliz (Burslu),2,TYT,4,,1,,"21, 64",525903,332.31665,,
200150334,  Diyaliz (%50 İndirimli),2,TYT,25,,,,"21, 64",1439111,257.06382,,
200150201,  Elektronörofizyoloji (Burslu),2,TYT,4,,1,,"21, 64",479441,338.28556,,
200150343,  Elektronörofizyoloji (%50 İndirimli),2,TYT,30,,,,"21, 64",1846852,229.15839,,
200190058,  Fizyoterapi (Burslu),2,TYT,5,,1,,"21, 64",227446,383.15791,,
200190059,  Fizyoterapi (%50 İndirimli),2,TYT,33,,,,"21, 64",1241673,270.66439,,
200150167,  İlk ve Acil Yardım (Burslu),2,TYT,7,,1,,"21, 64",258599,375.89187,,
200150264,  İlk ve Acil Yardım (%50 İndirimli),2,TYT,42,,,,"21, 64",865631,298.81348,,
200150697,  Odyometri (Burslu),2,TYT,4,,1,,"21, 64",426556,345.65660,,
200150704,  Odyometri (%50 İndirimli),2,TYT,25,,,,"21, 64",1686705,240.20057,,
200150713,  Optisyenlik (Burslu),2,TYT,7,,1,,"21, 64",303624,366.49890,,
200150722,  Optisyenlik (%50 İndirimli),2,TYT,41,,,,"21, 64",1493147,253.39471,,
200150731,  Ortopedik Protez ve Ortez (Burslu),2,TYT,4,,,,"21, 64",503145,335.17887,,
200150749,  Ortopedik Protez ve Ortez (%50 İndirimli),2,TYT,19,,,,"21, 64",2092134,210.66374,,
200150061,  Patoloji Laboratuvar Teknikleri (Burslu),2,TYT,4,,1,,"21, 64",451011,342.15190,,
200150307,  Patoloji Laboratuvar Teknikleri (%50 İndirimli),2,TYT,31,,,,"21, 64",1642397,243.22042,,
200150546,  Podoloji (Burslu),2,TYT,5,,1,,"21, 64",438622,343.87180,,
200150537,  Podoloji (%50 İndirimli),2,TYT,34,,,,"21, 64",2299603,180.28495,,
200150088,  Radyoterapi (Burslu),2,TYT,5,,1,,"21, 64",530362,331.78101,,
200150282,  Radyoterapi (%50 İndirimli),2,TYT,34,,,,"21, 64",1675005,240.99005,,
200150149,  Tıbbi Dokümantasyon ve Sekreterlik (Burslu),2,TYT,4,,1,,"21, 64",341319,359.45918,,
200150316,  Tıbbi Dokümantasyon ve Sekreterlik (%50 İndirimli),2,TYT,31,,,,"21, 64",1201664,273.44946,,
200150113,  Tıbbi Görüntüleme Teknikleri (Burslu),2,TYT,7,,1,,"21, 64",280175,371.23861,,
200150273,  Tıbbi Görüntüleme Teknikleri (%50 İndirimli),2,TYT,42,,,,"21, 64",914783,294.81768,,
200150131,  Tıbbi Laboratuvar Teknikleri (Burslu),2,TYT,6,,1,,"21, 64",319891,363.37394,,
200150291,  Tıbbi Laboratuvar Teknikleri (%50 İndirimli),2,TYT,41,,,,"21, 64",1156163,276.69274,,
200190151,  Tıbbi Veri İşleme Teknikerliği (Burslu),2,TYT,5,,1,,"21, 64",433201,344.67101,,
200190158,  Tıbbi Veri İşleme Teknikerliği (%50 İndirimli),2,TYT,34,,,,"21, 64",1224933,271.83308,,
,ALANYA ÜNİVERSİTESİ (ANTALYA) (Vakıf Üniversitesi) ,,,,,,,,,,,
,MESLEK YÜKSEKOKULU,,,,,,,,,,,
210100353,  Akıllı Altyapılar Teknikerliği (Burslu),2,TYT,4,,,,"18, 21, 64",915012,294.80052,,
210100360,  Akıllı Altyapılar Teknikerliği (%50 İndirimli),2,TYT,21,,,,"18, 21, 64",,,,
210100101,  Aşçılık (Burslu),2,TYT,4,,1,,"18, 21, 64",540990,330.50285,,
210100108,  Aşçılık (%50 İndirimli),2,TYT,25,,,,"18, 21, 64",1734791,236.91251,,
210100234,  Bilgisayar Programcılığı (Burslu),2,TYT,4,,1,,"18, 21, 64",600619,323.69346,,
210100241,  Bilgisayar Programcılığı (%50 İndirimli),2,TYT,25,,,,"18, 21, 64",1705246,238.93398,,
210100115,  Fizyoterapi (Burslu),2,TYT,4,,1,,"18, 21, 64",605585,323.16022,,
210100122,  Fizyoterapi (%50 İndirimli),2,TYT,31,,,,"18, 21, 64",1452179,256.16207,,
210100367,  Gıda Kalite Kontrolü ve Analizi (Burslu),2,TYT,5,,,,"18, 21, 64",1286626,267.53935,,
210100374,  Gıda Kalite Kontrolü ve Analizi (%50 İndirimli),2,TYT,15,,,,"18, 21, 64",,,,
210100381,  Kimya Teknolojisi (Burslu),2,TYT,5,,,,"18, 21, 64",1139029,277.92210,,
210100388,  Kimya Teknolojisi (%50 İndirimli),2,TYT,15,,,,"18, 21, 64",,,,
210100437,  Marina ve Yat İşletmeciliği (Burslu),2,TYT,4,,1,,"18, 21, 64",...,----,,
210100444,  Marina ve Yat İşletmeciliği (%50 İndirimli),2,TYT,25,,,,"18, 21, 64",...,----,,
210100248,  Turizm ve Otel İşletmeciliği (Burslu),2,TYT,4,,,,"18, 21, 64",868232,298.59722,,
210100227,  Turizm ve Otel İşletmeciliği (%50 İndirimli),2,TYT,21,,,,"18, 21, 64",1952633,221.53700,,
,ALTINBAŞ ÜNİVERSİTESİ (İSTANBUL) (Vakıf Üniversitesi) ,,,,,,,,,,,YÖKAK
,SAĞLIK HİZMETLERİ MESLEK YÜKSEKOKULU,,,,,,,,,,,
202950223,  Ağız ve Diş Sağlığı (Burslu),2,TYT,8,,1,,"18, 21, 64",514303,333.76014,,
202950841,  Ağız ve Diş Sağlığı (%50 İndirimli),2,TYT,53,,,,"18, 21, 64",,,,
202950268,  Ameliyathane Hizmetleri (Burslu),2,TYT,8,,1,,"18, 21, 64",611770,322.50472,,
202950859,  Ameliyathane Hizmetleri (%50 İndirimli),2,TYT,53,,,,"18, 21, 64",,,,
202950286,  Anestezi (Burslu),2,TYT,8,,1,,"18, 21, 64",417498,347.01031,,
202950868,  Anestezi (%50 İndirimli),2,TYT,53,,,,"18, 21, 64",...,----,,
202950029,  Çocuk Gelişimi (Burslu),2,TYT,4,,1,,"18, 21, 64",745235,309.25836,,
202950198,  Çocuk Gelişimi (%50 İndirimli),2,TYT,31,,,,"18, 21, 64",,,,
202990309,  Eczane Hizmetleri (Burslu),2,TYT,4,,,,"18, 21, 64",542903,330.28194,,
202990316,  Eczane Hizmetleri (%50 İndirimli),2,TYT,21,,,,"18, 21, 64",,,,
202950647,  Fizyoterapi (Burslu),2,TYT,5,,1,,"18, 21, 64",524756,332.45800,,
202950877,  Fizyoterapi (%50 İndirimli),2,TYT,35,,,,"18, 21, 64",,,,
202950117,  İlk ve Acil Yardım (Burslu),2,TYT,10,,1,,"18, 21, 64",475405,338.82088,,
202950886,  İlk ve Acil Yardım (%50 İndirimli),2,TYT,61,,,,"18, 21, 64",...,----,,
202950144,  Odyometri (Burslu),2,TYT,4,,1,,"18, 21, 64",635956,319.92065,,
202950753,  Odyometri (%50 İndirimli),2,TYT,25,,,,"18, 21, 64",,,,
202950162,  Optisyenlik (Burslu),2,TYT,5,,1,,"18, 21, 64",486613,337.32590,,
202950762,  Optisyenlik (%50 İndirimli),2,TYT,37,,,,"18, 21, 64",,,,
202950311,  Radyoterapi (Burslu),2,TYT,5,,1,,"18, 21, 64",649325,318.52056,,
202950895,  Radyoterapi (%50 İndirimli),2,TYT,33,,,,"18, 21, 64",,,,
202951239,  Tıbbi Dokümantasyon ve Sekreterlik (Burslu),2,TYT,3,,,,"18, 21, 64",520597,332.97770,,
202990162,  Tıbbi Dokümantasyon ve Sekreterlik (%50 İndirimli),2,TYT,20,,,,"18, 21, 64",2234050,196.13377,,
202950674,  Tıbbi Görüntüleme Teknikleri (Burslu),2,TYT,9,,1,,"18, 21, 64",485767,337.43860,,
202950902,  Tıbbi Görüntüleme Teknikleri (%50 İndirimli),2,TYT,56,,,,"18, 21, 64",,,,
202951266,  Tıbbi Laboratuvar Teknikleri (Burslu),2,TYT,6,,1,,"18, 21, 64",516779,333.45370,,
202990163,  Tıbbi Laboratuvar Teknikleri (%50 İndirimli),2,TYT,41,,,,"18, 21, 64",,,,
,ANKARA BİLİM ÜNİVERSİTESİ (Vakıf Üniversitesi) ,,,,,,,,,,,
,MESLEK YÜKSEKOKULU,,,,,,,,,,,
209510236,  Bilgisayar Destekli Tasarım ve Animasyon (Burslu),2,TYT,7,,1,,"21, 64",424335,345.99870,,
209510243,  Bilgisayar Destekli Tasarım ve Animasyon (%50 İndirimli),2,TYT,42,,,,"21, 64",,,,
209510173,  Bilgisayar Programcılığı (Burslu),2,TYT,8,,1,,"21, 64",312043,364.85377,,
209510180,  Bilgisayar Programcılığı (%50 İndirimli),2,TYT,51,,,,"21, 64",1365235,262.10938,,
209510138,  Bilişim Güvenliği Teknolojisi (Burslu),2,TYT,8,,1,,"21, 64",325467,362.32847,,
209510145,  Bilişim Güvenliği Teknolojisi (%50 İndirimli),2,TYT,51,,,,"21, 64",,,,
209500101,  Elektronik Teknolojisi (Burslu),2,TYT,4,,1,,"21, 64",...,----,,
209500108,  Elektronik Teknolojisi (%50 İndirimli),2,TYT,25,,,,"21, 64",...,----,,
209510201,  E-Ticaret ve Pazarlama (Burslu),2,TYT,5,,1,,"21, 64",549788,329.46860,,
209510208,  E-Ticaret ve Pazarlama (%50 İndirimli),2,TYT,34,,,,"21, 64",,,,
209510187,  İnsansız Hava Aracı Teknolojisi ve Operatörlüğü (Burslu),2,TYT,8,,1,,"21, 64",230794,382.33202,,
209510194,  İnsansız Hava Aracı Teknolojisi ve Operatörlüğü (%50 İndirimli),2,TYT,51,,,,"21, 64",1189454,274.30809,,
209500115,  Tıbbi Veri İşleme Teknikerliği (Burslu),2,TYT,4,,1,,"21, 64",...,----,,
209500122,  Tıbbi Veri İşleme Teknikerliği (%50 İndirimli),2,TYT,25,,,,"21, 64",...,----,,
209500129,  Turizm ve Otel İşletmeciliği (Burslu),2,TYT,7,,1,,"21, 64",...,----,,
209500136,  Turizm ve Otel İşletmeciliği (%50 İndirimli),2,TYT,42,,,,"21, 64",...,----,,
209500143,  Uçak Teknolojisi (Burslu),2,TYT,4,,1,,"10, 21, 64",...,----,,
209500150,  Uçak Teknolojisi (%50 İndirimli),2,TYT,25,,,,"10, 21, 64",...,----,,
209510250,  Web Tasarımı ve Kodlama (Burslu),2,TYT,5,,1,,"21, 64",441458,343.47390,,
209510257,  Web Tasarımı ve Kodlama (%50 İndirimli),2,TYT,34,,,,"21, 64",,,,
,ANKARA MEDİPOL ÜNİVERSİTESİ (Vakıf Üniversitesi) ,,,,,,,,,,,
,MESLEK YÜKSEKOKULU,,,,,,,,,,,
209200122,  Arka-Yüz Yazılım Geliştirme (Ücretli),2,TYT,68,,,,"18, 64, 320",...,----,,
209210173,  Arka-Yüz Yazılım Geliştirme (Burslu),2,TYT,10,,2,,"18, 21, 64, 320",439469,343.75258,,
209200136,  Bilgisayar Programcılığı (Ücretli),2,TYT,76,,,,"18, 64",...,----,,
209210039,  Bilgisayar Programcılığı (Burslu),2,TYT,12,,2,,"18, 21, 64",232980,381.81384,,
209200129,  Bilgisayar Programcılığı (İngilizce) (Ücretli),2,TYT,68,,,,"18, 22, 23, 24, 64",...,----,,
209210187,  Bilgisayar Programcılığı (İngilizce) (Burslu),2,TYT,10,,2,,"18, 21, 22, 23, 24, 64",284972,370.25346,,
209200143,  İç Mekan Tasarımı (Ücretli),2,TYT,59,,,,"18, 64",...,----,,
209210087,  İç Mekan Tasarımı (Burslu),2,TYT,10,,1,,"18, 21, 64",446928,342.71213,,
209200150,  İnşaat Teknolojisi (Ücretli),2,TYT,68,,,,"18, 64",...,----,,
209210037,  İnşaat Teknolojisi (Burslu),2,TYT,10,,2,,"18, 21, 64",422330,346.29750,,
209200157,  Mahkeme Büro Hizmetleri (Ücretli),2,TYT,25,,,,"18, 64",...,----,,
209210166,  Mahkeme Büro Hizmetleri (Burslu),2,TYT,4,,1,,"18, 21, 64",411861,347.85450,,
209200164,  Pazarlama (Ücretli),2,TYT,30,,,,"18, 64",...,----,,
209210090,  Pazarlama (Burslu),2,TYT,4,,1,,"18, 21, 64",490440,336.82297,,
209200171,  Robotik ve Yapay Zeka (Ücretli),2,TYT,68,,,,"18, 64, 320",...,----,,
209210208,  Robotik ve Yapay Zeka (Burslu),2,TYT,10,,2,,"18, 21, 64, 320",381006,352.67922,,
209200185,  Yapay Zekâ Destekli Tasarım ve Animasyon (Ücretli),2,TYT,25,,,,"18, 64, 320",...,----,,
209200178,  Yapay Zekâ Destekli Tasarım ve Animasyon (Burslu),2,TYT,4,,1,,"18, 21, 64, 320",...,----,,
209200199,  Yapay Zekâ Destekli Web Tasarımı ve Kodlama (Ücretli),2,TYT,25,,,,"18, 64, 320",...,----,,
209200192,  Yapay Zekâ Destekli Web Tasarımı ve Kodlama (Burslu),2,TYT,4,,1,,"18, 21, 64, 320",...,----,,
,SAĞLIK HİZMETLERİ MESLEK YÜKSEKOKULU,,,,,,,,,,,
209200213,  Ağız ve Diş Sağlığı (Ücretli),2,TYT,46,,,,"18, 64",...,----,,
209210015,  Ağız ve Diş Sağlığı (Burslu),2,TYT,7,,1,,"18, 21, 64",337843,360.07678,,
209200206,  Ağız ve Diş Sağlığı (İngilizce) (Ücretli),2,TYT,59,,,,"18, 22, 23, 24, 64",...,----,,
209210222,  Ağız ve Diş Sağlığı (İngilizce) (Burslu),2,TYT,9,,1,,"18, 21, 22, 23, 24, 64",461938,340.63754,,
209200227,  Ameliyathane Hizmetleri (Ücretli),2,TYT,48,,,,"18, 64",...,----,,
209210013,  Ameliyathane Hizmetleri (Burslu),2,TYT,8,,1,,"18, 21, 64",428374,345.39663,,
209200220,  Ameliyathane Hizmetleri (İngilizce) (Ücretli),2,TYT,37,,,,"18, 22, 23, 24, 64",...,----,,
209210236,  Ameliyathane Hizmetleri (İngilizce) (Burslu),2,TYT,5,,1,,"18, 21, 22, 23, 24, 64",569781,327.12696,,
209200241,  Anestezi (Ücretli),2,TYT,44,,,,"18, 64",...,----,,
209210017,  Anestezi (Burslu),2,TYT,7,,1,,"18, 21, 64",234937,381.34990,,
209200234,  Anestezi (İngilizce) (Ücretli),2,TYT,61,,,,"18, 22, 23, 24, 64",...,----,,
209210250,  Anestezi (İngilizce) (Burslu),2,TYT,10,,1,,"18, 21, 22, 23, 24, 64",331029,361.31486,,
209200248,  Biyomedikal Cihaz Teknolojisi (Ücretli),2,TYT,48,,,,"18, 64",...,----,,
209210019,  Biyomedikal Cihaz Teknolojisi (Burslu),2,TYT,7,,1,,"18, 21, 64",534498,331.29110,,
209200262,  Diş Protez Teknolojisi (Ücretli),2,TYT,48,,,,"18, 64",...,----,,
209210021,  Diş Protez Teknolojisi (Burslu),2,TYT,8,,1,,"18, 21, 64",253643,377.00281,,
209200255,  Diş Protez Teknolojisi (İngilizce) (Ücretli),2,TYT,65,,,,"18, 22, 23, 24, 64",...,----,,
209210264,  Diş Protez Teknolojisi (İngilizce) (Burslu),2,TYT,9,,2,,"18, 21, 22, 23, 24, 64",391249,351.03728,,
209200269,  Diyaliz (Ücretli),2,TYT,45,,,,"18, 64",...,----,,
209210023,  Diyaliz (Burslu),2,TYT,7,,1,,"18, 21, 64",447548,342.62508,,
209200283,  Fizyoterapi (Ücretli),2,TYT,44,,,,"18, 64",...,----,,
209210025,  Fizyoterapi (Burslu),2,TYT,7,,1,,"18, 21, 64",333701,360.82558,,
209200276,  Fizyoterapi (İngilizce) (Ücretli),2,TYT,54,,,,"18, 22, 23, 24, 64",...,----,,
209210278,  Fizyoterapi (İngilizce) (Burslu),2,TYT,8,,1,,"18, 21, 22, 23, 24, 64",588221,325.05444,,
209200297,  İlk ve Acil Yardım (Ücretli),2,TYT,44,,,,"18, 64",...,----,,
209210027,  İlk ve Acil Yardım (Burslu),2,TYT,7,,1,,"18, 21, 64",282516,370.74738,,
209200290,  İlk ve Acil Yardım (İngilizce) (Ücretli),2,TYT,54,,,,"18, 22, 23, 24, 64",...,----,,
209210292,  İlk ve Acil Yardım (İngilizce) (Burslu),2,TYT,8,,1,,"18, 21, 22, 23, 24, 64",430335,345.10333,,
209200304,  Odyometri (Ücretli),2,TYT,47,,,,"18, 64",...,----,,
209210029,  Odyometri (Burslu),2,TYT,7,,1,,"18, 21, 64",441763,343.43011,,
209200311,  Optisyenlik (Ücretli),2,TYT,44,,,,"18, 64",...,----,,
209210076,  Optisyenlik (Burslu),2,TYT,7,,1,,"18, 21, 64",232725,381.87552,,
209200318,  Radyoterapi (Ücretli),2,TYT,47,,,,"18, 64",...,----,,
209210031,  Radyoterapi (Burslu),2,TYT,7,,1,,"18, 21, 64",490203,336.85349,,
209200325,  Sağlık Turizmi İşletmeciliği (Ücretli),2,TYT,20,,,,"18, 64",...,----,,
209210078,  Sağlık Turizmi İşletmeciliği (Burslu),2,TYT,3,,,,"18, 21, 64",276818,371.92653,,
209200332,  Tıbbi Görüntüleme Teknikleri (Ücretli),2,TYT,44,,,,"18, 64",...,----,,
209210035,  Tıbbi Görüntüleme Teknikleri (Burslu),2,TYT,7,,1,,"18, 21, 64",303369,366.55279,,
209200346,  Tıbbi Laboratuvar Teknikleri (Ücretli),2,TYT,42,,,,"18, 64",...,----,,
209210033,  Tıbbi Laboratuvar Teknikleri (Burslu),2,TYT,6,,1,,"18, 21, 64",336278,360.35436,,
209200339,  Tıbbi Laboratuvar Teknikleri (İngilizce) (Ücretli),2,TYT,54,,,,"18, 22, 23, 24, 64",...,----,,
209210306,  Tıbbi Laboratuvar Teknikleri (İngilizce) (Burslu),2,TYT,8,,1,,"18, 21, 22, 23, 24, 64",460089,340.89330,,
,ANTALYA BELEK ÜNİVERSİTESİ (Vakıf Üniversitesi) ,,,,,,,,,,,
,MESLEK YÜKSEKOKULU,,,,,,,,,,,
210200115,  Aşçılık (Burslu),2,TYT,3,,,,"18, 21, 64",676388,315.79582,,
210200122,  Aşçılık (%50 İndirimli),2,TYT,17,,,,"18, 21, 64",1666000,241.60767,,
210200129,  Bankacılık ve Sigortacılık (Burslu),2,TYT,3,,,,"18, 21, 64",773141,306.73593,,
210200136,  Bankacılık ve Sigortacılık (%50 İndirimli),2,TYT,15,,,,"18, 21, 64",1899427,225.41609,,
210200451,  Bilgisayar Destekli Tasarım ve Animasyon (Burslu),2,TYT,4,,1,,"18, 21, 64",867954,298.62043,,
210200458,  Bilgisayar Destekli Tasarım ve Animasyon (%50 İndirimli),2,TYT,25,,,,"18, 21, 64",2064158,212.97469,,
210200465,  Bilişim Güvenliği Teknolojisi (Burslu),2,TYT,4,,1,,"18, 21, 64",585653,325.34053,,
210200472,  Bilişim Güvenliği Teknolojisi (%50 İndirimli),2,TYT,25,,,,"18, 21, 64",2044674,214.53097,,
210200143,  Eczane Hizmetleri (Burslu),2,TYT,4,,,,"18, 21, 64",661309,317.29821,,
210200150,  Eczane Hizmetleri (%50 İndirimli),2,TYT,21,,,,"18, 21, 64",1535056,250.51725,,
210200171,  İç Mekan Tasarımı (Burslu),2,TYT,3,,1,,"18, 21, 64",711728,312.38912,,
210200185,  İç Mekan Tasarımı (%50 İndirimli),2,TYT,23,,,,"18, 21, 64",1891540,225.98839,,
210200192,  İnşaat Teknolojisi (Burslu),2,TYT,3,,,,"18, 21, 64",724875,311.13621,,
210200199,  İnşaat Teknolojisi (%50 İndirimli),2,TYT,18,,,,"18, 21, 64",1781724,233.69212,,
210200479,  Mahkeme Büro Hizmetleri (Burslu),2,TYT,10,,2,,"18, 21, 64",915055,294.79753,,
210200486,  Mahkeme Büro Hizmetleri (%50 İndirimli),2,TYT,68,,,,"18, 21, 64",,,,
210200206,  Mimari Restorasyon (Burslu),2,TYT,3,,1,,"18, 21, 64",924295,294.07402,,
210200213,  Mimari Restorasyon (%50 İndirimli),2,TYT,24,,,,"18, 21, 64",1973067,220.04187,,
210200220,  Optisyenlik (Burslu),2,TYT,7,,1,,"18, 21, 64",568008,327.33398,,
210200234,  Optisyenlik (%50 İndirimli),2,TYT,41,,,,"18, 21, 64",1373379,261.56214,,
210200493,  Sivil Hava Ulaştırma İşletmeciliği (Burslu),2,TYT,4,,1,,"10, 18, 21, 64",442413,343.34340,,
210200500,  Sivil Hava Ulaştırma İşletmeciliği (%50 İndirimli),2,TYT,28,,,,"10, 18, 21, 64",1283895,267.72870,,
210200241,  Sivil Havacılık Kabin Hizmetleri (Burslu),2,TYT,4,,1,,"10, 18, 21, 64",410868,348.00700,,
210200248,  Sivil Havacılık Kabin Hizmetleri (%50 İndirimli),2,TYT,28,,,,"10, 18, 21, 64",1049218,284.47723,,
210200283,  Turist Rehberliği (Burslu),2,TYT,3,,,,"18, 21, 64",570981,326.99369,,
210200290,  Turist Rehberliği (%50 İndirimli),2,TYT,15,,,,"18, 21, 64",1676983,240.85792,,
210200507,  Web Tasarımı ve Kodlama (Burslu),2,TYT,7,,1,,"18, 21, 64",953761,291.72933,,
210200514,  Web Tasarımı ve Kodlama (%50 İndirimli),2,TYT,42,,,,"18, 21, 64",,,,
,ANTALYA BİLİM ÜNİVERSİTESİ (Vakıf Üniversitesi) ,,,,,,,,,,,
,MESLEK YÜKSEKOKULU,,,,,,,,,,,
206410594,  Aşçılık (Burslu),2,TYT,6,,1,,"18, 21, 64",435859,344.28008,,
206410596,  Aşçılık (%50 İndirimli),2,TYT,42,,,,"18, 21, 64",1230641,271.43463,,
206410598,  Bilgisayar Programcılığı (Burslu),2,TYT,9,,1,,"18, 21, 64",387344,351.65843,,
206410600,  Bilgisayar Programcılığı (%50 İndirimli),2,TYT,59,,,,"18, 21, 64",1007052,287.63616,,
206410602,  İnşaat Teknolojisi (Burslu),2,TYT,6,,1,,"18, 21, 64",543771,330.18099,,
206410604,  İnşaat Teknolojisi (%50 İndirimli),2,TYT,42,,,,"18, 21, 64",1415931,258.65740,,
206410752,  Mahkeme Büro Hizmetleri (Burslu),2,TYT,4,,1,,"18, 21, 64",484918,337.55390,,
206410759,  Mahkeme Büro Hizmetleri (%50 İndirimli),2,TYT,25,,,,"18, 21, 64",1251501,269.98161,,
,SAĞLIK HİZMETLERİ MESLEK YÜKSEKOKULU,,,,,,,,,,,
206410615,  Ağız ve Diş Sağlığı (Burslu),2,TYT,7,,1,,"18, 21, 64",382366,352.46505,,
206410616,  Ağız ve Diş Sağlığı (%50 İndirimli),2,TYT,46,,,,"18, 21, 64",846894,300.37056,,
206410635,  Ameliyathane Hizmetleri (Burslu),2,TYT,7,,1,,"18, 21, 64",517168,333.40737,,
206410636,  Ameliyathane Hizmetleri (%50 İndirimli),2,TYT,46,,,,"18, 21, 64",1035664,285.48325,,
206410633,  Anestezi (Burslu),2,TYT,7,,1,,"18, 21, 64",327095,362.03126,,
206410634,  Anestezi (%50 İndirimli),2,TYT,46,,,,"18, 21, 64",703978,313.13074,,
206410644,  Diyaliz (Burslu),2,TYT,7,,1,,"18, 21, 64",545397,329.98660,,
206410645,  Diyaliz (%50 İndirimli),2,TYT,43,,,,"18, 21, 64",1121226,279.20389,,
206410618,  Fizyoterapi (Burslu),2,TYT,7,,1,,"18, 21, 64",413074,347.66827,,
206410619,  Fizyoterapi (%50 İndirimli),2,TYT,46,,,,"18, 21, 64",991417,288.82159,,
206410624,  İlk ve Acil Yardım (Burslu),2,TYT,7,,1,,"18, 21, 64",363812,355.56280,,
206410625,  İlk ve Acil Yardım (%50 İndirimli),2,TYT,46,,,,"18, 21, 64",762810,307.66932,,
206410658,  Optisyenlik (Burslu),2,TYT,8,,1,,"18, 21, 64",421441,346.43585,,
206410659,  Optisyenlik (%50 İndirimli),2,TYT,51,,,,"18, 21, 64",1049293,284.47142,,
206410627,  Tıbbi Görüntüleme Teknikleri (Burslu),2,TYT,7,,1,,"18, 21, 64",397257,350.08478,,
206410628,  Tıbbi Görüntüleme Teknikleri (%50 İndirimli),2,TYT,46,,,,"18, 21, 64",779465,306.17173,,
206410621,  Tıbbi Laboratuvar Teknikleri (Burslu),2,TYT,7,,1,,"18, 21, 64",421283,346.46050,,
206410622,  Tıbbi Laboratuvar Teknikleri (%50 İndirimli),2,TYT,43,,,,"18, 21, 64",901390,295.89655,,
,ATAŞEHİR ADIGÜZEL MESLEK YÜKSEKOKULU (İSTANBUL) (Vakıf Üniversitesi) ,,,,,,,,,,,
,ATAŞEHİR ADIGÜZEL MESLEK YÜKSEKOKULU,,,,,,,,,,,
207450953,  Aşçılık (Burslu),2,TYT,5,,1,,"21, 64",720019,311.59491,,
207450960,  Aşçılık (%50 İndirimli),2,TYT,34,,,,"21, 64",,,,
207450576,  Bankacılık ve Sigortacılık (Burslu),2,TYT,4,,1,,"21, 64",720109,311.58488,,
207450594,  Bankacılık ve Sigortacılık (%50 İndirimli),2,TYT,31,,,,"21, 64",,,,
207450937,  Bilgisayar Programcılığı (Burslu),2,TYT,10,,1,,"21, 64",438500,343.89007,,
207450946,  Bilgisayar Programcılığı (%50 İndirimli),2,TYT,64,,,,"21, 64",,,,
207450655,  Çocuk Gelişimi (Burslu),2,TYT,4,,1,,"21, 64",779869,306.13534,,
207450691,  Çocuk Gelişimi (%50 İndirimli),2,TYT,31,,,,"21, 64",,,,
207450179,  İşletme Yönetimi (Burslu),2,TYT,5,,1,,"21, 64",775611,306.52135,,
207450197,  İşletme Yönetimi (%50 İndirimli),2,TYT,34,,,,"21, 64",,,,
207450028,  Mekatronik (Burslu),2,TYT,4,,1,,"21, 64",501545,335.38670,,
207450046,  Mekatronik (%50 İndirimli),2,TYT,30,,,,"21, 64",,,,
207450479,  Optisyenlik (Burslu),2,TYT,9,,1,,"21, 64",594315,324.38540,,
207450497,  Optisyenlik (%50 İndirimli),2,TYT,55,,,,"21, 64",2296944,181.75767,,
207450276,  Sivil Havacılık Kabin Hizmetleri (Burslu),2,TYT,4,,1,,"10, 21, 64",449514,342.35897,,
207450294,  Sivil Havacılık Kabin Hizmetleri (%50 İndirimli),2,TYT,30,,,,"10, 21, 64",1524439,251.24423,,
207400101,  Tıbbi Veri İşleme Teknikerliği (Burslu),2,TYT,4,,1,,"21, 64",700413,313.45665,,
207400108,  Tıbbi Veri İşleme Teknikerliği (%50 İndirimli),2,TYT,31,,,,"21, 64",,,,
,ATILIM ÜNİVERSİTESİ (ANKARA) (Vakıf Üniversitesi) ,,,,,,,,,,,YÖKAK
,ATILIM MESLEK YÜKSEKOKULU,,,,,,,,,,,
200290271,  E-Ticaret ve Pazarlama (Burslu),2,TYT,3,,,,"21, 64",465844,340.10273,,
200290278,  E-Ticaret ve Pazarlama (%50 İndirimli),2,TYT,20,,,,"21, 64",2135635,206.88348,,
200290285,  Mahkeme Büro Hizmetleri (Burslu),2,TYT,3,,,,"21, 64",502457,335.27066,,
200290292,  Mahkeme Büro Hizmetleri (%50 İndirimli),2,TYT,20,,,,"21, 64",2225213,197.30862,,
,SAĞLIK HİZMETLERİ MESLEK YÜKSEKOKULU,,,,,,,,,,,
200290178,  Ameliyathane Hizmetleri (Burslu),2,TYT,3,,1,,"21, 64",459413,340.99606,,
200290179,  Ameliyathane Hizmetleri (%50 İndirimli),2,TYT,25,,,,"21, 64",,,,
200290180,  Anestezi (Burslu),2,TYT,6,,1,,"21, 64",324018,362.60940,,
200290181,  Anestezi (%50 İndirimli),2,TYT,37,,,,"21, 64",900798,295.94217,,
200290182,  Fizyoterapi (Burslu),2,TYT,4,,1,,"21, 64",391473,351.00043,,
200290183,  Fizyoterapi (%50 İndirimli),2,TYT,31,,,,"21, 64",1597122,246.29989,,
200290184,  İlk ve Acil Yardım (Burslu),2,TYT,6,,1,,"21, 64",356398,356.82496,,
200290185,  İlk ve Acil Yardım (%50 İndirimli),2,TYT,37,,,,"21, 64",1026371,286.17521,,
200290194,  Tıbbi Görüntüleme Teknikleri (Burslu),2,TYT,4,,1,,"21, 64",361296,355.98743,,
200290201,  Tıbbi Görüntüleme Teknikleri (%50 İndirimli),2,TYT,31,,,,"21, 64",1033283,285.66086,,
200290186,  Tıbbi Laboratuvar Teknikleri (Burslu),2,TYT,5,,1,,"21, 64",408386,348.39137,,
200290187,  Tıbbi Laboratuvar Teknikleri (%50 İndirimli),2,TYT,36,,,,"21, 64",2013664,216.97031,,
,AVRASYA ÜNİVERSİTESİ (TRABZON) (Vakıf Üniversitesi) ,,,,,,,,,,,
,MESLEK YÜKSEKOKULU,,,,,,,,,,,
200390121,  Aşçılık (Ücretli),2,TYT,5,,,,"18, 64",,,,
200351921,  Aşçılık (Burslu),2,TYT,12,,2,,"18, 21, 64",838348,301.09231,,
200390162,  Aşçılık (%50 İndirimli),2,TYT,71,,,,"18, 21, 64",1962225,220.84591,,
200350014,  Bilgisayar Programcılığı (Ücretli),2,TYT,5,,,,"18, 64",,,,
200350023,  Bilgisayar Programcılığı (Burslu),2,TYT,10,,1,,"18, 21, 64",691596,314.29421,,
200390131,  Bilgisayar Programcılığı (%50 İndirimli),2,TYT,54,,,,"18, 21, 64",1735320,236.87638,,
200390630,  Bilişim Güvenliği Teknolojisi (Ücretli),2,TYT,3,,,,"18, 64",,,,
200390333,  Bilişim Güvenliği Teknolojisi (Burslu),2,TYT,5,,1,,"18, 21, 64",1000775,288.10625,,
200390340,  Bilişim Güvenliği Teknolojisi (%50 İndirimli),2,TYT,31,,,,"18, 21, 64",2164645,204.08002,,
200350614,  Dış Ticaret (Ücretli),2,TYT,2,,,,"18, 64",,,,
200350623,  Dış Ticaret (Burslu),2,TYT,4,,1,,"18, 21, 64",1221858,272.04495,,
200350641,  Dış Ticaret (%50 İndirimli),2,TYT,23,,,,"18, 21, 64",1911692,224.51703,,
200300108,  Elektrik (Ücretli),2,TYT,25,,,,"18, 64",...,----,,
200300101,  Elektrik (Burslu),2,TYT,4,,1,,"18, 21, 64",...,----,,
200390637,  E-Ticaret ve Pazarlama (Ücretli),2,TYT,2,,,,"18, 64",,,,
200390347,  E-Ticaret ve Pazarlama (Burslu),2,TYT,4,,1,,"18, 21, 64",1000462,288.12947,,
200390354,  E-Ticaret ve Pazarlama (%50 İndirimli),2,TYT,23,,,,"18, 21, 64",2133579,207.06742,,
200350111,  Halkla İlişkiler ve Tanıtım (Ücretli),2,TYT,1,,,,"18, 64",,,,
200350129,  Halkla İlişkiler ve Tanıtım (Burslu),2,TYT,4,,,,"18, 21, 64",1321233,265.13318,,
200390129,  Halkla İlişkiler ve Tanıtım (%50 İndirimli),2,TYT,19,,,,"18, 21, 64",2047440,214.31183,,
200390644,  Harita ve Kadastro (Ücretli),2,TYT,2,,,,"18, 64",,,,
200351824,  Harita ve Kadastro (Burslu),2,TYT,3,,,,"18, 21, 64",979846,289.71332,,
200390128,  Harita ve Kadastro (%50 İndirimli),2,TYT,15,,,,"18, 21, 64",1925769,223.50005,,
200351057,  İç Mekan Tasarımı (Ücretli),2,TYT,3,,,,"18, 64",,,,
200351066,  İç Mekan Tasarımı (Burslu),2,TYT,4,,1,,"18, 21, 64",827407,302.01293,,
200390127,  İç Mekan Tasarımı (%50 İndirimli),2,TYT,24,,,,"18, 21, 64",1621175,244.66510,,
200390399,  İnşaat Teknolojisi (Ücretli),2,TYT,4,,,,"18, 64",,,,
200390117,  İnşaat Teknolojisi (Burslu),2,TYT,9,,1,,"18, 21, 64",1066038,283.21854,,
200390118,  İnşaat Teknolojisi (%50 İndirimli),2,TYT,46,,,,"18, 21, 64",2076925,211.92724,,
200350217,  Lojistik (Ücretli),2,TYT,3,,,,"18, 64",,,,
200350226,  Lojistik (Burslu),2,TYT,5,,1,,"18, 21, 64",990185,288.91971,,
200390126,  Lojistik (%50 İndirimli),2,TYT,31,,,,"18, 21, 64",1968030,220.41643,,
200390406,  Mahkeme Büro Hizmetleri (Ücretli),2,TYT,3,,,,"18, 64",,,,
200390361,  Mahkeme Büro Hizmetleri (Burslu),2,TYT,7,,1,,"18, 21, 64",1026969,286.12625,,
200390368,  Mahkeme Büro Hizmetleri (%50 İndirimli),2,TYT,39,,,,"18, 21, 64",1900940,225.30442,,
200300122,  Mekatronik (Ücretli),2,TYT,25,,,,"18, 64",...,----,,
200300115,  Mekatronik (Burslu),2,TYT,4,,1,,"18, 21, 64",...,----,,
200351093,  Mimari Restorasyon (Ücretli),2,TYT,3,,,,"18, 64",,,,
200351109,  Mimari Restorasyon (Burslu),2,TYT,5,,1,,"18, 21, 64",1067442,283.11641,,
200390125,  Mimari Restorasyon (%50 İndirimli),2,TYT,31,,,,"18, 21, 64",2215420,198.54710,,
200390413,  Moda Tasarımı (Ücretli),2,TYT,5,,,,"18, 64",,,,
200351799,  Moda Tasarımı (Burslu),2,TYT,5,,1,,"18, 21, 64",1156103,276.69761,,
200390124,  Moda Tasarımı (%50 İndirimli),2,TYT,29,,,,"18, 21, 64",1965222,220.62305,,
200390427,  Otomotiv Teknolojisi (Ücretli),2,TYT,17,,,,"18, 64",,,,
200390420,  Otomotiv Teknolojisi (Burslu),2,TYT,7,,1,,"18, 21, 64",1079769,282.20068,,
200300129,  Otomotiv Teknolojisi (%50 İndirimli),2,TYT,25,,,,"18, 21, 64",...,----,,
200390434,  Sivil Havacılık Kabin Hizmetleri (Ücretli),2,TYT,27,,,,"10, 18, 64",,,,
200390163,  Sivil Havacılık Kabin Hizmetleri (Burslu),2,TYT,8,,1,,"10, 18, 21, 64",569093,327.20584,,
200390164,  Sivil Havacılık Kabin Hizmetleri (%50 İndirimli),2,TYT,24,,,,"10, 18, 21, 64",1132066,278.41933,,
200351199,  Sosyal Hizmetler (Ücretli),2,TYT,2,,,,"18, 64",,,,
200351206,  Sosyal Hizmetler (Burslu),2,TYT,4,,1,,"18, 21, 64",952456,291.82995,,
200351533,  Sosyal Hizmetler (%50 İndirimli),2,TYT,23,,,,"18, 21, 64",2054732,213.73577,,
200390448,  Web Tasarımı ve Kodlama (Ücretli),2,TYT,5,,,,"18, 64",,,,
200390441,  Web Tasarımı ve Kodlama (Burslu),2,TYT,8,,1,,"18, 21, 64",1064118,283.36356,,
200300136,  Web Tasarımı ve Kodlama (%50 İndirimli),2,TYT,46,,,,"18, 21, 64",...,----,,
,SAĞLIK HİZMETLERİ MESLEK YÜKSEKOKULU,,,,,,,,,,,
200351621,  Ağız ve Diş Sağlığı (Ücretli),2,TYT,24,,,,"18, 64",2031265,215.60523,,
200351639,  Ağız ve Diş Sağlığı (Burslu),2,TYT,5,,1,,"18, 21, 64",512248,334.01504,,
200390167,  Ağız ve Diş Sağlığı (%50 İndirimli),2,TYT,11,,,,"18, 21, 64",832640,301.57605,,
200390462,  Ameliyathane Hizmetleri (Ücretli),2,TYT,23,,,,"18, 64",2239555,195.32869,,
200390455,  Ameliyathane Hizmetleri (Burslu),2,TYT,3,,1,,"18, 21, 64",625213,321.06406,,
200351251,  Anestezi (Ücretli),2,TYT,61,,,,"18, 64",1342085,263.70611,,
200351269,  Anestezi (Burslu),2,TYT,10,,1,,"18, 21, 64",424656,345.95080,,
200390134,  Çocuk Gelişimi (Ücretli),2,TYT,9,,,,"18, 64",,,,
200350826,  Çocuk Gelişimi (Burslu),2,TYT,3,,1,,"18, 21, 64",819227,302.71015,,
200390168,  Çocuk Gelişimi (%50 İndirimli),2,TYT,14,,,,"18, 21, 64",1591509,246.68849,,
200350995,  Diş Protez Teknolojisi (Ücretli),2,TYT,28,,,,"18, 64",1555598,249.12159,,
200351003,  Diş Protez Teknolojisi (Burslu),2,TYT,8,,1,,"18, 21, 64",518152,333.28263,,
200351912,  Diş Protez Teknolojisi (%50 İndirimli),2,TYT,23,,,,"18, 21, 64",839734,300.96693,,
200390476,  Diyaliz (Ücretli),2,TYT,7,,,,"18, 64",,,,
200390469,  Diyaliz (Burslu),2,TYT,4,,,,"18, 21, 64",622610,321.34105,,
200300143,  Diyaliz (%50 İndirimli),2,TYT,14,,,,"18, 21, 64",...,----,,
200390483,  Eczane Hizmetleri (Ücretli),2,TYT,3,,,,"18, 64",,,,
200390170,  Eczane Hizmetleri (Burslu),2,TYT,3,,1,,"18, 21, 64",570128,327.08655,,
200390171,  Eczane Hizmetleri (%50 İndirimli),2,TYT,22,,,,"18, 21, 64",1095579,281.05643,,
200390490,  Elektronörofizyoloji (Ücretli),2,TYT,3,,,,"18, 64",,,,
200390305,  Elektronörofizyoloji (Burslu),2,TYT,4,,1,,"18, 21, 64",606801,323.03053,,
200390312,  Elektronörofizyoloji (%50 İndirimli),2,TYT,22,,,,"18, 21, 64",1359133,262.53487,,
200390497,  Fizyoterapi (Ücretli),2,TYT,2,,,,"18, 64",,,,
200390319,  Fizyoterapi (Burslu),2,TYT,3,,1,,"18, 21, 64",549655,329.48665,,
200390326,  Fizyoterapi (%50 İndirimli),2,TYT,21,,,,"18, 21, 64",1004380,287.83483,,
200350314,  İlk ve Acil Yardım (Ücretli),2,TYT,61,,,,"18, 64",1218630,272.27328,,
200350323,  İlk ve Acil Yardım (Burslu),2,TYT,10,,1,,"18, 21, 64",442782,343.29543,,
200351075,  İş ve Uğraşı Terapisi (Ücretli),2,TYT,3,,,,"18, 64",,,,
200351084,  İş ve Uğraşı Terapisi (Burslu),2,TYT,5,,1,,"18, 21, 64",799327,304.43179,,
200351472,  İş ve Uğraşı Terapisi (%50 İndirimli),2,TYT,31,,,,"18, 21, 64",1457208,255.82834,,
200351375,  Odyometri (Ücretli),2,TYT,7,,,,"18, 64",,,,
200351384,  Odyometri (Burslu),2,TYT,7,,1,,"18, 21, 64",673165,316.12107,,
200390136,  Odyometri (%50 İndirimli),2,TYT,40,,,,"18, 21, 64",1365469,262.09406,,
200351312,  Optisyenlik (Ücretli),2,TYT,22,,,,"18, 64",2053187,213.85922,,
200351321,  Optisyenlik (Burslu),2,TYT,6,,1,,"18, 21, 64",559106,328.36430,,
200390172,  Optisyenlik (%50 İndirimli),2,TYT,16,,,,"18, 21, 64",1004068,287.85989,,
200390504,  Ortopedik Protez ve Ortez (Ücretli),2,TYT,3,,,,"18, 64",,,,
200390174,  Ortopedik Protez ve Ortez (Burslu),2,TYT,4,,1,,"18, 21, 64",635542,319.96286,,
200390175,  Ortopedik Protez ve Ortez (%50 İndirimli),2,TYT,27,,,,"18, 21, 64",1612177,245.27444,,
200351887,  Patoloji Laboratuvar Teknikleri (Ücretli),2,TYT,4,,,,"18, 64",,,,
200351896,  Patoloji Laboratuvar Teknikleri (Burslu),2,TYT,5,,1,,"18, 21, 64",603726,323.36015,,
200390110,  Patoloji Laboratuvar Teknikleri (%50 İndirimli),2,TYT,31,,,,"18, 21, 64",1234060,271.19508,,
200390518,  Radyoterapi (Ücretli),2,TYT,10,,,,"18, 64",,,,
200390511,  Radyoterapi (Burslu),2,TYT,4,,1,,"18, 21, 64",810420,303.47192,,
200300150,  Radyoterapi (%50 İndirimli),2,TYT,15,,,,"18, 21, 64",...,----,,
200390207,  Tıbbi Görüntüleme Teknikleri (Ücretli),2,TYT,42,,,,"18, 64",1469804,254.97664,,
200390176,  Tıbbi Görüntüleme Teknikleri (Burslu),2,TYT,7,,1,,"18, 21, 64",451892,342.03581,,
200351296,  Tıbbi Laboratuvar Teknikleri (Ücretli),2,TYT,16,,,,"18, 64",1798186,232.55088,,
200351303,  Tıbbi Laboratuvar Teknikleri (Burslu),2,TYT,4,,1,,"18, 21, 64",489017,337.00914,,
200390178,  Tıbbi Laboratuvar Teknikleri (%50 İndirimli),2,TYT,9,,,,"18, 21, 64",782083,305.93314,,
,BAHÇEŞEHİR ÜNİVERSİTESİ (İSTANBUL) (Vakıf Üniversitesi) ,,,,,,,,,,,YÖKAK
,SAĞLIK HİZMETLERİ MESLEK YÜKSEKOKULU,,,,,,,,,,,
200590146,  Ağız ve Diş Sağlığı (Burslu),2,TYT,3,,1,,"18, 21, 64",235554,381.19714,,
200590147,  Ağız ve Diş Sağlığı (%50 İndirimli),2,TYT,25,,,,"18, 21, 64",,,,
200551231,  Ameliyathane Hizmetleri (Burslu),2,TYT,3,,1,,"18, 21, 64",...,----,,
200551249,  Ameliyathane Hizmetleri (%50 İndirimli),2,TYT,25,,,,"18, 21, 64",...,----,,
200551204,  Anestezi (Burslu),2,TYT,4,,1,,"18, 21, 64",218805,385.32137,,
200551213,  Anestezi (%50 İndirimli),2,TYT,31,,,,"18, 21, 64",1910593,224.59707,,
200550957,  Çocuk Gelişimi (Burslu),2,TYT,3,,1,,"18, 21, 64",301778,366.85985,,
200550993,  Çocuk Gelişimi (%50 İndirimli),2,TYT,25,,,,"18, 21, 64",,,,
200590148,  Diş Protez Teknolojisi (Burslu),2,TYT,4,,1,,"18, 21, 64",169949,399.01449,,
200590149,  Diş Protez Teknolojisi (%50 İndirimli),2,TYT,28,,,,"18, 21, 64",1524325,251.25263,,
200551407,  Fizyoterapi (Burslu),2,TYT,3,,1,,"18, 21, 64",253481,377.03664,,
200551416,  Fizyoterapi (%50 İndirimli),2,TYT,25,,,,"18, 21, 64",,,,
200551267,  İlk ve Acil Yardım (Burslu),2,TYT,4,,1,,"18, 21, 64",259082,375.78815,,
200551276,  İlk ve Acil Yardım (%50 İndirimli),2,TYT,31,,,,"18, 21, 64",1742819,236.37039,,
200590150,  Optisyenlik (Burslu),2,TYT,4,,1,,"18, 21, 64",221926,384.53102,,
200590151,  Optisyenlik (%50 İndirimli),2,TYT,31,,,,"18, 21, 64",,,,
200551143,  Tıbbi Laboratuvar Teknikleri (Burslu),2,TYT,3,,1,,"18, 21, 64",400233,349.61894,,
200551152,  Tıbbi Laboratuvar Teknikleri (%50 İndirimli),2,TYT,25,,,,"18, 21, 64",,,,
200590306,  Tıbbi Veri İşleme Teknikerliği (Burslu),2,TYT,3,,1,,"18, 21, 64",412261,347.79276,,
200590313,  Tıbbi Veri İşleme Teknikerliği (%50 İndirimli),2,TYT,25,,,,"18, 21, 64",,,,
,BAŞKENT ÜNİVERSİTESİ (ANKARA) (Vakıf Üniversitesi) ,,,,,,,,,,,YÖKAK
,ADANA SAĞLIK HİZMETLERİ MESLEK YÜKSEKOKULU,,,,,,,,,,,
200650444,  Anestezi (Ücretli),2,TYT,6,,,,64,1608158,245.54580,,
200650453,  Anestezi (Burslu),2,TYT,6,,1,,"21, 64",354636,357.12486,,
200690706,  Anestezi (%50 İndirimli),2,TYT,35,,,,"21, 64",1453308,256.08867,,
200650462,  Fizyoterapi (Ücretli),2,TYT,4,,,,64,2073041,212.24365,,
200650471,  Fizyoterapi (Burslu),2,TYT,6,,1,,"21, 64",500531,335.50967,,
200651496,  Fizyoterapi (%50 İndirimli),2,TYT,34,,,,"21, 64",,,,
200651054,  İlk ve Acil Yardım (Ücretli),2,TYT,4,,,,64,1645674,242.99574,,
200651063,  İlk ve Acil Yardım (Burslu),2,TYT,6,,1,,"21, 64",378521,353.08970,,
200690713,  İlk ve Acil Yardım (%50 İndirimli),2,TYT,38,,,,"21, 64",1258684,269.47868,,
200650753,  Tıbbi Görüntüleme Teknikleri (Burslu),2,TYT,6,,1,,"21, 64",352783,357.43721,,
200651512,  Tıbbi Görüntüleme Teknikleri (%50 İndirimli),2,TYT,42,,,,"21, 64",1540598,250.13947,,
,ANADOLU OSB MESLEK YÜKSEKOKULU,,,,,,,,,,,
200690430,  Elektronik Haberleşme Teknolojisi (Burslu),2,TYT,7,,,,"21, 64",548927,329.57056,*,MEDEK
200690432,  Elektronik Haberleşme Teknolojisi (%50 İndirimli),2,TYT,11,,,,"21, 64",1790921,233.05693,*,MEDEK
200690748,  İnsansız Hava Aracı Teknolojisi ve Operatörlüğü (Burslu),2,TYT,4,,1,,"21, 64",294854,368.22986,,
200690755,  İnsansız Hava Aracı Teknolojisi ve Operatörlüğü (%50 İndirimli),2,TYT,31,,,,"21, 64",1557075,249.01980,,
200690941,  Kaynak Teknolojisi (Burslu),2,TYT,4,,1,,"21, 64",835151,301.35706,,
200690948,  Kaynak Teknolojisi (%50 İndirimli),2,TYT,25,,,,"21, 64",,,,
200690438,  Makine (Burslu),2,TYT,4,,1,,"21, 64",452669,341.92433,*,MEDEK
200690440,  Makine (%50 İndirimli),2,TYT,22,,,,"21, 64",1621916,244.61654,*,MEDEK
200600388,  Üretimde Kalite Kontrol (Burslu),2,TYT,7,,,,"21, 64",...,----,,
200600395,  Üretimde Kalite Kontrol (%50 İndirimli),2,TYT,13,,,,"21, 64",...,----,,
,KAHRAMANKAZAN MESLEK YÜKSEKOKULU,,,,,,,,,,,
200651715,  Elektronik Teknolojisi (Burslu),2,TYT,6,,,,"21, 64",409283,348.24391,,
200651733,  Elektronik Teknolojisi (%50 İndirimli),2,TYT,17,,,,"21, 64",1771963,234.36145,,
200690418,  Endüstriyel Hammaddeler İşleme Teknolojisi (Burslu),2,TYT,5,,,,"21, 64",776350,306.45288,,
200690420,  Endüstriyel Hammaddeler İşleme Teknolojisi (%50 İndirimli),2,TYT,8,,,,"21, 64",,,,
200690426,  Gıda Teknolojisi (Burslu),2,TYT,6,,,,"21, 64",809410,303.55761,,
200690428,  Gıda Teknolojisi (%50 İndirimli),2,TYT,14,,,,"21, 64",,,,
200651672,  Kontrol ve Otomasyon Teknolojisi (Burslu),2,TYT,5,,,,"21, 64",467237,339.91120,,
200651699,  Kontrol ve Otomasyon Teknolojisi (%50 İndirimli),2,TYT,8,,,,"21, 64",1658304,242.13571,,
200651196,  Lojistik (Burslu),2,TYT,6,,,,"21, 64",618333,321.79150,,
200651433,  Lojistik (%50 İndirimli),2,TYT,17,,,,"21, 64",,,,
200690453,  Makine (Burslu),2,TYT,5,,1,,"21, 64",431342,344.96012,,
200690454,  Makine (%50 İndirimli),2,TYT,24,,,,"21, 64",1678495,240.75449,,
200690811,  Organik Tarım (Burslu),2,TYT,5,,,,"21, 64",949758,292.04189,,
200690818,  Organik Tarım (%50 İndirimli),2,TYT,20,,,,"21, 64",,,,
200651751,  Otomotiv Teknolojisi (Burslu),2,TYT,6,,1,,"21, 64",422335,346.29680,,
200651778,  Otomotiv Teknolojisi (%50 İndirimli),2,TYT,24,,,,"21, 64",1766508,234.73402,,
,KONYA SAĞLIK HİZMETLERİ MESLEK YÜKSEKOKULU,,,,,,,,,,,
200651124,  İlk ve Acil Yardım (Burslu),2,TYT,6,,1,,"21, 64",387244,351.67440,,
200651469,  İlk ve Acil Yardım (%50 İndirimli),2,TYT,34,,,,"21, 64",1506575,252.47960,,
,SAĞLIK HİZMETLERİ MESLEK YÜKSEKOKULU,,,,,,,,,,,
200651812,  Ağız ve Diş Sağlığı (Burslu),2,TYT,6,,1,,"21, 64",372704,354.04064,,
200690727,  Ağız ve Diş Sağlığı (%50 İndirimli),2,TYT,34,,,,"21, 64",1334345,264.23678,,
200650295,  Ameliyathane Hizmetleri (Burslu),2,TYT,6,,1,,"21, 64",451836,342.04398,*,MEDEK
200651239,  Ameliyathane Hizmetleri (%50 İndirimli),2,TYT,38,,,,"21, 64",2295260,182.56691,*,MEDEK
200650259,  Anestezi (Burslu),2,TYT,6,,1,,"21, 64",265405,374.36538,,
200650859,  Anestezi (%25 İndirimli),2,TYT,38,,,,"21, 64",1555281,249.14173,,
200650277,  Diyaliz (Burslu),2,TYT,6,,1,,"21, 64",492310,336.57427,,
200651257,  Diyaliz (%50 İndirimli),2,TYT,38,,,,"21, 64",2298552,180.90577,,
200650717,  Fizyoterapi (Ücretli),2,TYT,2,,,,64,2159820,204.57356,,
200650789,  Fizyoterapi (Burslu),2,TYT,6,,1,,"21, 64",369361,354.60915,,
200600402,  Fizyoterapi (%50 İndirimli),2,TYT,40,,,,"21, 64",...,----,,
200651081,  İlk ve Acil Yardım (Ücretli),2,TYT,2,,,,64,1578967,247.52954,*,MEDEK
200651099,  İlk ve Acil Yardım (Burslu),2,TYT,6,,1,,"21, 64",320247,363.31175,*,MEDEK
200651275,  İlk ve Acil Yardım (%50 İndirimli),2,TYT,40,,,,"21, 64",...,----,*,MEDEK
200650735,  Patoloji Laboratuvar Teknikleri (Burslu),2,TYT,7,,1,,"21, 64",519980,333.05538,,
200651284,  Patoloji Laboratuvar Teknikleri (%50 İndirimli),2,TYT,41,,,,"21, 64",,,,
200650374,  Tıbbi Dokümantasyon ve Sekreterlik (Burslu),2,TYT,4,,,,"21, 64",349462,358.00377,,
200651293,  Tıbbi Dokümantasyon ve Sekreterlik (%50 İndirimli),2,TYT,17,,,,"21, 64",1768882,234.57181,,
200650771,  Tıbbi Görüntüleme Teknikleri (Burslu),2,TYT,5,,1,,"21, 64",355087,357.04563,,
200650877,  Tıbbi Görüntüleme Teknikleri (%25 İndirimli),2,TYT,35,,,,"21, 64",2148168,205.71270,,
200690783,  Yaşlı Bakımı (Burslu),2,TYT,5,,,,"21, 64",738718,309.85540,,
200690790,  Yaşlı Bakımı (%50 İndirimli),2,TYT,20,,,,"21, 64",2298506,180.93702,,
,SOSYAL BİLİMLER MESLEK YÜKSEKOKULU,,,,,,,,,,,
200651636,  Aşçılık (Burslu),2,TYT,5,,1,,"21, 64",309686,365.30262,,
200651645,  Aşçılık (%50 İndirimli),2,TYT,34,,,,"21, 64",...,----,,
200651018,  Büro Yönetimi ve Yönetici Asistanlığı (Burslu),2,TYT,7,,,,"21, 64",592810,324.54643,,
200651318,  Büro Yönetimi ve Yönetici Asistanlığı (%50 İndirimli),2,TYT,11,,,,"21, 64",2125028,207.82607,,
200690350,  Çocuk Gelişimi (Ücretli),2,TYT,5,,,,64,1946068,222.02171,,
200690351,  Çocuk Gelişimi (Burslu),2,TYT,7,,1,,"21, 64",492297,336.57584,,
200690741,  Çocuk Gelişimi (%50 İndirimli),2,TYT,36,,,,"21, 64",1792277,232.96404,,
200600409,  Dış Ticaret (Burslu),2,TYT,6,,,,"21, 64",644853,318.99925,,
200600416,  Dış Ticaret (%50 İndirimli),2,TYT,17,,,,"21, 64",,,,
200650514,  Fotoğrafçılık ve Kameramanlık (Burslu),2,TYT,5,,,,"21, 64",604942,323.22887,,
200651327,  Fotoğrafçılık ve Kameramanlık (%50 İndirimli),2,TYT,13,,,,"21, 64",2258252,192.34485,,
200600423,  İşletme Yönetimi (Burslu),2,TYT,4,,,,"21, 64",719735,311.62190,,
200600430,  İşletme Yönetimi (%50 İndirimli),2,TYT,14,,,,"21, 64",,,,
200690797,  Mahkeme Büro Hizmetleri (Burslu),2,TYT,5,,1,,"21, 64",524671,332.46856,,
200690804,  Mahkeme Büro Hizmetleri (%50 İndirimli),2,TYT,24,,,,"21, 64",2279100,187.97042,,
200650805,  Muhasebe ve Vergi Uygulamaları (Burslu),2,TYT,5,,,,"21, 64",539227,330.71505,,
200651336,  Muhasebe ve Vergi Uygulamaları (%50 İndirimli),2,TYT,16,,,,"21, 64",2127611,207.59899,,
200690762,  Pastacılık ve Ekmekçilik (Burslu),2,TYT,3,,,,"21, 64",346755,358.48890,,
200600437,  Pastacılık ve Ekmekçilik (%50 İndirimli),2,TYT,20,,,,"21, 64",...,----,,
200650065,  Turizm ve Otel İşletmeciliği (Burslu),2,TYT,5,,,,"21, 64",478039,338.47534,,
200651354,  Turizm ve Otel İşletmeciliği (%50 İndirimli),2,TYT,18,,,,"21, 64",2020979,216.40413,,
,TEKNİK BİLİMLER MESLEK YÜKSEKOKULU,,,,,,,,,,,
200651593,  Bilgisayar Programcılığı (Burslu),2,TYT,7,,1,,"21, 64",233083,381.78916,*,MEDEK
200651609,  Bilgisayar Programcılığı (%50 İndirimli),2,TYT,42,,,,"21, 64",...,----,*,MEDEK
200650162,  Biyomedikal Cihaz Teknolojisi (Burslu),2,TYT,4,,1,,"21, 64",497749,335.87537,,
200651372,  Biyomedikal Cihaz Teknolojisi (%50 İndirimli),2,TYT,31,,,,"21, 64",,,,
200690969,  Dijital Sağlık Sistemleri Teknikerliği (Burslu),2,TYT,4,,,,"21, 64",409275,348.24515,,
200690976,  Dijital Sağlık Sistemleri Teknikerliği (%50 İndirimli),2,TYT,9,,,,"21, 64",1913711,224.36966,,
200600444,  Robotik ve Yapay Zeka (Burslu),2,TYT,6,,1,,"21, 64, 320",447361,342.65483,,
200600451,  Robotik ve Yapay Zeka (%50 İndirimli),2,TYT,24,,,,"21, 64, 320",,,,
,BEYKOZ ÜNİVERSİTESİ (İSTANBUL) (Vakıf Üniversitesi) ,,,,,,,,,,,YÖKAK
,BEYKOZ LOJİSTİK MESLEK YÜKSEKOKULU,,,,,,,,,,,
200850381,  Deniz ve Liman İşletmeciliği (Burslu),2,TYT,3,,1,,"18, 21, 64",425195,345.86621,,
200850521,  Deniz ve Liman İşletmeciliği (%50 İndirimli),2,TYT,23,,,,"18, 21, 64",1650265,242.68297,,
200850548,  Dış Ticaret (Burslu),2,TYT,4,,1,,"18, 21, 64",586622,325.23560,,
200850178,  Dış Ticaret (%50 İndirimli),2,TYT,25,,,,"18, 21, 64",,,,
200850769,  Dış Ticaret (Uzaktan Öğretim) (Burslu),2,TYT,5,,1,,"7, 18, 21, 64",522723,332.70927,,
200850812,  Dış Ticaret (Uzaktan Öğretim) (%50 İndirimli),2,TYT,34,,,,"7, 18, 21, 64",1999635,218.03961,,
200851607,  E-Ticaret ve Pazarlama (Burslu),2,TYT,5,,1,,"18, 21, 64",626276,320.95241,,
200851608,  E-Ticaret ve Pazarlama (%50 İndirimli),2,TYT,34,,,,"18, 21, 64",,,,
200850663,  Lojistik (Burslu),2,TYT,7,,1,,"18, 21, 64",604841,323.23899,,MEDEK
200850239,  Lojistik (%50 İndirimli),2,TYT,42,,,,"18, 21, 64",2305953,174.65252,,MEDEK
200850751,  Lojistik (Uzaktan Öğretim) (Burslu),2,TYT,5,,1,,"7, 18, 21, 64",570367,327.06198,,
200851167,  Lojistik (Uzaktan Öğretim) (%50 İndirimli),2,TYT,34,,,,"7, 18, 21, 64",1970918,220.20345,,
200851149,  Raylı Sistemler İşletmeciliği (Burslu),2,TYT,4,,,,"6, 18, 21, 64",551412,329.27924,,
200851158,  Raylı Sistemler İşletmeciliği (%50 İndirimli),2,TYT,21,,,,"6, 18, 21, 64",1709773,238.62563,,
200851025,  Sivil Havacılık Kabin Hizmetleri (Burslu),2,TYT,8,,1,,"10, 18, 21, 64",451006,342.15274,,
200851034,  Sivil Havacılık Kabin Hizmetleri (%50 İndirimli),2,TYT,51,,,,"10, 18, 21, 64",1838926,229.72751,,
200851061,  Sivil Havacılık Kabin Hizmetleri (İngilizce) (Burslu),2,TYT,8,,1,,"10, 18, 21, 22, 23, 24, 64",421742,346.39118,,
200851079,  Sivil Havacılık Kabin Hizmetleri (İngilizce) (%50 İndirimli),2,TYT,51,,,,"10, 18, 21, 22, 23, 24, 64",2137565,206.71434,,
,MESLEK YÜKSEKOKULU,,,,,,,,,,,
200800101,  Bilgisayar Programcılığı (Burslu),2,TYT,8,,1,,"18, 21, 64",387815,351.58367,,MEDEK
200800108,  Bilgisayar Programcılığı (%50 İndirimli),2,TYT,51,,,,"18, 21, 64",,,,MEDEK
200800115,  Bilişim Güvenliği Teknolojisi (Burslu),2,TYT,8,,1,,"18, 21, 64",467560,339.86396,,
200800122,  Bilişim Güvenliği Teknolojisi (%50 İndirimli),2,TYT,51,,,,"18, 21, 64",,,,
200851643,  Büyük Veri Analistliği (Burslu),2,TYT,5,,1,,"18, 21, 64, 320",501738,335.36130,,
200851650,  Büyük Veri Analistliği (%50 İndirimli),2,TYT,34,,,,"18, 21, 64, 320",,,,
200800129,  Dijital Oyun Teknolojileri (Burslu),2,TYT,4,,1,,"18, 21, 64, 320",...,----,,
200800136,  Dijital Oyun Teknolojileri (%50 İndirimli),2,TYT,25,,,,"18, 21, 64, 320",...,----,,
200800143,  Yapay Zeka Operatörlüğü (Burslu),2,TYT,4,,1,,"18, 21, 64, 320",...,----,,
200800150,  Yapay Zeka Operatörlüğü (%50 İndirimli),2,TYT,25,,,,"18, 21, 64, 320",...,----,,
,BEZM-İ ÂLEM VAKIF ÜNİVERSİTESİ (İSTANBUL) (Vakıf Üniversitesi) ,,,,,,,,,,,YÖKAK
,SAĞLIK HİZMETLERİ MESLEK YÜKSEKOKULU,,,,,,,,,,,
200950659,  Ağız ve Diş Sağlığı (Ücretli),2,TYT,10,,,,64,2209447,199.27615,,
200950026,  Ağız ve Diş Sağlığı (Burslu),2,TYT,7,,1,,"21, 64",355423,356.98778,,
200950035,  Ağız ve Diş Sağlığı (%50 İndirimli),2,TYT,33,,,,"21, 64",827524,302.00215,,
200950502,  Ameliyathane Hizmetleri (Burslu),2,TYT,7,,1,,"21, 64",498071,335.83334,,MEDEK
200950637,  Ameliyathane Hizmetleri (%50 İndirimli),2,TYT,43,,,,"21, 64",1355822,262.75631,,MEDEK
200950673,  Anestezi (Ücretli),2,TYT,14,,,,64,1375405,261.42210,,
200950053,  Anestezi (Burslu),2,TYT,8,,1,,"21, 64",215964,386.05367,,
200950062,  Anestezi (%50 İndirimli),2,TYT,38,,,,"21, 64",673391,316.09914,,
200950089,  Eczane Hizmetleri (Burslu),2,TYT,5,,1,,"21, 64",478322,338.43765,,
200950098,  Eczane Hizmetleri (%50 İndirimli),2,TYT,29,,,,"21, 64",1698323,239.41169,,
200950389,  Elektronörofizyoloji (Burslu),2,TYT,5,,1,,"21, 64",552637,329.13555,,
200950398,  Elektronörofizyoloji (%50 İndirimli),2,TYT,21,,,,"21, 64",,,,
200950694,  İlk ve Acil Yardım (Ücretli),2,TYT,14,,,,64,2094845,210.42231,*,MEDEK
200950114,  İlk ve Acil Yardım (Burslu),2,TYT,8,,1,,"21, 64",306146,365.99798,*,MEDEK
200950123,  İlk ve Acil Yardım (%50 İndirimli),2,TYT,38,,,,"21, 64",704606,313.07158,*,MEDEK
200950423,  Optisyenlik (Burslu),2,TYT,5,,1,,"21, 64",433042,344.69657,,
200950432,  Optisyenlik (%50 İndirimli),2,TYT,25,,,,"21, 64",1356778,262.69274,,
200950468,  Ortopedik Protez ve Ortez (Burslu),2,TYT,4,,1,,"21, 64",538074,330.84873,,
200950477,  Ortopedik Protez ve Ortez (%50 İndirimli),2,TYT,31,,,,"21, 64",,,,
200950308,  Patoloji Laboratuvar Teknikleri (Burslu),2,TYT,4,,1,,"21, 64",489302,336.96836,*,MEDEK
200950317,  Patoloji Laboratuvar Teknikleri (%50 İndirimli),2,TYT,28,,,,"21, 64",1261693,269.26577,*,MEDEK
200950141,  Radyoterapi (Burslu),2,TYT,6,,1,,"21, 64",542262,330.35452,,
200950159,  Radyoterapi (%50 İndirimli),2,TYT,25,,,,"21, 64",1141275,277.75877,,
200950344,  Tıbbi Dokümantasyon ve Sekreterlik (Burslu),2,TYT,5,,1,,"21, 64",382882,352.38679,,
200950353,  Tıbbi Dokümantasyon ve Sekreterlik (%50 İndirimli),2,TYT,30,,,,"21, 64",966631,290.72656,,
200950177,  Tıbbi Görüntüleme Teknikleri (Burslu),2,TYT,5,,1,,"21, 64",262840,374.93121,,
200950186,  Tıbbi Görüntüleme Teknikleri (%50 İndirimli),2,TYT,29,,,,"21, 64",724061,311.21462,,
200950202,  Tıbbi Laboratuvar Teknikleri (Burslu),2,TYT,5,,1,,"21, 64",320889,363.19781,*,MEDEK
200950211,  Tıbbi Laboratuvar Teknikleri (%50 İndirimli),2,TYT,31,,,,"21, 64",816171,302.97490,*,MEDEK
200950605,  Yaşlı Bakımı (Burslu),2,TYT,5,,,,"21, 64",736814,310.03271,,
200950645,  Yaşlı Bakımı (%50 İndirimli),2,TYT,15,,,,"21, 64",,,,
,BİRUNİ ÜNİVERSİTESİ (İSTANBUL) (Vakıf Üniversitesi) ,,,,,,,,,,,YÖKAK
,MESLEK YÜKSEKOKULU,,,,,,,,,,,
207650829,  Acil Durum ve Afet Yönetimi (Burslu),2,TYT,4,,1,,"18, 21, 64",657547,317.68974,,
207650838,  Acil Durum ve Afet Yönetimi (%50 İndirimli),2,TYT,29,,,,"18, 21, 64",2237578,195.61892,,
207650335,  Ağız ve Diş Sağlığı (Burslu),2,TYT,10,,1,,"18, 21, 64",428973,345.30520,,
207650876,  Ağız ve Diş Sağlığı (%50 İndirimli),2,TYT,61,,,,"18, 21, 64",1355823,262.75629,,
207650017,  Ameliyathane Hizmetleri (Burslu),2,TYT,10,,1,,"18, 21, 64",540732,330.53394,,
207650879,  Ameliyathane Hizmetleri (%50 İndirimli),2,TYT,61,,,,"18, 21, 64",1928763,223.28412,,
207650035,  Anestezi (Burslu),2,TYT,10,,1,,"18, 21, 64",286297,369.96645,,
207650883,  Anestezi (%50 İndirimli),2,TYT,61,,,,"18, 21, 64",904746,295.62906,,
207650950,  Bilgisayar Programcılığı (Burslu),2,TYT,13,,2,,"18, 21, 64",316305,364.05019,,
207650952,  Bilgisayar Programcılığı (%50 İndirimli),2,TYT,85,,,,"18, 21, 64",,,,
207650398,  Biyomedikal Cihaz Teknolojisi (Burslu),2,TYT,5,,1,,"18, 21, 64",623245,321.27073,,
207650405,  Biyomedikal Cihaz Teknolojisi (%50 İndirimli),2,TYT,34,,,,"18, 21, 64",,,,
207650053,  Çocuk Gelişimi (Burslu),2,TYT,7,,1,,"18, 21, 64",598221,323.96102,,
207650062,  Çocuk Gelişimi (%50 İndirimli),2,TYT,46,,,,"18, 21, 64",,,,
207650432,  Diş Protez Teknolojisi (Burslu),2,TYT,8,,1,,"18, 21, 64",369862,354.52318,,
207650890,  Diş Protez Teknolojisi (%50 İndirimli),2,TYT,51,,,,"18, 21, 64",1033024,285.68105,,
207650071,  Diyaliz (Burslu),2,TYT,9,,1,,"18, 21, 64",612230,322.45579,,
207650892,  Diyaliz (%50 İndirimli),2,TYT,58,,,,"18, 21, 64",,,,
207650977,  Eczane Hizmetleri (Burslu),2,TYT,4,,1,,"18, 21, 64",476702,338.65069,,
207650978,  Eczane Hizmetleri (%50 İndirimli),2,TYT,29,,,,"18, 21, 64",1798896,232.50075,,
207650114,  Fizyoterapi (Burslu),2,TYT,10,,1,,"18, 21, 64",462047,340.62223,,
207650898,  Fizyoterapi (%50 İndirimli),2,TYT,61,,,,"18, 21, 64",1784532,233.50208,,
207650132,  İlk ve Acil Yardım (Burslu),2,TYT,10,,1,,"18, 21, 64",357092,356.70924,,
207650902,  İlk ve Acil Yardım (%50 İndirimli),2,TYT,61,,,,"18, 21, 64",1014067,287.10110,,
207650159,  Odyometri (Burslu),2,TYT,8,,1,,"18, 21, 64",618297,321.79476,,
207650910,  Odyometri (%50 İndirimli),2,TYT,51,,,,"18, 21, 64",,,,
207650292,  Optisyenlik (Burslu),2,TYT,8,,1,,"18, 21, 64",433554,344.61974,,
207650915,  Optisyenlik (%50 İndirimli),2,TYT,51,,,,"18, 21, 64",1636096,243.64813,,
207650635,  Patoloji Laboratuvar Teknikleri (Burslu),2,TYT,4,,1,,"18, 21, 64",490608,336.80379,,
207650918,  Patoloji Laboratuvar Teknikleri (%50 İndirimli),2,TYT,31,,,,"18, 21, 64",,,,
207651020,  Robotik ve Yapay Zeka (Burslu),2,TYT,5,,1,,"18, 21, 64, 320",344012,358.97678,,
207651027,  Robotik ve Yapay Zeka (%50 İndirimli),2,TYT,34,,,,"18, 21, 64, 320",,,,
207650256,  Tıbbi Görüntüleme Teknikleri (Burslu),2,TYT,10,,1,,"18, 21, 64",380948,352.68857,,
207650931,  Tıbbi Görüntüleme Teknikleri (%50 İndirimli),2,TYT,61,,,,"18, 21, 64",1271995,268.55305,,
207650274,  Tıbbi Laboratuvar Teknikleri (Burslu),2,TYT,9,,1,,"18, 21, 64",444917,343.00045,,
207650935,  Tıbbi Laboratuvar Teknikleri (%50 İndirimli),2,TYT,58,,,,"18, 21, 64",1604344,245.81144,,
,ÇAĞ ÜNİVERSİTESİ (MERSİN) (Vakıf Üniversitesi) ,,,,,,,,,,,
,MESLEK YÜKSEKOKULU,,,,,,,,,,,
201050386,  Bankacılık ve Sigortacılık (Burslu),2,TYT,3,,1,,"18, 21, 64",837030,301.20271,*,IACBE
201050235,  Bankacılık ve Sigortacılık (%50 İndirimli),2,TYT,25,,,,"18, 21, 64",2139836,206.50219,*,IACBE
201050605,  Çocuk Gelişimi (Burslu),2,TYT,9,,1,,"18, 21, 64",789195,305.31911,,
201050623,  Çocuk Gelişimi (%50 İndirimli),2,TYT,54,,,,"18, 21, 64",2282991,186.92910,,
201050395,  Dış Ticaret (Burslu),2,TYT,10,,1,,"18, 21, 64",856154,299.60118,*,IACBE
201050253,  Dış Ticaret (%50 İndirimli),2,TYT,59,,,,"18, 21, 64",2268611,190.33765,*,IACBE
201050730,  Mahkeme Büro Hizmetleri (Burslu),2,TYT,4,,1,,"18, 21, 64",604040,323.32325,,
201050737,  Mahkeme Büro Hizmetleri (%50 İndirimli),2,TYT,25,,,,"18, 21, 64",2284857,186.37578,,
201050562,  Sağlık Kurumları İşletmeciliği (Burslu),2,TYT,3,,1,,"18, 21, 64",832749,301.56541,,
201050589,  Sağlık Kurumları İşletmeciliği (%50 İndirimli),2,TYT,23,,,,"18, 21, 64",,,,
201050668,  Sosyal Hizmetler (Burslu),2,TYT,4,,1,,"18, 21, 64",878155,297.77645,,
201050686,  Sosyal Hizmetler (%50 İndirimli),2,TYT,30,,,,"18, 21, 64",,,,
201050695,  Tıbbi Dokümantasyon ve Sekreterlik (Burslu),2,TYT,9,,1,,"18, 21, 64",571711,326.90884,,
201050711,  Tıbbi Dokümantasyon ve Sekreterlik (%50 İndirimli),2,TYT,54,,,,"18, 21, 64",1836135,229.92004,,
,ÇANKAYA ÜNİVERSİTESİ (ANKARA) (Vakıf Üniversitesi) ,,,,,,,,,,,YÖKAK
,ÇANKAYA MESLEK YÜKSEKOKULU,,,,,,,,,,,
201190061,  Bilgisayar Programcılığı (İngilizce) (Burslu),2,TYT,6,,1,,"18, 21, 22, 23, 24, 64",160093,402.13103,,
201190062,  Bilgisayar Programcılığı (İngilizce) (%50 İndirimli),2,TYT,24,,,,"18, 21, 22, 23, 24, 64",,,,
201150049,  Dış Ticaret (İngilizce) (Burslu),2,TYT,6,,,,"18, 21, 22, 23, 24, 64",301504,366.91506,,
201150058,  Dış Ticaret (İngilizce) (%50 İndirimli),2,TYT,16,,,,"18, 21, 22, 23, 24, 64",,,,
201190069,  E-Ticaret ve Pazarlama (İngilizce) (Burslu),2,TYT,6,,,,"18, 21, 22, 23, 24, 64",444261,343.09185,,
201190076,  E-Ticaret ve Pazarlama (İngilizce) (%50 İndirimli),2,TYT,16,,,,"18, 21, 22, 23, 24, 64",,,,
,DEMİROĞLU BİLİM ÜNİVERSİTESİ (İSTANBUL) (Vakıf Üniversitesi) ,,,,,,,,,,,
,SAĞLIK HİZMETLERİ MESLEK YÜKSEKOKULU,,,,,,,,,,,
202650483,  Ameliyathane Hizmetleri (Burslu),2,TYT,9,,1,,"18, 21, 64",653555,318.08896,,
202650602,  Ameliyathane Hizmetleri (%50 İndirimli),2,TYT,25,,,,"18, 21, 64",,,,
202650032,  Anestezi (Ücretli),2,TYT,10,,,,"18, 64",,,,
202650041,  Anestezi (Burslu),2,TYT,9,,1,,"18, 21, 64",482682,337.85008,,
202650627,  Anestezi (%50 İndirimli),2,TYT,30,,,,"18, 21, 64",1327590,264.69627,,
202650226,  Diyaliz (Burslu),2,TYT,5,,,,"18, 21, 64",687606,314.69351,,
202650604,  Diyaliz (%50 İndirimli),2,TYT,20,,,,"18, 21, 64",,,,
202650526,  Fizyoterapi (Burslu),2,TYT,5,,,,"18, 21, 64",667759,316.65331,,
202650605,  Fizyoterapi (%50 İndirimli),2,TYT,20,,,,"18, 21, 64",,,,
202650174,  İlk ve Acil Yardım (Ücretli),2,TYT,17,,,,"18, 64",2250451,193.65662,,
202650183,  İlk ve Acil Yardım (Burslu),2,TYT,9,,1,,"18, 21, 64",515750,333.57297,,
202650628,  İlk ve Acil Yardım (%50 İndirimli),2,TYT,34,,,,"18, 21, 64",1298554,266.71223,,
202650639,  Tele-Sağlık Teknikerliği (Burslu),2,TYT,19,,1,,"18, 21, 64",635723,319.94210,,
202650646,  Tele-Sağlık Teknikerliği (%50 İndirimli),2,TYT,10,,,,"18, 21, 64",,,,
202650147,  Tıbbi Dokümantasyon ve Sekreterlik (Burslu),2,TYT,4,,,,"18, 21, 64",469242,339.63713,,
202650598,  Tıbbi Dokümantasyon ve Sekreterlik (%50 İndirimli),2,TYT,2,,,,"18, 21, 64",1875426,227.14203,,
202650156,  Tıbbi Görüntüleme Teknikleri (Burslu),2,TYT,7,,1,,"18, 21, 64",523478,332.61706,,
202650625,  Tıbbi Görüntüleme Teknikleri (%50 İndirimli),2,TYT,40,,,,"18, 21, 64",,,,
202650165,  Tıbbi Laboratuvar Teknikleri (Burslu),2,TYT,4,,1,,"18, 21, 64",583482,325.58400,,
202650626,  Tıbbi Laboratuvar Teknikleri (%50 İndirimli),2,TYT,25,,,,"18, 21, 64",,,,
,DOĞUŞ ÜNİVERSİTESİ (İSTANBUL) (Vakıf Üniversitesi) ,,,,,,,,,,,
,MESLEK YÜKSEKOKULU,,,,,,,,,,,
201290270,  Ağız ve Diş Sağlığı (Burslu),2,TYT,9,,1,,"18, 21, 64",509181,334.40040,,
201290341,  Ağız ve Diş Sağlığı (%50 İndirimli),2,TYT,53,,,,"18, 21, 64",1586019,247.06155,,
201250806,  Anestezi (Burslu),2,TYT,10,,1,,"18, 21, 64",443403,343.20896,,
201290348,  Anestezi (%50 İndirimli),2,TYT,61,,,,"18, 21, 64",1281228,267.91659,,
201250824,  Aşçılık (Burslu),2,TYT,13,,2,,"18, 21, 64",511286,334.14090,*,TUADER
201290355,  Aşçılık (%50 İndirimli),2,TYT,85,,,,"18, 21, 64",,,*,TUADER
201250339,  Bankacılık ve Sigortacılık (Burslu),2,TYT,10,,2,,"18, 21, 64",591098,324.73707,,
201250542,  Bankacılık ve Sigortacılık (%50 İndirimli),2,TYT,69,,,,"18, 21, 64",1932873,222.97970,,
201290544,  Bilgisayar Destekli Tasarım ve Animasyon (Burslu),2,TYT,4,,1,,"18, 21, 64",461371,340.71341,,
201290551,  Bilgisayar Destekli Tasarım ve Animasyon (%50 İndirimli),2,TYT,25,,,,"18, 21, 64",,,,
201250321,  Bilgisayar Programcılığı (Burslu),2,TYT,13,,2,,"18, 21, 64",310755,365.09330,,
201290362,  Bilgisayar Programcılığı (%50 İndirimli),2,TYT,85,,,,"18, 21, 64",1242946,270.58022,,
201290320,  Bilgisayar Teknolojisi (Burslu),2,TYT,7,,1,,"18, 21, 64, 320",411234,347.95150,,
201290327,  Bilgisayar Teknolojisi (%50 İndirimli),2,TYT,47,,,,"18, 21, 64, 320",,,,
201290262,  Bilişim Güvenliği Teknolojisi (Burslu),2,TYT,9,,2,,"18, 21, 64",408548,348.36864,,
201290263,  Bilişim Güvenliği Teknolojisi (%50 İndirimli),2,TYT,65,,,,"18, 21, 64",,,,
201250842,  Çocuk Gelişimi (Burslu),2,TYT,9,,1,,"18, 21, 64",673434,316.09549,,
201290369,  Çocuk Gelişimi (%50 İndirimli),2,TYT,58,,,,"18, 21, 64",,,,
201250348,  Dış Ticaret (Burslu),2,TYT,10,,1,,"18, 21, 64",523498,332.61434,,
201290306,  Dış Ticaret (%50 İndirimli),2,TYT,59,,,,"18, 21, 64",1710441,238.57942,,
201290272,  Dış Ticaret (İngilizce) (Burslu),2,TYT,9,,2,,"18, 21, 22, 23, 24, 64",460032,340.90161,,
201290273,  Dış Ticaret (İngilizce) (%50 İndirimli),2,TYT,65,,,,"18, 21, 22, 23, 24, 64",,,,
201290642,  Dijital Dönüşüm Elektroniği (Burslu),2,TYT,5,,1,,"18, 21, 64, 320",697876,313.69783,,
201290649,  Dijital Dönüşüm Elektroniği (%50 İndirimli),2,TYT,34,,,,"18, 21, 64, 320",,,,
201290307,  Eczane Hizmetleri (Burslu),2,TYT,8,,1,,"18, 21, 64",623876,321.20357,,
201290308,  Eczane Hizmetleri (%50 İndirimli),2,TYT,54,,,,"18, 21, 64",2062250,213.12737,,
201290260,  Elektrik (Burslu),2,TYT,10,,2,,"18, 21, 64",462858,340.51378,,
201290261,  Elektrik (%50 İndirimli),2,TYT,67,,,,"18, 21, 64",1819999,231.03883,,
201290558,  Elektronik Teknolojisi (Burslu),2,TYT,4,,1,,"18, 21, 64",473107,339.13024,,
201290565,  Elektronik Teknolojisi (%50 İndirimli),2,TYT,25,,,,"18, 21, 64",2002258,217.84180,,
201250869,  Elektronörofizyoloji (Burslu),2,TYT,7,,1,,"18, 21, 64",675075,315.92814,,
201250878,  Elektronörofizyoloji (%50 İndirimli),2,TYT,46,,,,"18, 21, 64",,,,
201250887,  Fizyoterapi (Burslu),2,TYT,9,,1,,"18, 21, 64",553957,328.97622,,
201290376,  Fizyoterapi (%50 İndirimli),2,TYT,53,,,,"18, 21, 64",1982621,219.32572,,
201250409,  Grafik Tasarımı (Burslu),2,TYT,13,,2,,"18, 21, 64",536641,331.02261,,
201290383,  Grafik Tasarımı (%50 İndirimli),2,TYT,86,,,,"18, 21, 64",,,,
201250366,  Halkla İlişkiler ve Tanıtım (Burslu),2,TYT,8,,1,,"18, 21, 64",690566,314.39657,,MEDEK
201250596,  Halkla İlişkiler ve Tanıtım (%50 İndirimli),2,TYT,48,,,,"18, 21, 64",,,,MEDEK
201290284,  İç Mekan Tasarımı (Burslu),2,TYT,11,,2,,"18, 21, 64",581279,325.82778,,
201290285,  İç Mekan Tasarımı (%50 İndirimli),2,TYT,73,,,,"18, 21, 64",,,,
201290265,  İlk ve Acil Yardım (Burslu),2,TYT,8,,1,,"18, 21, 64",439264,343.78430,,
201290390,  İlk ve Acil Yardım (%50 İndirimli),2,TYT,52,,,,"18, 21, 64",1313276,265.69297,,
201290656,  İmalat Yürütme Sistemleri Operatörlüğü (Burslu),2,TYT,5,,1,,"18, 21, 64, 320",971687,290.33951,,
201290663,  İmalat Yürütme Sistemleri Operatörlüğü (%50 İndirimli),2,TYT,34,,,,"18, 21, 64, 320",,,,
201250375,  İnsan Kaynakları Yönetimi (Burslu),2,TYT,9,,1,,"18, 21, 64",641582,319.33373,,
201250603,  İnsan Kaynakları Yönetimi (%50 İndirimli),2,TYT,57,,,,"18, 21, 64",,,,
201290670,  İnsansız Araç Teknikerliği (Burslu),2,TYT,5,,1,,"18, 21, 64, 320",557721,328.52975,,
201290677,  İnsansız Araç Teknikerliği (%50 İndirimli),2,TYT,34,,,,"18, 21, 64, 320",,,,
201250727,  İnşaat Teknolojisi (Burslu),2,TYT,10,,2,,"18, 21, 64",515599,333.59225,,MEDEK
201290397,  İnşaat Teknolojisi (%50 İndirimli),2,TYT,67,,,,"18, 21, 64",2140062,206.48032,,MEDEK
201290572,  İnternet ve Ağ Teknolojileri (Burslu),2,TYT,5,,1,,"18, 21, 64",453802,341.76654,,
201290579,  İnternet ve Ağ Teknolojileri (%50 İndirimli),2,TYT,37,,,,"18, 21, 64",,,,
201290684,  Karbon Yönetimi Teknikerliği (Burslu),2,TYT,5,,1,,"18, 21, 64",817817,302.83023,,
201290691,  Karbon Yönetimi Teknikerliği (%50 İndirimli),2,TYT,34,,,,"18, 21, 64",,,,
201290698,  Kurumsal Bilişim Uzmanlığı (Burslu),2,TYT,5,,1,,"18, 21, 64, 320",594118,324.40653,,
201290705,  Kurumsal Bilişim Uzmanlığı (%50 İndirimli),2,TYT,34,,,,"18, 21, 64, 320",,,,
201290586,  Mahkeme Büro Hizmetleri (Burslu),2,TYT,7,,1,,"18, 21, 64",690169,314.43686,,
201290593,  Mahkeme Büro Hizmetleri (%50 İndirimli),2,TYT,48,,,,"18, 21, 64",,,,
201290278,  Makine (Burslu),2,TYT,10,,2,,"18, 21, 64",439713,343.71925,,
201290279,  Makine (%50 İndirimli),2,TYT,67,,,,"18, 21, 64",1890422,226.07030,,
201290274,  Mekatronik (Burslu),2,TYT,10,,2,,"18, 21, 64",446086,342.83026,,
201290275,  Mekatronik (%50 İndirimli),2,TYT,67,,,,"18, 21, 64",1718623,238.02275,,
201250903,  Odyometri (Burslu),2,TYT,8,,1,,"18, 21, 64",680359,315.39981,,
201290404,  Odyometri (%50 İndirimli),2,TYT,53,,,,"18, 21, 64",,,,
201290276,  Optisyenlik (Burslu),2,TYT,10,,1,,"18, 21, 64",568256,327.30327,,
201290277,  Optisyenlik (%50 İndirimli),2,TYT,60,,,,"18, 21, 64",2205524,199.74326,,
201200101,  Otomotiv Teknolojisi (Burslu),2,TYT,4,,1,,"18, 21, 64",...,----,,
201200108,  Otomotiv Teknolojisi (%50 İndirimli),2,TYT,25,,,,"18, 21, 64",...,----,,
201290712,  Otonom Sistemler Teknikerliği (Burslu),2,TYT,5,,1,,"18, 21, 64, 320",561609,328.08217,,
201290719,  Otonom Sistemler Teknikerliği (%50 İndirimli),2,TYT,34,,,,"18, 21, 64, 320",,,,
201290282,  Otopsi Yardımcılığı (Burslu),2,TYT,3,,,,"18, 21, 64",652278,318.22070,,
201290283,  Otopsi Yardımcılığı (%50 İndirimli),2,TYT,20,,,,"18, 21, 64",2066506,212.78263,,
201290309,  Patoloji Laboratuvar Teknikleri (Burslu),2,TYT,9,,1,,"18, 21, 64",645691,318.91118,,
201290310,  Patoloji Laboratuvar Teknikleri (%50 İndirimli),2,TYT,57,,,,"18, 21, 64",,,,
201290614,  Robotik ve Yapay Zeka (Burslu),2,TYT,5,,1,,"18, 21, 64, 320",379908,352.85894,,
201290621,  Robotik ve Yapay Zeka (%50 İndirimli),2,TYT,34,,,,"18, 21, 64, 320",,,,
201290268,  Sivil Havacılık Kabin Hizmetleri (Burslu),2,TYT,10,,1,,"10, 18, 21, 64",461747,340.66541,,
201290269,  Sivil Havacılık Kabin Hizmetleri (%50 İndirimli),2,TYT,64,,,,"10, 18, 21, 64",1347476,263.33559,,
201250781,  Tıbbi Dokümantasyon ve Sekreterlik (Burslu),2,TYT,9,,1,,"18, 21, 64",549387,329.51662,,
201250799,  Tıbbi Dokümantasyon ve Sekreterlik (%50 İndirimli),2,TYT,53,,,,"18, 21, 64",1841740,229.52957,,
201290266,  Tıbbi Görüntüleme Teknikleri (Burslu),2,TYT,8,,1,,"18, 21, 64",492274,336.57883,,
201290411,  Tıbbi Görüntüleme Teknikleri (%50 İndirimli),2,TYT,53,,,,"18, 21, 64",1697199,239.48914,,
201290311,  Tıbbi Laboratuvar Teknikleri (Burslu),2,TYT,7,,1,,"18, 21, 64",513435,333.87058,,
201290418,  Tıbbi Laboratuvar Teknikleri (%50 İndirimli),2,TYT,42,,,,"18, 21, 64",1929919,223.20180,,
201250109,  Turizm ve Otel İşletmeciliği (Burslu),2,TYT,7,,1,,"18, 21, 64",666630,316.76300,*,TUADER
201250612,  Turizm ve Otel İşletmeciliği (%50 İndirimli),2,TYT,47,,,,"18, 21, 64",2174356,203.10645,*,TUADER
201290600,  Web Tasarımı ve Kodlama (Burslu),2,TYT,6,,1,,"18, 21, 64",404527,348.96297,,
201290607,  Web Tasarımı ve Kodlama (%50 İndirimli),2,TYT,42,,,,"18, 21, 64",1835649,229.95587,,
201290628,  Yapay Zeka Operatörlüğü (Burslu),2,TYT,5,,1,,"18, 21, 64, 320",383946,352.22097,,
201290635,  Yapay Zeka Operatörlüğü (%50 İndirimli),2,TYT,34,,,,"18, 21, 64, 320",,,,
,FATİH SULTAN MEHMET VAKIF ÜNİVERSİTESİ (İSTANBUL) (Vakıf Üniversitesi) ,,,,,,,,,,,YÖKAK
,MESLEK YÜKSEKOKULU,,,,,,,,,,,
201490374,  Bilgisayar Programcılığı (Burslu),2,TYT,5,,1,,"18, 21, 64",326327,362.16618,,
201490381,  Bilgisayar Programcılığı (%50 İndirimli),2,TYT,34,,,,"18, 21, 64",1394564,260.11615,,
201490122,  Bilişim Güvenliği Teknolojisi (Burslu),2,TYT,6,,1,,"18, 21, 64",403244,349.16121,,
201490129,  Bilişim Güvenliği Teknolojisi (%50 İndirimli),2,TYT,42,,,,"18, 21, 64",,,,
201490388,  Biyomedikal Cihaz Teknolojisi (Burslu),2,TYT,3,,1,,"18, 21, 64",727393,310.89562,,
201490395,  Biyomedikal Cihaz Teknolojisi (%50 İndirimli),2,TYT,25,,,,"18, 21, 64",,,,
201450134,  Çocuk Gelişimi (Burslu),2,TYT,6,,1,,"18, 21, 64",626756,320.89729,,
201450143,  Çocuk Gelişimi (%50 İndirimli),2,TYT,42,,,,"18, 21, 64",,,,
201490100,  Engelliler İçin Gölge Öğreticilik (Burslu),2,TYT,5,,,,"18, 21, 64",822774,302.40883,,
201490101,  Engelliler İçin Gölge Öğreticilik (%50 İndirimli),2,TYT,20,,,,"18, 21, 64",,,,
201400101,  Eser Koruma (Burslu),2,TYT,3,,1,,"18, 21, 64",...,----,,
201400108,  Eser Koruma (%50 İndirimli),2,TYT,25,,,,"18, 21, 64",...,----,,
201490402,  Geleneksel El Sanatları (Burslu),2,TYT,4,,1,,"18, 21, 64",626476,320.92931,,
201490409,  Geleneksel El Sanatları (%50 İndirimli),2,TYT,31,,,,"18, 21, 64",,,,
201490416,  Görsel İletişim (Burslu),2,TYT,4,,1,,"18, 21, 64",562207,328.01117,,
201490423,  Görsel İletişim (%50 İndirimli),2,TYT,30,,,,"18, 21, 64",,,,
201490430,  Hava Lojistiği (Burslu),2,TYT,4,,1,,"18, 21, 64",622854,321.31407,,
201490437,  Hava Lojistiği (%50 İndirimli),2,TYT,31,,,,"18, 21, 64",,,,
201490444,  İç Mekan Tasarımı (Burslu),2,TYT,4,,1,,"18, 21, 64",612645,322.41069,,
201490451,  İç Mekan Tasarımı (%50 İndirimli),2,TYT,31,,,,"18, 21, 64",,,,
201400115,  İnsansız Araç Teknikerliği (Burslu),2,TYT,3,,1,,"18, 21, 64, 320",...,----,,
201400122,  İnsansız Araç Teknikerliği (%50 İndirimli),2,TYT,25,,,,"18, 21, 64, 320",...,----,,
201400129,  İnşaat Teknolojisi (Burslu),2,TYT,7,,1,,"18, 21, 64",...,----,,
201400136,  İnşaat Teknolojisi (%50 İndirimli),2,TYT,42,,,,"18, 21, 64",...,----,,
201400143,  Lojistik (Burslu),2,TYT,7,,1,,"18, 21, 64",...,----,,
201400150,  Lojistik (%50 İndirimli),2,TYT,42,,,,"18, 21, 64",...,----,,
201490185,  Mahkeme Büro Hizmetleri (Burslu),2,TYT,5,,1,,"18, 21, 64",659644,317.46901,,
201490192,  Mahkeme Büro Hizmetleri (%50 İndirimli),2,TYT,34,,,,"18, 21, 64",2261916,191.67058,,
201490458,  Mimari Restorasyon (Burslu),2,TYT,5,,1,,"18, 21, 64",543293,330.23509,,
201490465,  Mimari Restorasyon (%50 İndirimli),2,TYT,36,,,,"18, 21, 64",,,,
201490472,  Moda Tasarımı (Burslu),2,TYT,5,,1,,"18, 21, 64",657296,317.71897,,
201490479,  Moda Tasarımı (%50 İndirimli),2,TYT,34,,,,"18, 21, 64",,,,
201490486,  Ofis Teknolojileri ve Veri Yönetimi (Burslu),2,TYT,3,,1,,"18, 21, 64",842236,300.75865,,
201490493,  Ofis Teknolojileri ve Veri Yönetimi (%50 İndirimli),2,TYT,25,,,,"18, 21, 64",,,,
201400157,  Robotik ve Yapay Zeka (Burslu),2,TYT,3,,1,,"18, 21, 64, 320",...,----,,
201400164,  Robotik ve Yapay Zeka (%50 İndirimli),2,TYT,25,,,,"18, 21, 64, 320",...,----,,
201490500,  Siber Güvenlik (Burslu),2,TYT,5,,1,,"18, 21, 64",306956,365.82974,,
201490507,  Siber Güvenlik (%50 İndirimli),2,TYT,34,,,,"18, 21, 64",1687445,240.14857,,
201400171,  Silah Sanayi Teknikerliği (Burslu),2,TYT,6,,1,,"18, 21, 64",...,----,,
201400178,  Silah Sanayi Teknikerliği (%50 İndirimli),2,TYT,33,,,,"18, 21, 64",...,----,,
201450258,  Sivil Havacılık Kabin Hizmetleri (Ücretli),2,TYT,31,,,,"10, 18, 64",2075448,212.04875,,
201450197,  Sivil Havacılık Kabin Hizmetleri (Burslu),2,TYT,11,,2,,"10, 18, 21, 64",280604,371.15155,,
201450213,  Sivil Havacılık Kabin Hizmetleri (%25 İndirimli),2,TYT,45,,,,"10, 18, 21, 64",942890,292.58931,,
201490514,  Turist Rehberliği (Burslu),2,TYT,4,,1,,"18, 21, 64",416334,347.18461,,
201490521,  Turist Rehberliği (%50 İndirimli),2,TYT,31,,,,"18, 21, 64",,,,
201400185,  Uçak Teknolojisi (Burslu),2,TYT,9,,1,,"10, 18, 21, 64",...,----,,
201400192,  Uçak Teknolojisi (%50 İndirimli),2,TYT,52,,,,"10, 18, 21, 64",...,----,,
201400199,  Yenilenebilir Enerji Teknikerliği (Burslu),2,TYT,3,,1,,"18, 21, 64",...,----,,
201400206,  Yenilenebilir Enerji Teknikerliği (%50 İndirimli),2,TYT,25,,,,"18, 21, 64",...,----,,
,FENERBAHÇE ÜNİVERSİTESİ (İSTANBUL) (Vakıf Üniversitesi) ,,,,,,,,,,,
,SAĞLIK HİZMETLERİ MESLEK YÜKSEKOKULU,,,,,,,,,,,
209010045,  Ağız ve Diş Sağlığı (Burslu),2,TYT,5,,1,,"18, 21, 64",458530,341.11013,,
209010046,  Ağız ve Diş Sağlığı (%50 İndirimli),2,TYT,33,,,,"18, 21, 64",1113930,279.72751,,
209010060,  Ameliyathane Hizmetleri (Burslu),2,TYT,7,,1,,"18, 21, 64",571972,326.87942,,
209010061,  Ameliyathane Hizmetleri (%50 İndirimli),2,TYT,42,,,,"18, 21, 64",1438745,257.08867,,
209010062,  Anestezi (Burslu),2,TYT,7,,1,,"18, 21, 64",387585,351.62213,,
209010063,  Anestezi (%50 İndirimli),2,TYT,46,,,,"18, 21, 64",939106,292.89294,,
209010047,  Diş Protez Teknolojisi (Burslu),2,TYT,7,,1,,"18, 21, 64",427048,345.58721,,
209010048,  Diş Protez Teknolojisi (%50 İndirimli),2,TYT,47,,,,"18, 21, 64",968006,290.62170,,
209010064,  Diyaliz (Burslu),2,TYT,6,,1,,"18, 21, 64",637804,319.73345,,
209010065,  Diyaliz (%50 İndirimli),2,TYT,40,,,,"18, 21, 64",1934186,222.88561,,
209010097,  Eczane Hizmetleri (Burslu),2,TYT,5,,1,,"18, 21, 64",561948,328.04152,,
209010098,  Eczane Hizmetleri (%50 İndirimli),2,TYT,31,,,,"18, 21, 64",1482176,254.13170,,
209010049,  Fizyoterapi (Burslu),2,TYT,5,,1,,"18, 21, 64",474241,338.97548,,
209010050,  Fizyoterapi (%50 İndirimli),2,TYT,37,,,,"18, 21, 64",1299821,266.62611,,
209010099,  Fizyoterapi (İngilizce) (Burslu),2,TYT,3,,1,,"18, 21, 22, 23, 24, 64",425523,345.81594,,
209010100,  Fizyoterapi (İngilizce) (%50 İndirimli),2,TYT,25,,,,"18, 21, 22, 23, 24, 64",,,,
209010070,  İlk ve Acil Yardım (Burslu),2,TYT,7,,1,,"18, 21, 64",437298,344.06596,*,MEDEK
209010071,  İlk ve Acil Yardım (%50 İndirimli),2,TYT,46,,,,"18, 21, 64",949179,292.08836,*,MEDEK
209010101,  Ortopedik Protez ve Ortez (Burslu),2,TYT,2,,,,"18, 21, 64",615487,322.10226,,
209010102,  Ortopedik Protez ve Ortez (%50 İndirimli),2,TYT,14,,,,"18, 21, 64",2243515,194.73424,,
209010104,  Patoloji Laboratuvar Teknikleri (Burslu),2,TYT,5,,1,,"18, 21, 64",594409,324.37546,,
209010103,  Patoloji Laboratuvar Teknikleri (%50 İndirimli),2,TYT,33,,,,"18, 21, 64",1959794,221.02238,,
209010066,  Radyoterapi (Burslu),2,TYT,4,,1,,"18, 21, 64",622286,321.37458,,
209010067,  Radyoterapi (%50 İndirimli),2,TYT,31,,,,"18, 21, 64",1739251,236.61273,,
209010051,  Tıbbi Görüntüleme Teknikleri (Burslu),2,TYT,6,,1,,"18, 21, 64",445909,342.85371,,
209010052,  Tıbbi Görüntüleme Teknikleri (%50 İndirimli),2,TYT,37,,,,"18, 21, 64",1093168,281.22955,,
209010068,  Tıbbi Laboratuvar Teknikleri (Burslu),2,TYT,5,,1,,"18, 21, 64",470780,339.43380,,
209010069,  Tıbbi Laboratuvar Teknikleri (%50 İndirimli),2,TYT,36,,,,"18, 21, 64",1266518,268.93042,,
209010275,  Tıbbi Veri İşleme Teknikerliği (Burslu),2,TYT,4,,1,,"18, 21, 64",591387,324.70802,,
209010282,  Tıbbi Veri İşleme Teknikerliği (%50 İndirimli),2,TYT,31,,,,"18, 21, 64",,,,
,HALİÇ ÜNİVERSİTESİ (İSTANBUL) (Vakıf Üniversitesi) ,,,,,,,,,,,YÖKAK
,MESLEK YÜKSEKOKULU,,,,,,,,,,,
201990601,  Anestezi (Ücretli),2,TYT,4,,,,"18, 64",1583427,247.23384,,
201990503,  Anestezi (Burslu),2,TYT,5,,1,,"18, 21, 64",337934,360.05961,,
201990608,  Anestezi (%25 İndirimli),2,TYT,30,,,,"18, 21, 64",1247143,270.28740,,
201950059,  Aşçılık (Burslu),2,TYT,8,,1,,"18, 21, 64",393281,350.71633,,
201950068,  Aşçılık (%50 İndirimli),2,TYT,50,,,,"18, 21, 64",...,----,,
201950077,  Bankacılık ve Sigortacılık (Ücretli),2,TYT,4,,,,"18, 64",2139997,206.48663,,
201950086,  Bankacılık ve Sigortacılık (Burslu),2,TYT,6,,1,,"18, 21, 64",538515,330.79744,,
201950632,  Bankacılık ve Sigortacılık (%25 İndirimli),2,TYT,34,,,,"18, 21, 64",1678967,240.72316,,
201990615,  Bilgisayar Programcılığı (Ücretli),2,TYT,5,,,,"18, 64",,,,
201990488,  Bilgisayar Programcılığı (Burslu),2,TYT,8,,1,,"18, 21, 64",275793,372.15012,,
201990622,  Bilgisayar Programcılığı (%25 İndirimli),2,TYT,46,,,,"18, 21, 64",1263665,269.12809,,
201950111,  Bilgisayar Teknolojisi (Burslu),2,TYT,7,,1,,"18, 21, 64, 320",367430,354.93188,,
201990518,  Bilgisayar Teknolojisi (%50 İndirimli),2,TYT,46,,,,"18, 21, 64, 320",...,----,,
201990573,  Bilişim Güvenliği Teknolojisi (Burslu),2,TYT,5,,1,,"18, 21, 64",330929,361.33806,,
201990580,  Bilişim Güvenliği Teknolojisi (%50 İndirimli),2,TYT,32,,,,"18, 21, 64",...,----,,
201991161,  Bulut Bilişim Operatörlüğü (Burslu),2,TYT,6,,1,,"18, 21, 64, 320",468508,339.73525,,
201900129,  Bulut Bilişim Operatörlüğü (%50 İndirimli),2,TYT,38,,,,"18, 21, 64, 320",...,----,,
201991182,  Büyük Veri Analistliği (Burslu),2,TYT,5,,1,,"18, 21, 64, 320",350893,357.75601,,
201900136,  Büyük Veri Analistliği (%50 İndirimli),2,TYT,34,,,,"18, 21, 64, 320",...,----,,
201950456,  Çocuk Gelişimi (Burslu),2,TYT,8,,1,,"18, 21, 64",643638,319.12200,,
201950465,  Çocuk Gelişimi (%50 İndirimli),2,TYT,50,,,,"18, 21, 64",...,----,,
201991210,  Dış Ticaret (Ücretli),2,TYT,1,,,,"18, 64",,,,
201991203,  Dış Ticaret (Burslu),2,TYT,5,,1,,"18, 21, 64",498343,335.80002,,
201991217,  Dış Ticaret (%25 İndirimli),2,TYT,33,,,,"18, 21, 64",1959264,221.05913,,
201991224,  Dijital Dönüşüm Elektroniği (Burslu),2,TYT,6,,1,,"18, 21, 64, 320",708481,312.69956,,
201900143,  Dijital Dönüşüm Elektroniği (%50 İndirimli),2,TYT,38,,,,"18, 21, 64, 320",...,----,,
201990650,  Elektrik (Ücretli),2,TYT,4,,,,"18, 64",,,,
201990509,  Elektrik (Burslu),2,TYT,7,,1,,"18, 21, 64",430652,345.05829,,
201990657,  Elektrik (%25 İndirimli),2,TYT,38,,,,"18, 21, 64",2036577,215.17989,,
201950147,  Elektronik Teknolojisi (Burslu),2,TYT,7,,1,,"18, 21, 64",434779,344.43989,,
201990519,  Elektronik Teknolojisi (%50 İndirimli),2,TYT,47,,,,"18, 21, 64",...,----,,
201991245,  E-Ticaret ve Pazarlama (Burslu),2,TYT,6,,1,,"18, 21, 64",604893,323.23308,,
201900150,  E-Ticaret ve Pazarlama (%50 İndirimli),2,TYT,38,,,,"18, 21, 64",...,----,,
201950474,  Fizyoterapi (Burslu),2,TYT,7,,1,,"18, 21, 64",482434,337.88216,,
201950483,  Fizyoterapi (%50 İndirimli),2,TYT,48,,,,"18, 21, 64",...,----,,
201950192,  Grafik Tasarımı (Ücretli),2,TYT,1,,,,"18, 64",2197778,200.61632,,
201950208,  Grafik Tasarımı (Burslu),2,TYT,6,,1,,"18, 21, 64",357781,356.59444,,
201950217,  Grafik Tasarımı (%50 İndirimli),2,TYT,36,,,,"18, 21, 64",...,----,,
201990457,  İç Mekan Tasarımı (Burslu),2,TYT,7,,1,,"18, 21, 64",458537,341.10910,,
201990455,  İç Mekan Tasarımı (%50 İndirimli),2,TYT,42,,,,"18, 21, 64",...,----,,
201950226,  İlk ve Acil Yardım (Ücretli),2,TYT,5,,,,"18, 64",1897280,225.57355,,
201950235,  İlk ve Acil Yardım (Burslu),2,TYT,9,,1,,"18, 21, 64",406445,348.68242,,
201950659,  İlk ve Acil Yardım (%25 İndirimli),2,TYT,50,,,,"18, 21, 64",1754192,235.59054,,
201991266,  İmalat Yürütme Sistemleri Operatörlüğü (Burslu),2,TYT,5,,1,,"18, 21, 64, 320",1075469,282.52456,,
201900157,  İmalat Yürütme Sistemleri Operatörlüğü (%50 İndirimli),2,TYT,34,,,,"18, 21, 64, 320",...,----,,
201991294,  İnsan Kaynakları Yönetimi (Ücretli),2,TYT,1,,,,"18, 64",,,,
201991287,  İnsan Kaynakları Yönetimi (Burslu),2,TYT,4,,1,,"18, 21, 64",632004,320.33354,,
201900164,  İnsan Kaynakları Yönetimi (%50 İndirimli),2,TYT,30,,,,"18, 21, 64",...,----,,
201991308,  İnsansız Araç Teknikerliği (Burslu),2,TYT,5,,1,,"18, 21, 64, 320",523320,332.63680,,
201900171,  İnsansız Araç Teknikerliği (%50 İndirimli),2,TYT,34,,,,"18, 21, 64, 320",...,----,,
201950402,  İnşaat Teknolojisi (Burslu),2,TYT,7,,1,,"18, 21, 64",436150,344.23704,,
201950429,  İnşaat Teknolojisi (%50 İndirimli),2,TYT,42,,,,"18, 21, 64",...,----,,
201991336,  İşletme Yönetimi (Ücretli),2,TYT,1,,,,"18, 64",,,,
201991329,  İşletme Yönetimi (Burslu),2,TYT,5,,1,,"18, 21, 64",570273,327.07149,,
201900178,  İşletme Yönetimi (%50 İndirimli),2,TYT,33,,,,"18, 21, 64",...,----,,
201991350,  Kurumsal Bilişim Uzmanlığı (Burslu),2,TYT,6,,1,,"18, 21, 64, 320",604834,323.23999,,
201900185,  Kurumsal Bilişim Uzmanlığı (%50 İndirimli),2,TYT,38,,,,"18, 21, 64, 320",...,----,,
201950298,  Lojistik (Ücretli),2,TYT,1,,,,"18, 64",,,,
201950305,  Lojistik (Burslu),2,TYT,8,,1,,"18, 21, 64",533710,331.38808,,
201950623,  Lojistik (%25 İndirimli),2,TYT,53,,,,"18, 21, 64",,,,
201991371,  Mahkeme Büro Hizmetleri (Burslu),2,TYT,5,,1,,"18, 21, 64",676023,315.82994,,
201900192,  Mahkeme Büro Hizmetleri (%50 İndirimli),2,TYT,34,,,,"18, 21, 64",...,----,,
201990671,  Makine (Ücretli),2,TYT,1,,,,"18, 64",,,,
201990490,  Makine (Burslu),2,TYT,7,,1,,"18, 21, 64",424090,346.03070,,
201990491,  Makine (%50 İndirimli),2,TYT,42,,,,"18, 21, 64",...,----,,
201900206,  Mekatronik (Ücretli),2,TYT,1,,,,"18, 64",...,----,,
201900199,  Mekatronik (Burslu),2,TYT,4,,1,,"18, 21, 64",...,----,,
201900213,  Mekatronik (%50 İndirimli),2,TYT,24,,,,"18, 21, 64",...,----,,
201990685,  Moda Tasarımı (Ücretli),2,TYT,1,,,,"18, 64",2306215,174.30393,,
201950492,  Moda Tasarımı (Burslu),2,TYT,5,,1,,"18, 21, 64",438357,343.90946,,
201990521,  Moda Tasarımı (%50 İndirimli),2,TYT,35,,,,"18, 21, 64",...,----,,
201900227,  Optisyenlik (Ücretli),2,TYT,1,,,,"18, 64",...,----,,
201900220,  Optisyenlik (Burslu),2,TYT,4,,1,,"18, 21, 64",...,----,,
201900234,  Optisyenlik (%50 İndirimli),2,TYT,24,,,,"18, 21, 64",...,----,,
201991392,  Otonom Sistemler Teknikerliği (Burslu),2,TYT,6,,1,,"18, 21, 64, 320",517626,333.35067,,
201900241,  Otonom Sistemler Teknikerliği (%50 İndirimli),2,TYT,38,,,,"18, 21, 64, 320",...,----,,
201991413,  Oyun Geliştirme ve Programlama (Burslu),2,TYT,7,,1,,"18, 21, 64, 320",428806,345.33045,,
201900248,  Oyun Geliştirme ve Programlama (%50 İndirimli),2,TYT,47,,,,"18, 21, 64, 320",...,----,,
201991434,  Raylı Sistemler İşletmeciliği (Burslu),2,TYT,6,,1,,"6, 18, 21, 64",708974,312.65252,,
201900255,  Raylı Sistemler İşletmeciliği (%50 İndirimli),2,TYT,38,,,,"6, 18, 21, 64",...,----,,
201991455,  Robotik ve Yapay Zeka (Burslu),2,TYT,6,,1,,"18, 21, 64, 320",326723,362.09813,,
201900262,  Robotik ve Yapay Zeka (%50 İndirimli),2,TYT,38,,,,"18, 21, 64, 320",...,----,,
201990692,  Saç Bakımı ve Güzellik Hizmetleri (Ücretli),2,TYT,1,,,,"18, 64",2019141,216.54431,,
201990587,  Saç Bakımı ve Güzellik Hizmetleri (Burslu),2,TYT,5,,1,,"18, 21, 64",611308,322.55464,,
201990594,  Saç Bakımı ve Güzellik Hizmetleri (%50 İndirimli),2,TYT,34,,,,"18, 21, 64",...,----,,
201991476,  Sağlık Bilgi Sistemleri Teknikerliği (Burslu),2,TYT,5,,1,,"18, 21, 64",682182,315.22417,,
201900269,  Sağlık Bilgi Sistemleri Teknikerliği (%50 İndirimli),2,TYT,34,,,,"18, 21, 64",...,----,,
201991497,  Sağlık Turizmi İşletmeciliği (Burslu),2,TYT,4,,1,,"18, 21, 64",757238,308.17639,,
201900276,  Sağlık Turizmi İşletmeciliği (%50 İndirimli),2,TYT,31,,,,"18, 21, 64",...,----,,
201991518,  Siber Güvenlik (Burslu),2,TYT,6,,1,,"18, 21, 64",281737,370.91139,,
201900283,  Siber Güvenlik (%50 İndirimli),2,TYT,38,,,,"18, 21, 64",...,----,,
201900297,  Sivil Hava Ulaştırma İşletmeciliği (Ücretli),2,TYT,1,,,,"10, 18, 64",...,----,,
201900290,  Sivil Hava Ulaştırma İşletmeciliği (Burslu),2,TYT,8,,1,,"10, 18, 21, 64",...,----,,
201900304,  Sivil Hava Ulaştırma İşletmeciliği (%50 İndirimli),2,TYT,50,,,,"10, 18, 21, 64",...,----,,
201990706,  Tıbbi Görüntüleme Teknikleri (Ücretli),2,TYT,5,,,,"18, 64",2204914,199.81567,,
201990492,  Tıbbi Görüntüleme Teknikleri (Burslu),2,TYT,6,,1,,"18, 21, 64",422852,346.21920,,
201990713,  Tıbbi Görüntüleme Teknikleri (%25 İndirimli),2,TYT,33,,,,"18, 21, 64",1808572,231.82670,,
201950023,  Turizm ve Otel İşletmeciliği (Burslu),2,TYT,6,,1,,"18, 21, 64",559147,328.35945,,
201990522,  Turizm ve Otel İşletmeciliği (%50 İndirimli),2,TYT,42,,,,"18, 21, 64",...,----,,
201900318,  Uçak Teknolojisi (Ücretli),2,TYT,1,,,,"10, 18, 64",...,----,,
201900311,  Uçak Teknolojisi (Burslu),2,TYT,4,,1,,"10, 18, 21, 64",...,----,,
201900325,  Uçak Teknolojisi (%50 İndirimli),2,TYT,24,,,,"10, 18, 21, 64",...,----,,
201991539,  Yapay Zeka Operatörlüğü (Burslu),2,TYT,5,,1,,"18, 21, 64, 320",329165,361.65010,,
201900332,  Yapay Zeka Operatörlüğü (%50 İndirimli),2,TYT,34,,,,"18, 21, 64, 320",...,----,,
,HASAN KALYONCU ÜNİVERSİTESİ (GAZİANTEP) (Vakıf Üniversitesi) ,,,,,,,,,,,
,MESLEK YÜKSEKOKULU,,,,,,,,,,,
201650098,  Anestezi (Ücretli),2,TYT,42,,,,"18, 64",1550777,249.44722,,
201650105,  Anestezi (Burslu),2,TYT,10,,1,,"18, 21, 64",331176,361.28946,,
201650123,  Anestezi (%25 İndirimli),2,TYT,19,,,,"18, 21, 64",795692,304.74806,,
201650177,  Bankacılık ve Sigortacılık (Burslu),2,TYT,9,,,,"18, 21, 64",692221,314.23564,*,MEDEK
201650213,  Bankacılık ve Sigortacılık (%50 İndirimli),2,TYT,9,,,,"18, 21, 64",1346779,263.38137,*,MEDEK
201650132,  Diyaliz (Ücretli),2,TYT,44,,,,"18, 64",,,,
201650141,  Diyaliz (Burslu),2,TYT,9,,1,,"18, 21, 64",500936,335.46243,,
201650168,  Diyaliz (%25 İndirimli),2,TYT,14,,,,"18, 21, 64",1409712,259.08272,,
201650053,  İlk ve Acil Yardım (Ücretli),2,TYT,47,,,,"18, 64",1574232,247.85193,,
201650062,  İlk ve Acil Yardım (Burslu),2,TYT,10,,1,,"18, 21, 64",350372,357.84727,,
201650089,  İlk ve Acil Yardım (%25 İndirimli),2,TYT,14,,,,"18, 21, 64",849691,300.13996,,
201650186,  İnsansız Hava Aracı Teknolojisi ve Operatörlüğü (Ücretli),2,TYT,15,,,,"18, 64",2304163,176.75185,,
201650187,  İnsansız Hava Aracı Teknolojisi ve Operatörlüğü (Burslu),2,TYT,5,,1,,"18, 21, 64",367912,354.84936,,
201650188,  İnsansız Hava Aracı Teknolojisi ve Operatörlüğü (%25 İndirimli),2,TYT,19,,,,"18, 21, 64",2244265,194.62993,,
201650381,  Mahkeme Büro Hizmetleri (Ücretli),2,TYT,10,,,,"18, 64",2050095,214.10688,,
201650374,  Mahkeme Büro Hizmetleri (Burslu),2,TYT,4,,1,,"18, 21, 64",537937,330.86482,,
201650388,  Mahkeme Büro Hizmetleri (%50 İndirimli),2,TYT,15,,,,"18, 21, 64",1586746,247.01117,,
201650444,  Siber Güvenlik (Ücretli),2,TYT,5,,,,"18, 64",,,,
201650437,  Siber Güvenlik (Burslu),2,TYT,4,,,,"18, 21, 64",338986,359.86695,,
201650451,  Siber Güvenlik (%50 İndirimli),2,TYT,16,,,,"18, 21, 64",1875283,227.15365,,
201650465,  Sivil Hava Ulaştırma İşletmeciliği (Ücretli),2,TYT,10,,,,"10, 18, 64",,,,
201650458,  Sivil Hava Ulaştırma İşletmeciliği (Burslu),2,TYT,4,,1,,"10, 18, 21, 64",446799,342.72879,,
201650472,  Sivil Hava Ulaştırma İşletmeciliği (%50 İndirimli),2,TYT,15,,,,"10, 18, 21, 64",1020600,286.61530,,
201650189,  Sivil Havacılık Kabin Hizmetleri (Ücretli),2,TYT,15,,,,"10, 18, 64",,,,
201650190,  Sivil Havacılık Kabin Hizmetleri (Burslu),2,TYT,5,,1,,"10, 18, 21, 64",398911,349.82897,,
201650191,  Sivil Havacılık Kabin Hizmetleri (%25 İndirimli),2,TYT,19,,,,"10, 18, 21, 64",1569103,248.20065,,
201650486,  Yapay Zeka Operatörlüğü (Ücretli),2,TYT,4,,,,"18, 64, 320",,,,
201650479,  Yapay Zeka Operatörlüğü (Burslu),2,TYT,4,,1,,"18, 21, 64, 320",493591,336.41458,,
201650493,  Yapay Zeka Operatörlüğü (%50 İndirimli),2,TYT,21,,,,"18, 21, 64, 320",1763478,234.94621,,
,IŞIK ÜNİVERSİTESİ (İSTANBUL) (Vakıf Üniversitesi) ,,,,,,,,,,,
,MESLEK YÜKSEKOKULU,,,,,,,,,,,
202090319,  Ameliyathane Hizmetleri (Burslu),2,TYT,5,,1,,"21, 64",641081,319.38746,,
202090320,  Ameliyathane Hizmetleri (%50 İndirimli),2,TYT,32,,,,"21, 64",,,,
202090323,  Anestezi (Ücretli),2,TYT,22,,,,64,2285597,186.14562,,
202090324,  Anestezi (Burslu),2,TYT,10,,1,,"21, 64",476940,338.62131,,
202090325,  Anestezi (%50 İndirimli),2,TYT,39,,,,"21, 64",1660479,241.98293,,
202090241,  Bilgisayar Programcılığı (Ücretli),2,TYT,5,,,,64,,,,
202090242,  Bilgisayar Programcılığı (Burslu),2,TYT,10,,2,,"21, 64",364947,355.36481,,
202090243,  Bilgisayar Programcılığı (%50 İndirimli),2,TYT,62,,,,"21, 64",1518524,251.65427,,
202090403,  Bilişim Güvenliği Teknolojisi (Burslu),2,TYT,5,,1,,"21, 64",416196,347.20417,,
202090417,  Bilişim Güvenliği Teknolojisi (%50 İndirimli),2,TYT,32,,,,"21, 64",,,,
202090245,  Dış Ticaret (Burslu),2,TYT,6,,1,,"21, 64",590497,324.80289,,
202090246,  Dış Ticaret (%50 İndirimli),2,TYT,38,,,,"21, 64",,,,
202090424,  Fizyoterapi (Burslu),2,TYT,4,,1,,"21, 64",631908,320.34403,,
202090438,  Fizyoterapi (%50 İndirimli),2,TYT,31,,,,"21, 64",,,,
202050083,  Grafik Tasarımı (Burslu),2,TYT,6,,1,,"21, 64",540174,330.60061,,
202050092,  Grafik Tasarımı (%50 İndirimli),2,TYT,42,,,,"21, 64",,,,
202090326,  İlk ve Acil Yardım (Ücretli),2,TYT,21,,,,64,2184309,202.08486,,
202090327,  İlk ve Acil Yardım (Burslu),2,TYT,10,,1,,"21, 64",490632,336.80065,,
202090328,  İlk ve Acil Yardım (%50 İndirimli),2,TYT,40,,,,"21, 64",1254273,269.78980,,
202000108,  İnşaat Teknolojisi (Ücretli),2,TYT,1,,,,64,...,----,,
202000101,  İnşaat Teknolojisi (Burslu),2,TYT,4,,1,,"21, 64",...,----,,
202000115,  İnşaat Teknolojisi (%50 İndirimli),2,TYT,24,,,,"21, 64",...,----,,
202090332,  Optisyenlik (Ücretli),2,TYT,5,,,,64,,,,
202090333,  Optisyenlik (Burslu),2,TYT,7,,1,,"21, 64",607835,322.92410,,
202090334,  Optisyenlik (%50 İndirimli),2,TYT,41,,,,"21, 64",1928420,223.30824,,
202090339,  Tıbbi Görüntüleme Teknikleri (Burslu),2,TYT,10,,1,,"21, 64",534743,331.25844,,
202090340,  Tıbbi Görüntüleme Teknikleri (%50 İndirimli),2,TYT,61,,,,"21, 64",1953427,221.47984,,
202090344,  Tıbbi Laboratuvar Teknikleri (Burslu),2,TYT,6,,1,,"21, 64",561338,328.11245,,MEDEK
202090345,  Tıbbi Laboratuvar Teknikleri (%50 İndirimli),2,TYT,39,,,,"21, 64",,,,MEDEK
,İSTANBUL 29 MAYIS ÜNİVERSİTESİ (Vakıf Üniversitesi) ,,,,,,,,,,,
,BİLİŞİM TEKNOLOJİLERİ MESLEK YÜKSEKOKULU,,,,,,,,,,,
202200101,  Bilgisayar Programcılığı (Burslu),2,TYT,4,,1,,"18, 21, 64",...,----,,
202200108,  Bilgisayar Programcılığı (%50 İndirimli),2,TYT,25,,,,"18, 21, 64",...,----,,
,BİLİŞİM TEKNOLOJİLERİ MESLEK YÜKSEKOKULU,,,,,,,,,,,
202210414,  Büyük Veri Analistliği (Burslu),2,TYT,7,,1,,"18, 21, 64, 320",427384,345.53907,,
202210421,  Büyük Veri Analistliği (%50 İndirimli),2,TYT,42,,,,"18, 21, 64, 320",,,,
202210428,  Kurumsal Bilişim Uzmanlığı (Burslu),2,TYT,7,,1,,"18, 21, 64, 320",613138,322.35344,,
202210435,  Kurumsal Bilişim Uzmanlığı (%50 İndirimli),2,TYT,42,,,,"18, 21, 64, 320",,,,
202200115,  Yapay Zeka Operatörlüğü (Burslu),2,TYT,4,,1,,"18, 21, 64, 320",...,----,,
202200122,  Yapay Zeka Operatörlüğü (%50 İndirimli),2,TYT,25,,,,"18, 21, 64, 320",...,----,,
,İSTANBUL AREL ÜNİVERSİTESİ (Vakıf Üniversitesi) ,,,,,,,,,,,YÖKAK
,MESLEK YÜKSEKOKULU,,,,,,,,,,,
202390229,  Ağız ve Diş Sağlığı (Ücretli),2,TYT,15,,,,"18, 64",2164092,204.13676,,
202390210,  Ağız ve Diş Sağlığı (Burslu),2,TYT,9,,1,,"18, 21, 64",540034,330.61658,,
202390598,  Ağız ve Diş Sağlığı (%25 İndirimli),2,TYT,43,,,,"18, 21, 64",1991123,218.68739,,
202352288,  Anestezi (Ücretli),2,TYT,47,,,,"18, 64",1909869,224.65010,,
202352297,  Anestezi (Burslu),2,TYT,10,,2,,"18, 21, 64",441606,343.45237,,
202390605,  Anestezi (%25 İndirimli),2,TYT,21,,,,"18, 21, 64",1227908,271.62644,,
202351387,  Aşçılık (Burslu),2,TYT,4,,1,,"18, 21, 64",564086,327.79062,,
202351996,  Aşçılık (%50 İndirimli),2,TYT,31,,,,"18, 21, 64",1940025,222.46643,,
202350405,  Bankacılık ve Sigortacılık (Burslu),2,TYT,6,,1,,"18, 21, 64",648592,318.59783,,
202351563,  Bankacılık ve Sigortacılık (%50 İndirimli),2,TYT,38,,,,"18, 21, 64",2183894,202.12928,,
202390191,  Bilgisayar Destekli Tasarım ve Animasyon (Burslu),2,TYT,3,,1,,"18, 21, 64",552448,329.15449,,
202390192,  Bilgisayar Destekli Tasarım ve Animasyon (%50 İndirimli),2,TYT,25,,,,"18, 21, 64",,,,
202351263,  Bilgisayar Programcılığı (Burslu),2,TYT,11,,2,,"18, 21, 64",377331,353.28222,,
202390290,  Bilgisayar Programcılığı (%25 İndirimli),2,TYT,76,,,,"18, 21, 64",1947327,221.93171,,
202391116,  Biyomedikal Cihaz Teknolojisi (Burslu),2,TYT,3,,1,,"18, 21, 64",731208,310.54325,,
202391123,  Biyomedikal Cihaz Teknolojisi (%50 İndirimli),2,TYT,25,,,,"18, 21, 64",,,,
202391130,  Cnc Programlama ve Operatörlüğü (Burslu),2,TYT,3,,1,,"18, 21, 64",692287,314.22838,,
202391137,  Cnc Programlama ve Operatörlüğü (%50 İndirimli),2,TYT,25,,,,"18, 21, 64",,,,
202350044,  Çocuk Gelişimi (Burslu),2,TYT,5,,1,,"18, 21, 64",700945,313.40829,,
202351642,  Çocuk Gelişimi (%50 İndirimli),2,TYT,37,,,,"18, 21, 64",2179765,202.56173,,
202350989,  Dış Ticaret (Burslu),2,TYT,5,,1,,"18, 21, 64",638423,319.67035,,
202351669,  Dış Ticaret (%50 İndirimli),2,TYT,37,,,,"18, 21, 64",2247006,194.20607,,
202390339,  Diş Protez Teknolojisi (Ücretli),2,TYT,15,,,,"18, 64",1712271,238.45331,,
202390212,  Diş Protez Teknolojisi (Burslu),2,TYT,10,,1,,"18, 21, 64",449690,342.33505,,
202390346,  Diş Protez Teknolojisi (%25 İndirimli),2,TYT,44,,,,"18, 21, 64",1393752,260.17450,,
202391144,  Eczane Hizmetleri (Burslu),2,TYT,4,,1,,"18, 21, 64",640585,319.44235,,
202391151,  Eczane Hizmetleri (%50 İndirimli),2,TYT,29,,,,"18, 21, 64",1795889,232.71671,,
202391158,"  Elektrik Enerjisi Üretim, İletim ve Dağıtımı (Burslu)",2,TYT,4,,1,,"18, 21, 64",622465,321.35632,,
202391165,"  Elektrik Enerjisi Üretim, İletim ve Dağıtımı (%50 İndirimli)",2,TYT,31,,,,"18, 21, 64",,,,
202351466,  Elektronik Teknolojisi (Burslu),2,TYT,3,,1,,"18, 21, 64",592114,324.62450,,
202352022,  Elektronik Teknolojisi (%50 İndirimli),2,TYT,22,,,,"18, 21, 64",,,,
202352358,  Fizyoterapi (Burslu),2,TYT,9,,1,,"18, 21, 64",603333,323.40521,,
202390360,  Fizyoterapi (%25 İndirimli),2,TYT,56,,,,"18, 21, 64",,,,
202350062,  Grafik Tasarımı (Burslu),2,TYT,5,,1,,"18, 21, 64",620447,321.57255,,
202351703,  Grafik Tasarımı (%50 İndirimli),2,TYT,37,,,,"18, 21, 64",,,,
202352737,  İlk ve Acil Yardım (Ücretli),2,TYT,35,,,,"18, 64",1769619,234.52284,,
202352746,  İlk ve Acil Yardım (Burslu),2,TYT,10,,1,,"18, 21, 64",462693,340.53747,,
202390409,  İlk ve Acil Yardım (%25 İndirimli),2,TYT,26,,,,"18, 21, 64",1080323,282.16048,,
202391172,  İmalat Yürütme Sistemleri Operatörlüğü (Burslu),2,TYT,5,,,,"18, 21, 64, 320",1459388,255.68070,,
202391179,  İmalat Yürütme Sistemleri Operatörlüğü (%50 İndirimli),2,TYT,8,,,,"18, 21, 64, 320",,,,
202351148,  İnsan Kaynakları Yönetimi (Burslu),2,TYT,4,,1,,"18, 21, 64",693032,314.15976,,
202351748,  İnsan Kaynakları Yönetimi (%50 İndirimli),2,TYT,31,,,,"18, 21, 64",,,,
202351103,  İşletme Yönetimi (Burslu),2,TYT,3,,1,,"18, 21, 64",642985,319.18648,,
202351775,  İşletme Yönetimi (%50 İndirimli),2,TYT,22,,,,"18, 21, 64",,,,
202391186,  Karbon Yönetimi Teknikerliği (Burslu),2,TYT,5,,,,"18, 21, 64",908205,295.35312,,
202391193,  Karbon Yönetimi Teknikerliği (%50 İndirimli),2,TYT,8,,,,"18, 21, 64",,,,
202391032,  Kurumsal Bilişim Uzmanlığı (Burslu),2,TYT,3,,1,,"18, 21, 64, 320",671319,316.30646,,
202391039,  Kurumsal Bilişim Uzmanlığı (%50 İndirimli),2,TYT,25,,,,"18, 21, 64, 320",,,,
202351184,  Lojistik (Burslu),2,TYT,5,,1,,"18, 21, 64",666664,316.75913,,
202351809,  Lojistik (%50 İndirimli),2,TYT,37,,,,"18, 21, 64",,,,
202390801,  Mahkeme Büro Hizmetleri (Burslu),2,TYT,5,,1,,"18, 21, 64",700800,313.42047,,
202390815,  Mahkeme Büro Hizmetleri (%50 İndirimli),2,TYT,37,,,,"18, 21, 64",2202194,200.12153,,
202390193,  Mekatronik (Burslu),2,TYT,5,,1,,"18, 21, 64",540361,330.57755,,
202390194,  Mekatronik (%50 İndirimli),2,TYT,37,,,,"18, 21, 64",,,,
202352807,  Mimari Restorasyon (Burslu),2,TYT,3,,1,,"18, 21, 64",652539,318.19720,,
202352816,  Mimari Restorasyon (%50 İndirimli),2,TYT,25,,,,"18, 21, 64",,,,
202350944,  Moda Tasarımı (Burslu),2,TYT,3,,1,,"18, 21, 64",666749,316.75072,,
202351827,  Moda Tasarımı (%50 İndirimli),2,TYT,22,,,,"18, 21, 64",2233981,196.14275,,
202351069,  Muhasebe ve Vergi Uygulamaları (Burslu),2,TYT,5,,1,,"18, 21, 64",667431,316.68447,,
202351845,  Muhasebe ve Vergi Uygulamaları (%50 İndirimli),2,TYT,37,,,,"18, 21, 64",2200002,200.36545,,
202352685,  Optisyenlik (Burslu),2,TYT,6,,1,,"18, 21, 64",620073,321.60833,,
202352694,  Optisyenlik (%50 İndirimli),2,TYT,42,,,,"18, 21, 64",...,----,,
202391046,  Oyun Geliştirme ve Programlama (Burslu),2,TYT,3,,1,,"18, 21, 64, 320",550419,329.39383,,
202391053,  Oyun Geliştirme ve Programlama (%50 İndirimli),2,TYT,25,,,,"18, 21, 64, 320",,,,
202300864,  Saç Bakımı ve Güzellik Hizmetleri (Burslu),2,TYT,4,,1,,"18, 21, 64",...,----,,
202300871,  Saç Bakımı ve Güzellik Hizmetleri (%50 İndirimli),2,TYT,25,,,,"18, 21, 64",...,----,,
202352234,  Sivil Hava Ulaştırma İşletmeciliği (Burslu),2,TYT,9,,1,,"10, 18, 21, 64",528742,331.97828,,
202352261,  Sivil Hava Ulaştırma İşletmeciliği (%50 İndirimli),2,TYT,55,,,,"10, 18, 21, 64",1470041,254.96081,,
202390479,  Sivil Havacılık Kabin Hizmetleri (Ücretli),2,TYT,10,,,,"10, 18, 64",1974994,219.89698,,
202352834,  Sivil Havacılık Kabin Hizmetleri (Burslu),2,TYT,13,,2,,"10, 18, 21, 64",475870,338.76121,,
202352843,  Sivil Havacılık Kabin Hizmetleri (%50 İndirimli),2,TYT,75,,,,"10, 18, 21, 64",1347968,263.29975,,
202391060,  Su ve Atık Yönetimi Teknikerliği (Burslu),2,TYT,5,,,,"18, 21, 64",1275421,268.31760,,
202391067,  Su ve Atık Yönetimi Teknikerliği (%50 İndirimli),2,TYT,8,,,,"18, 21, 64",,,,
202390507,  Tıbbi Dokümantasyon ve Sekreterlik (Ücretli),2,TYT,2,,,,"18, 64",2292390,183.76676,,
202352897,  Tıbbi Dokümantasyon ve Sekreterlik (Burslu),2,TYT,7,,1,,"18, 21, 64",524701,332.46448,,
202352904,  Tıbbi Dokümantasyon ve Sekreterlik (%50 İndirimli),2,TYT,40,,,,"18, 21, 64",1610111,245.41679,,
202390521,  Tıbbi Görüntüleme Teknikleri (Ücretli),2,TYT,2,,,,"18, 64",2242913,194.82627,,
202352507,  Tıbbi Görüntüleme Teknikleri (Burslu),2,TYT,10,,1,,"18, 21, 64",493616,336.41182,,
202352516,  Tıbbi Görüntüleme Teknikleri (%50 İndirimli),2,TYT,59,,,,"18, 21, 64",1406187,259.31776,,
202390549,  Tıbbi Laboratuvar Teknikleri (Ücretli),2,TYT,1,,,,"18, 64",,,,
202352561,  Tıbbi Laboratuvar Teknikleri (Burslu),2,TYT,8,,1,,"18, 21, 64",552673,329.13159,,
202352579,  Tıbbi Laboratuvar Teknikleri (%50 İndirimli),2,TYT,50,,,,"18, 21, 64",1642223,243.23126,,
202391074,  Tıbbi Veri İşleme Teknikerliği (Burslu),2,TYT,4,,1,,"18, 21, 64",573991,326.65956,,
202391081,  Tıbbi Veri İşleme Teknikerliği (%50 İndirimli),2,TYT,31,,,,"18, 21, 64",,,,
202353056,  Turist Rehberliği (Burslu),2,TYT,3,,,,"18, 21, 64",545587,329.95985,,
202353065,  Turist Rehberliği (%50 İndirimli),2,TYT,17,,,,"18, 21, 64",,,,
202352613,  Uçak Teknolojisi (Ücretli),2,TYT,25,,,,"10, 18, 64",1585019,247.12583,,
202352622,  Uçak Teknolojisi (Burslu),2,TYT,13,,2,,"10, 18, 21, 64",325958,362.23734,,
202352631,  Uçak Teknolojisi (%50 İndirimli),2,TYT,60,,,,"10, 18, 21, 64",...,----,,
202391088,  Yapı Tesisat Teknolojisi (Burslu),2,TYT,5,,,,"18, 21, 64",973434,290.20783,,
202391095,  Yapı Tesisat Teknolojisi (%50 İndirimli),2,TYT,10,,,,"18, 21, 64",,,,
202391102,  Yaşlı Bakımı (Burslu),2,TYT,5,,,,"18, 21, 64",874864,298.05132,,
202391109,  Yaşlı Bakımı (%50 İndirimli),2,TYT,10,,,,"18, 21, 64",,,,
,İSTANBUL ATLAS ÜNİVERSİTESİ (Vakıf Üniversitesi) ,,,,,,,,,,,
,MESLEK YÜKSEKOKULU,,,,,,,,,,,
209310012,  Ağız ve Diş Sağlığı (Burslu),2,TYT,6,,1,,"21, 64",479264,338.30673,,
209310014,  Ağız ve Diş Sağlığı (%50 İndirimli),2,TYT,37,,,,"21, 64",1900183,225.36041,,
209310013,  Ameliyathane Hizmetleri (Burslu),2,TYT,7,,1,,"21, 64",590775,324.77288,,MEDEK
209310015,  Ameliyathane Hizmetleri (%50 İndirimli),2,TYT,48,,,,"21, 64",,,,MEDEK
209310031,  Anestezi (Burslu),2,TYT,8,,1,,"21, 64",381169,352.65467,,
209310032,  Anestezi (%50 İndirimli),2,TYT,53,,,,"21, 64",1320865,265.15946,,
209310096,  Bilgisayar Programcılığı (Burslu),2,TYT,8,,1,,"21, 64",327508,361.95443,,MEDEK
209310103,  Bilgisayar Programcılığı (%50 İndirimli),2,TYT,51,,,,"21, 64",1880572,226.77573,,MEDEK
209310082,  Bilişim Güvenliği Teknolojisi (Burslu),2,TYT,4,,1,,"21, 64",387971,351.56053,,MEDEK
209310089,  Bilişim Güvenliği Teknolojisi (%50 İndirimli),2,TYT,31,,,,"21, 64",,,,MEDEK
209310264,  Çevre Sağlığı ve Çevresel Risk Yönetimi Teknikerliği (Burslu),2,TYT,3,,,,"21, 64",701191,313.38805,,
209310271,  Çevre Sağlığı ve Çevresel Risk Yönetimi Teknikerliği (%50 İndirimli),2,TYT,20,,,,"21, 64",,,,
209310016,  Diş Protez Teknolojisi (Burslu),2,TYT,5,,1,,"21, 64",385791,351.91850,,
209310017,  Diş Protez Teknolojisi (%50 İndirimli),2,TYT,35,,,,"21, 64",1257123,269.58718,,
209310020,  Diyaliz (Burslu),2,TYT,3,,1,,"21, 64",628261,320.73317,,
209310021,  Diyaliz (%50 İndirimli),2,TYT,25,,,,"21, 64",,,,
209310278,  E-Ticaret ve Pazarlama (Burslu),2,TYT,4,,1,,"21, 64",575086,326.53499,,
209310285,  E-Ticaret ve Pazarlama (%50 İndirimli),2,TYT,31,,,,"21, 64",,,,
209310022,  Fizyoterapi (Burslu),2,TYT,8,,1,,"21, 64",550255,329.41241,,
209310023,  Fizyoterapi (%50 İndirimli),2,TYT,48,,,,"21, 64",,,,
209310292,  Grafik Tasarımı (Burslu),2,TYT,4,,1,,"21, 64",529435,331.89529,,
209310299,  Grafik Tasarımı (%50 İndirimli),2,TYT,31,,,,"21, 64",,,,
209310194,  İç Mekan Tasarımı (Burslu),2,TYT,4,,1,,"21, 64",505212,334.91048,,
209310201,  İç Mekan Tasarımı (%50 İndirimli),2,TYT,31,,,,"21, 64",,,,
209310035,  İlk ve Acil Yardım (Burslu),2,TYT,8,,1,,"21, 64",436157,344.23593,,MEDEK
209310036,  İlk ve Acil Yardım (%50 İndirimli),2,TYT,52,,,,"21, 64",1336777,264.06817,,MEDEK
209310306,  Lojistik (Burslu),2,TYT,3,,,,"21, 64",601987,323.54977,,
209310313,  Lojistik (%50 İndirimli),2,TYT,20,,,,"21, 64",,,,
209310029,  Optisyenlik (Burslu),2,TYT,3,,1,,"21, 64",255357,376.61915,,
209310030,  Optisyenlik (%50 İndirimli),2,TYT,25,,,,"21, 64",2084938,211.27179,,
209310320,  Tele-Sağlık Teknikerliği (Burslu),2,TYT,3,,,,"21, 64",576455,326.37822,,
209310327,  Tele-Sağlık Teknikerliği (%50 İndirimli),2,TYT,20,,,,"21, 64",,,,
209310018,  Tıbbi Görüntüleme Teknikleri (Burslu),2,TYT,9,,1,,"21, 64",471916,339.28367,,
209310019,  Tıbbi Görüntüleme Teknikleri (%50 İndirimli),2,TYT,57,,,,"21, 64",1956419,221.26123,,
209310074,  Tıbbi Laboratuvar Teknikleri (Burslu),2,TYT,6,,1,,"21, 64",497550,335.90036,,MEDEK
209310075,  Tıbbi Laboratuvar Teknikleri (%50 İndirimli),2,TYT,42,,,,"21, 64",,,,MEDEK
209310334,  Tıbbi Tanıtım ve Pazarlama (Burslu),2,TYT,3,,,,"21, 64",809286,303.56774,,
209310341,  Tıbbi Tanıtım ve Pazarlama (%50 İndirimli),2,TYT,20,,,,"21, 64",,,,
209310348,  Yaşlı Bakımı (Burslu),2,TYT,3,,,,"21, 64",883311,297.36228,,
209310355,  Yaşlı Bakımı (%50 İndirimli),2,TYT,20,,,,"21, 64",,,,
209310362,  Yeşil ve Ekolojik Bina Teknikerliği (Burslu),2,TYT,3,,,,"21, 64",1116033,279.57512,,
209310369,  Yeşil ve Ekolojik Bina Teknikerliği (%50 İndirimli),2,TYT,20,,,,"21, 64",,,,
,İSTANBUL AYDIN ÜNİVERSİTESİ (Vakıf Üniversitesi) ,,,,,,,,,,,YÖKAK
,ANADOLU BİL MESLEK YÜKSEKOKULU,,,,,,,,,,,
202457205,  Aşçılık (Burslu),2,TYT,16,,2,,"18, 21, 64",492721,336.52640,*,MEDEK
202457214,  Aşçılık (%50 İndirimli),2,TYT,104,,,,"18, 21, 64",1719343,237.97356,*,MEDEK
202450025,  Bankacılık ve Sigortacılık (Burslu),2,TYT,15,,2,,"18, 21, 64",584906,325.42754,*,MEDEK
202452057,  Bankacılık ve Sigortacılık (%50 İndirimli),2,TYT,93,,,,"18, 21, 64",,,*,MEDEK
202490919,  Bilgisayar Destekli Tasarım ve Animasyon (Burslu),2,TYT,7,,1,,"18, 21, 64",542339,330.34590,,
202490926,  Bilgisayar Destekli Tasarım ve Animasyon (%50 İndirimli),2,TYT,42,,,,"18, 21, 64",,,,
202452587,  Bilgisayar Programcılığı (Burslu),2,TYT,16,,2,,"18, 21, 64",300560,367.10254,*,MEDEK
202452066,  Bilgisayar Programcılığı (%50 İndirimli),2,TYT,104,,,,"18, 21, 64",1178376,275.10375,*,MEDEK
202452648,  Bilgisayar Programcılığı (Uzaktan Öğretim) (Burslu),2,TYT,22,,3,,"7, 8, 18, 21, 64",338566,359.94066,,
202452657,  Bilgisayar Programcılığı (Uzaktan Öğretim) (%50 İndirimli),2,TYT,140,,,,"7, 8, 18, 21, 64",...,----,,
202452039,  Bilgisayar Programcılığı (İngilizce) (Burslu),2,TYT,16,,2,,"18, 21, 22, 23, 24, 64",274954,372.32674,*,MEDEK
202452621,  Bilgisayar Programcılığı (İngilizce) (%50 İndirimli),2,TYT,104,,,,"18, 21, 22, 23, 24, 64",2199418,200.43312,*,MEDEK
202454071,  Biyomedikal Cihaz Teknolojisi (Burslu),2,TYT,11,,2,,"18, 21, 64",690884,314.36169,,
202490638,  Biyomedikal Cihaz Teknolojisi (%50 İndirimli),2,TYT,75,,,,"18, 21, 64",,,,
202450149,  Çocuk Gelişimi (Burslu),2,TYT,10,,2,,"18, 21, 64",613149,322.35239,,
202452075,  Çocuk Gelişimi (%50 İndirimli),2,TYT,68,,,,"18, 21, 64",,,,
202452754,  Dış Ticaret (Burslu),2,TYT,16,,2,,"18, 21, 64",516584,333.47384,,
202452084,  Dış Ticaret (%50 İndirimli),2,TYT,104,,,,"18, 21, 64",1884168,226.52005,,
202452781,  Dış Ticaret (İngilizce) (Burslu),2,TYT,16,,2,,"18, 21, 22, 23, 24, 64",405570,348.81100,,
202452799,  Dış Ticaret (İngilizce) (%50 İndirimli),2,TYT,104,,,,"18, 21, 22, 23, 24, 64",,,,
202454159,  Elektrik (Burslu),2,TYT,15,,2,,"18, 21, 64",461259,340.72804,*,MEDEK
202490640,  Elektrik (%50 İndirimli),2,TYT,93,,,,"18, 21, 64",1886205,226.37414,*,MEDEK
202454477,  Elektronik Teknolojisi (Burslu),2,TYT,15,,2,,"18, 21, 64",485404,337.48842,*,MEDEK
202490642,  Elektronik Teknolojisi (%50 İndirimli),2,TYT,92,,,,"18, 21, 64",,,*,MEDEK
202450246,  Gıda Teknolojisi (Burslu),2,TYT,4,,1,,"18, 21, 64",647183,318.74682,*,MEDEK
202490646,  Gıda Teknolojisi (%50 İndirimli),2,TYT,30,,,,"18, 21, 64",,,*,MEDEK
202450282,  Grafik Tasarımı (Burslu),2,TYT,16,,2,,"18, 21, 64",517146,333.40967,,
202452118,  Grafik Tasarımı (%50 İndirimli),2,TYT,104,,,,"18, 21, 64",2224527,197.39346,,
202452912,  Halkla İlişkiler ve Tanıtım (Burslu),2,TYT,12,,2,,"18, 21, 64",630341,320.51661,*,MEDEK
202451447,  Halkla İlişkiler ve Tanıtım (%50 İndirimli),2,TYT,77,,,,"18, 21, 64",,,*,MEDEK
202490933,  Hava Lojistiği (Burslu),2,TYT,6,,1,,"18, 21, 64",576224,326.40551,,
202490940,  Hava Lojistiği (%50 İndirimli),2,TYT,42,,,,"18, 21, 64",,,,
202400227,  Hibrid ve Elektrikli Taşıtlar Teknolojisi (Burslu),2,TYT,4,,1,,"18, 21, 64",...,----,,
202400234,  Hibrid ve Elektrikli Taşıtlar Teknolojisi (%50 İndirimli),2,TYT,25,,,,"18, 21, 64",...,----,,
202452957,  İnsan Kaynakları Yönetimi (Burslu),2,TYT,10,,2,,"18, 21, 64",596161,324.18628,,
202451668,  İnsan Kaynakları Yönetimi (%50 İndirimli),2,TYT,68,,,,"18, 21, 64",,,,
202490947,  İnsansız Hava Aracı Teknolojisi ve Operatörlüğü (Burslu),2,TYT,7,,1,,"18, 21, 64",412220,347.79902,,
202490954,  İnsansız Hava Aracı Teknolojisi ve Operatörlüğü (%50 İndirimli),2,TYT,42,,,,"18, 21, 64",2156192,204.93087,,
202454238,  İnşaat Teknolojisi (Burslu),2,TYT,16,,2,,"18, 21, 64",503962,335.07055,*,MEDEK
202454247,  İnşaat Teknolojisi (%50 İndirimli),2,TYT,104,,,,"18, 21, 64",2062902,213.07625,*,MEDEK
202400241,  İnternet ve Ağ Teknolojileri (Burslu),2,TYT,4,,1,,"18, 21, 64",...,----,,
202400248,  İnternet ve Ağ Teknolojileri (%50 İndirimli),2,TYT,25,,,,"18, 21, 64",...,----,,
202453019,  İşletme Yönetimi (Burslu),2,TYT,16,,2,,"18, 21, 64",534757,331.25568,,MEDEK
202490650,  İşletme Yönetimi (%50 İndirimli),2,TYT,104,,,,"18, 21, 64",,,,MEDEK
202453055,  İşletme Yönetimi (İngilizce) (Burslu),2,TYT,13,,2,,"18, 21, 22, 23, 24, 64",460013,340.90456,*,MEDEK
202490651,  İşletme Yönetimi (İngilizce) (%50 İndirimli),2,TYT,87,,,,"18, 21, 22, 23, 24, 64",,,*,MEDEK
202450546,  Kuyumculuk ve Takı Tasarımı (Burslu),2,TYT,9,,2,,"18, 21, 64",549179,329.54089,,
202452136,  Kuyumculuk ve Takı Tasarımı (%50 İndirimli),2,TYT,65,,,,"18, 21, 64",,,,
202453116,  Lojistik (Burslu),2,TYT,14,,2,,"18, 21, 64",541109,330.48863,*,MEDEK
202451702,  Lojistik (%50 İndirimli),2,TYT,93,,,,"18, 21, 64",2058819,213.40584,*,MEDEK
202490758,  Mahkeme Büro Hizmetleri (Burslu),2,TYT,10,,2,,"18, 21, 64",635015,320.02027,,
202490765,  Mahkeme Büro Hizmetleri (%50 İndirimli),2,TYT,68,,,,"18, 21, 64",,,,
202454317,  Makine (Burslu),2,TYT,13,,2,,"18, 21, 64",429357,345.24960,*,MEDEK
202490653,  Makine (%50 İndirimli),2,TYT,86,,,,"18, 21, 64",1872483,227.35268,*,MEDEK
202453134,  Mimari Restorasyon (Burslu),2,TYT,12,,2,,"18, 21, 64",530740,331.73249,,MEDEK
202451483,  Mimari Restorasyon (%50 İndirimli),2,TYT,82,,,,"18, 21, 64",,,,MEDEK
202451923,  Moda Tasarımı (Burslu),2,TYT,13,,2,,"18, 21, 64",510051,334.29339,,
202452172,  Moda Tasarımı (%50 İndirimli),2,TYT,86,,,,"18, 21, 64",,,,
202453179,  Muhasebe ve Vergi Uygulamaları (Burslu),2,TYT,11,,2,,"18, 21, 64",530848,331.72069,,MEDEK
202451526,  Muhasebe ve Vergi Uygulamaları (%50 İndirimli),2,TYT,73,,,,"18, 21, 64",2007837,217.41491,,MEDEK
202453213,  Otomotiv Teknolojisi (Burslu),2,TYT,13,,2,,"18, 21, 64",487156,337.25978,*,MEDEK
202490655,  Otomotiv Teknolojisi (%50 İndirimli),2,TYT,86,,,,"18, 21, 64",1530739,250.81489,*,MEDEK
202450643,  Pazarlama (Burslu),2,TYT,11,,2,,"18, 21, 64",593055,324.52085,,MEDEK
202490657,  Pazarlama (%50 İndirimli),2,TYT,76,,,,"18, 21, 64",,,,MEDEK
202453319,  Saç Bakımı ve Güzellik Hizmetleri (Burslu),2,TYT,13,,2,,"18, 21, 64",606661,323.04703,,
202451765,  Saç Bakımı ve Güzellik Hizmetleri (%50 İndirimli),2,TYT,86,,,,"18, 21, 64",2110815,209.07601,,
202490961,  Siber Güvenlik (Burslu),2,TYT,7,,1,,"18, 21, 64",264605,374.53528,,
202490968,  Siber Güvenlik (%50 İndirimli),2,TYT,42,,,,"18, 21, 64",1679810,240.66669,,
202457435,  Sivil Hava Ulaştırma İşletmeciliği (Burslu),2,TYT,16,,2,,"10, 18, 21, 64",414258,347.49562,*,MEDEK
202457444,  Sivil Hava Ulaştırma İşletmeciliği (%50 İndirimli),2,TYT,104,,,,"10, 18, 21, 64",1139736,277.86890,*,MEDEK
202457365,  Sivil Hava Ulaştırma İşletmeciliği (İngilizce) (Burslu),2,TYT,16,,2,,"10, 18, 21, 22, 23, 24, 64",374455,353.76342,*,MEDEK
202457374,  Sivil Hava Ulaştırma İşletmeciliği (İngilizce) (%50 İndirimli),2,TYT,104,,,,"10, 18, 21, 22, 23, 24, 64",1590854,246.73236,*,MEDEK
202456067,  Sivil Havacılık Kabin Hizmetleri (Burslu),2,TYT,16,,2,,"10, 18, 21, 64",370710,354.37760,,
202456085,  Sivil Havacılık Kabin Hizmetleri (%50 İndirimli),2,TYT,104,,,,"10, 18, 21, 64",840741,300.88435,,
202450749,  Turist Rehberliği (İngilizce) (Burslu),2,TYT,11,,2,,"18, 21, 22, 23, 24, 64",445202,342.95978,,
202452269,  Turist Rehberliği (İngilizce) (%50 İndirimli),2,TYT,76,,,,"18, 21, 22, 23, 24, 64",,,,
202450785,  Turizm ve Otel İşletmeciliği (Burslu),2,TYT,9,,2,,"18, 21, 64",587878,325.09406,*,MEDEK
202452409,  Turizm ve Otel İşletmeciliği (%50 İndirimli),2,TYT,65,,,,"18, 21, 64",,,*,MEDEK
202456013,  Uçak Teknolojisi (Burslu),2,TYT,16,,2,,"10, 18, 21, 64",254105,376.90070,,
202490695,  Uçak Teknolojisi (%50 İndirimli),2,TYT,104,,,,"10, 18, 21, 64",802700,304.13438,,
202490975,  Uçuş Harekat Yöneticiliği (Burslu),2,TYT,7,,1,,"10, 18, 21, 64",463878,340.37016,,
202490982,  Uçuş Harekat Yöneticiliği (%50 İndirimli),2,TYT,42,,,,"10, 18, 21, 64",2199719,200.39681,,
202400255,  Yat Kaptanlığı (Burslu),2,TYT,4,,1,,"18, 21, 64",...,----,,
202400262,  Yat Kaptanlığı (%50 İndirimli),2,TYT,25,,,,"18, 21, 64",...,----,,
,SAĞLIK HİZMETLERİ MESLEK YÜKSEKOKULU,,,,,,,,,,,
202454944,  Ağız ve Diş Sağlığı (Burslu),2,TYT,10,,1,,"18, 21, 64",470435,339.48064,,
202454962,  Ağız ve Diş Sağlığı (%50 İndirimli),2,TYT,61,,,,"18, 21, 64",...,----,,
202456534,  Ameliyathane Hizmetleri (Burslu),2,TYT,10,,1,,"18, 21, 64",555018,328.85074,*,MEDEK
202456543,  Ameliyathane Hizmetleri (%50 İndirimli),2,TYT,61,,,,"18, 21, 64",,,*,MEDEK
202455033,  Anestezi (Ücretli),2,TYT,53,,,,"18, 64",1877159,227.02182,,
202455042,  Anestezi (Burslu),2,TYT,10,,1,,"18, 21, 64",336242,360.36161,,
202455078,  Anestezi (%25 İndirimli),2,TYT,8,,,,"18, 21, 64",...,----,,
202455148,  Diş Protez Teknolojisi (Burslu),2,TYT,10,,2,,"18, 21, 64",375305,353.62043,,
202455166,  Diş Protez Teknolojisi (%50 İndirimli),2,TYT,68,,,,"18, 21, 64",1284511,267.68920,,
202456613,  Diyaliz (Burslu),2,TYT,10,,1,,"18, 21, 64",623068,321.29068,,
202456622,  Diyaliz (%50 İndirimli),2,TYT,61,,,,"18, 21, 64",,,,
202457532,  Eczane Hizmetleri (Burslu),2,TYT,9,,1,,"18, 21, 64",571572,326.92490,,
202490664,  Eczane Hizmetleri (%50 İndirimli),2,TYT,58,,,,"18, 21, 64",,,,
202456694,  Elektronörofizyoloji (Burslu),2,TYT,10,,2,,"18, 21, 64",666974,316.73103,,
202490665,  Elektronörofizyoloji (%50 İndirimli),2,TYT,68,,,,"18, 21, 64",,,,
202455245,  Fizyoterapi (Burslu),2,TYT,10,,1,,"18, 21, 64",460454,340.84328,,
202455263,  Fizyoterapi (%50 İndirimli),2,TYT,61,,,,"18, 21, 64",...,----,,
202456101,  İlk ve Acil Yardım (Ücretli),2,TYT,61,,,,"18, 64",1657000,242.22408,*,MEDEK
202456119,  İlk ve Acil Yardım (Burslu),2,TYT,10,,1,,"18, 21, 64",384156,352.18552,*,MEDEK
202456949,  Odyometri (Burslu),2,TYT,10,,2,,"18, 21, 64",660814,317.34945,,
202456967,  Odyometri (%50 İndirimli),2,TYT,68,,,,"18, 21, 64",,,,
202456367,  Optisyenlik (Burslu),2,TYT,10,,2,,"18, 21, 64",561633,328.07833,,
202456385,  Optisyenlik (%50 İndirimli),2,TYT,68,,,,"18, 21, 64",,,,
202456216,  Ortopedik Protez ve Ortez (Burslu),2,TYT,10,,2,,"18, 21, 64",675683,315.86428,,
202456234,  Ortopedik Protez ve Ortez (%50 İndirimli),2,TYT,68,,,,"18, 21, 64",,,,
202456746,  Patoloji Laboratuvar Teknikleri (Burslu),2,TYT,10,,1,,"18, 21, 64",596513,324.15009,*,MEDEK
202456764,  Patoloji Laboratuvar Teknikleri (%50 İndirimli),2,TYT,61,,,,"18, 21, 64",,,*,MEDEK
202455448,  Radyoterapi (Burslu),2,TYT,10,,2,,"18, 21, 64",638793,319.63138,,
202455466,  Radyoterapi (%50 İndirimli),2,TYT,68,,,,"18, 21, 64",,,,
202457286,  Sosyal Hizmetler (Burslu),2,TYT,10,,2,,"18, 21, 64",698990,313.59396,,
202457295,  Sosyal Hizmetler (%50 İndirimli),2,TYT,68,,,,"18, 21, 64",,,,
202457092,  Tıbbi Dokümantasyon ve Sekreterlik (Burslu),2,TYT,10,,1,,"18, 21, 64",491367,336.70131,,
202457108,  Tıbbi Dokümantasyon ve Sekreterlik (%50 İndirimli),2,TYT,61,,,,"18, 21, 64",,,,
202455545,  Tıbbi Görüntüleme Teknikleri (Burslu),2,TYT,10,,1,,"18, 21, 64",406459,348.68069,,
202455563,  Tıbbi Görüntüleme Teknikleri (%50 İndirimli),2,TYT,61,,,,"18, 21, 64",1710200,238.59685,,
202455642,  Tıbbi Laboratuvar Teknikleri (Burslu),2,TYT,9,,1,,"18, 21, 64",485854,337.42540,*,MEDEK
202455669,  Tıbbi Laboratuvar Teknikleri (%50 İndirimli),2,TYT,58,,,,"18, 21, 64",,,*,MEDEK
,İSTANBUL BEYKENT ÜNİVERSİTESİ (Vakıf Üniversitesi) ,,,,,,,,,,,YÖKAK
,MESLEK YÜKSEKOKULU,,,,,,,,,,,
210300115,  Ağız ve Diş Sağlığı (Burslu),2,TYT,10,,1,,"18, 21, 64",474417,338.94977,,
210300122,  Ağız ve Diş Sağlığı (%50 İndirimli),2,TYT,60,,,,"18, 21, 64",2053280,213.85136,,
210300143,  Ameliyathane Hizmetleri (Burslu),2,TYT,10,,1,,"18, 21, 64",572536,326.81926,*,MEDEK
210300150,  Ameliyathane Hizmetleri (%50 İndirimli),2,TYT,60,,,,"18, 21, 64",,,*,MEDEK
210300171,  Anestezi (Burslu),2,TYT,10,,1,,"18, 21, 64",360959,356.04525,,
210302075,  Anestezi (%50 İndirimli),2,TYT,60,,,,"18, 21, 64",1366775,262.00729,,
210300206,  Aşçılık (Burslu),2,TYT,7,,1,,"18, 21, 64",542416,330.33739,*,TUADER
210300213,  Aşçılık (%50 İndirimli),2,TYT,48,,,,"18, 21, 64",,,*,TUADER
210300234,  Bankacılık ve Sigortacılık (Burslu),2,TYT,7,,1,,"18, 21, 64",607950,322.90862,,
210300241,  Bankacılık ve Sigortacılık (%50 İndirimli),2,TYT,46,,,,"18, 21, 64",,,,
210302460,  Bilgisayar Destekli Tasarım ve Animasyon (Burslu),2,TYT,7,,1,,"18, 21, 64",548181,329.65826,,
210302467,  Bilgisayar Destekli Tasarım ve Animasyon (%50 İndirimli),2,TYT,48,,,,"18, 21, 64",,,,
210300290,  Bilgisayar Programcılığı (Burslu),2,TYT,14,,2,,"18, 21, 64",341558,359.41613,*,MEDEK
210300297,  Bilgisayar Programcılığı (%50 İndirimli),2,TYT,87,,,,"18, 21, 64",2190246,201.44758,*,MEDEK
210302152,  Bilgisayar Teknolojisi (Burslu),2,TYT,5,,1,,"18, 21, 64, 320",423106,346.17921,,
210302159,  Bilgisayar Teknolojisi (%50 İndirimli),2,TYT,34,,,,"18, 21, 64, 320",,,,
210302166,  Bilişim Güvenliği Teknolojisi (Burslu),2,TYT,5,,1,,"18, 21, 64",406302,348.70507,,
210302173,  Bilişim Güvenliği Teknolojisi (%50 İndirimli),2,TYT,34,,,,"18, 21, 64",,,,
210302180,  Biyomedikal Cihaz Teknolojisi (Burslu),2,TYT,5,,1,,"18, 21, 64",728404,310.80327,,
210302187,  Biyomedikal Cihaz Teknolojisi (%50 İndirimli),2,TYT,34,,,,"18, 21, 64",,,,
210302194,  Cnc Programlama ve Operatörlüğü (Burslu),2,TYT,10,,2,,"18, 21, 64",698380,313.65259,,
210302201,  Cnc Programlama ve Operatörlüğü (%50 İndirimli),2,TYT,67,,,,"18, 21, 64",,,,
210302208,  Çevresel Ölçüm ve İzleme Sistemleri Teknikerliği (Burslu),2,TYT,5,,1,,"18, 21, 64",1460230,255.62509,,
210302215,  Çevresel Ölçüm ve İzleme Sistemleri Teknikerliği (%50 İndirimli),2,TYT,34,,,,"18, 21, 64",,,,
210300318,  Çocuk Gelişimi (Burslu),2,TYT,7,,1,,"18, 21, 64",693933,314.07665,,
210300325,  Çocuk Gelişimi (%50 İndirimli),2,TYT,42,,,,"18, 21, 64",,,,
210300360,  Dış Ticaret (Burslu),2,TYT,10,,2,,"18, 21, 64",615343,322.11823,,
210300367,  Dış Ticaret (%50 İndirimli),2,TYT,67,,,,"18, 21, 64",,,,
210300388,  Diş Protez Teknolojisi (Burslu),2,TYT,10,,2,,"18, 21, 64",419725,346.68120,,
210300395,  Diş Protez Teknolojisi (%50 İndirimli),2,TYT,67,,,,"18, 21, 64",1413585,258.81813,,
210300416,  Diyaliz (Burslu),2,TYT,6,,1,,"18, 21, 64",643525,319.13340,,
210300423,  Diyaliz (%50 İndirimli),2,TYT,37,,,,"18, 21, 64",,,,
210302222,  Doğalgaz ve Tesisatı Teknolojisi (Burslu),2,TYT,5,,1,,"18, 21, 64",1192246,274.10798,,
210302229,  Doğalgaz ve Tesisatı Teknolojisi (%50 İndirimli),2,TYT,34,,,,"18, 21, 64",,,,
210300444,  Eczane Hizmetleri (Burslu),2,TYT,9,,1,,"18, 21, 64",602316,323.51601,,
210300451,  Eczane Hizmetleri (%50 İndirimli),2,TYT,57,,,,"18, 21, 64",,,,
210300472,  Elektronörofizyoloji (Burslu),2,TYT,4,,1,,"18, 21, 64",633885,320.13783,,
210300479,  Elektronörofizyoloji (%50 İndirimli),2,TYT,31,,,,"18, 21, 64",,,,
210302236,  Endüstri Ürünleri Tasarımı (Burslu),2,TYT,5,,1,,"18, 21, 64",669768,316.46027,,
210302243,  Endüstri Ürünleri Tasarımı (%50 İndirimli),2,TYT,34,,,,"18, 21, 64",,,,
210302250,  Enerji Tesisleri İşletmeciliği (Burslu),2,TYT,7,,1,,"18, 21, 64",1047569,284.60110,,
210302257,  Enerji Tesisleri İşletmeciliği (%50 İndirimli),2,TYT,48,,,,"18, 21, 64",,,,
210300486,  Fizyoterapi (Burslu),2,TYT,10,,1,,"18, 21, 64",551792,329.23196,,
210300493,  Fizyoterapi (%50 İndirimli),2,TYT,60,,,,"18, 21, 64",,,,
210300514,  Grafik Tasarımı (Burslu),2,TYT,8,,1,,"18, 21, 64",546437,329.86069,,İLAD
210300521,  Grafik Tasarımı (%50 İndirimli),2,TYT,54,,,,"18, 21, 64",,,,İLAD
210300542,  Halkla İlişkiler ve Tanıtım (Burslu),2,TYT,4,,1,,"18, 21, 64",669629,316.47391,,
210300549,  Halkla İlişkiler ve Tanıtım (%50 İndirimli),2,TYT,29,,,,"18, 21, 64",,,,
210302264,  Hibrid ve Elektrikli Taşıtlar Teknolojisi (Burslu),2,TYT,5,,1,,"18, 21, 64",568307,327.29898,,
210302271,  Hibrid ve Elektrikli Taşıtlar Teknolojisi (%50 İndirimli),2,TYT,34,,,,"18, 21, 64",,,,
210300570,  İç Mekan Tasarımı (Burslu),2,TYT,8,,1,,"18, 21, 64",626794,320.89213,,
210300577,  İç Mekan Tasarımı (%50 İndirimli),2,TYT,48,,,,"18, 21, 64",,,,
210300584,  İlk ve Acil Yardım (Burslu),2,TYT,10,,1,,"18, 21, 64",416834,347.10788,*,MEDEK
210302082,  İlk ve Acil Yardım (%50 İndirimli),2,TYT,60,,,,"18, 21, 64",1789538,233.15337,*,MEDEK
210300619,  İnsan Kaynakları Yönetimi (Burslu),2,TYT,7,,1,,"18, 21, 64",653498,318.09491,,
210300626,  İnsan Kaynakları Yönetimi (%50 İndirimli),2,TYT,42,,,,"18, 21, 64",,,,
210302278,  İnsansız Hava Aracı Teknolojisi ve Operatörlüğü (Burslu),2,TYT,5,,1,,"18, 21, 64",507647,334.59632,,
210302285,  İnsansız Hava Aracı Teknolojisi ve Operatörlüğü (%50 İndirimli),2,TYT,34,,,,"18, 21, 64",,,,
210300689,  İşletme Yönetimi (Burslu),2,TYT,8,,1,,"18, 21, 64",620588,321.55643,,
210300696,  İşletme Yönetimi (%50 İndirimli),2,TYT,47,,,,"18, 21, 64",,,,
210300703,  Lojistik (Burslu),2,TYT,10,,2,,"18, 21, 64",633668,320.16331,,
210300710,  Lojistik (%50 İndirimli),2,TYT,67,,,,"18, 21, 64",,,,
210302096,  Mahkeme Büro Hizmetleri (Burslu),2,TYT,4,,1,,"18, 21, 64",651379,318.31508,,
210302103,  Mahkeme Büro Hizmetleri (%50 İndirimli),2,TYT,25,,,,"18, 21, 64",,,,
210302292,  Mekatronik (Burslu),2,TYT,5,,1,,"18, 21, 64",504082,335.05536,,
210302299,  Mekatronik (%50 İndirimli),2,TYT,34,,,,"18, 21, 64",2178315,202.71004,,
210300759,  Mimari Restorasyon (Burslu),2,TYT,5,,1,,"18, 21, 64",635433,319.97610,,
210300766,  Mimari Restorasyon (%50 İndirimli),2,TYT,37,,,,"18, 21, 64",,,,
210300787,  Moda Tasarımı (Burslu),2,TYT,7,,1,,"18, 21, 64",565389,327.64089,,
210300794,  Moda Tasarımı (%50 İndirimli),2,TYT,48,,,,"18, 21, 64",,,,
210300815,  Odyometri (Burslu),2,TYT,6,,1,,"18, 21, 64",645742,318.90599,,
210300822,  Odyometri (%50 İndirimli),2,TYT,42,,,,"18, 21, 64",,,,
210300829,  Optisyenlik (Burslu),2,TYT,10,,2,,"18, 21, 64",578628,326.12521,,
210300836,  Optisyenlik (%50 İndirimli),2,TYT,67,,,,"18, 21, 64",,,,
210300857,  Ortopedik Protez ve Ortez (Burslu),2,TYT,5,,1,,"18, 21, 64",700804,313.42016,,
210300864,  Ortopedik Protez ve Ortez (%50 İndirimli),2,TYT,37,,,,"18, 21, 64",,,,
210302306,  Otomotiv Teknolojisi (Burslu),2,TYT,7,,1,,"18, 21, 64",593431,324.48267,,
210302313,  Otomotiv Teknolojisi (%50 İndirimli),2,TYT,42,,,,"18, 21, 64",,,,
210302320,  Oyun Geliştirme ve Programlama (Burslu),2,TYT,7,,1,,"18, 21, 64, 320",518762,333.20737,,
210302327,  Oyun Geliştirme ve Programlama (%50 İndirimli),2,TYT,42,,,,"18, 21, 64, 320",,,,
210302474,  Pastacılık ve Ekmekçilik (Burslu),2,TYT,4,,1,,"18, 21, 64",...,----,,
210302481,  Pastacılık ve Ekmekçilik (%50 İndirimli),2,TYT,25,,,,"18, 21, 64",...,----,,
210300871,  Patoloji Laboratuvar Teknikleri (Burslu),2,TYT,8,,1,,"18, 21, 64",639936,319.51256,*,MEDEK
210300878,  Patoloji Laboratuvar Teknikleri (%50 İndirimli),2,TYT,53,,,,"18, 21, 64",,,*,MEDEK
210300927,  Radyoterapi (Burslu),2,TYT,10,,2,,"18, 21, 64",660922,317.33738,,
210300934,  Radyoterapi (%50 İndirimli),2,TYT,64,,,,"18, 21, 64",,,,
210302488,  Saç Bakımı ve Güzellik Hizmetleri (Burslu),2,TYT,4,,1,,"18, 21, 64",...,----,,
210302495,  Saç Bakımı ve Güzellik Hizmetleri (%50 İndirimli),2,TYT,25,,,,"18, 21, 64",...,----,,
210300969,  Sivil Hava Ulaştırma İşletmeciliği (Burslu),2,TYT,6,,1,,"10, 18, 21, 64",488503,337.07554,,
210300976,  Sivil Hava Ulaştırma İşletmeciliği (%50 İndirimli),2,TYT,42,,,,"10, 18, 21, 64",1623602,244.50249,,
210300997,  Sivil Havacılık Kabin Hizmetleri (Burslu),2,TYT,10,,2,,"10, 18, 21, 64",438749,343.85387,,
210301004,  Sivil Havacılık Kabin Hizmetleri (%50 İndirimli),2,TYT,67,,,,"10, 18, 21, 64",1428755,257.77933,,
210302334,  Su ve Atık Yönetimi Teknikerliği (Burslu),2,TYT,5,,1,,"18, 21, 64",1239589,270.81368,,
210302341,  Su ve Atık Yönetimi Teknikerliği (%50 İndirimli),2,TYT,34,,,,"18, 21, 64",,,,
210301039,  Tekstil Teknolojisi (Burslu),2,TYT,6,,1,,"18, 21, 64",700066,313.48946,,
210301046,  Tekstil Teknolojisi (%50 İndirimli),2,TYT,38,,,,"18, 21, 64",,,,
210301081,  Tıbbi Görüntüleme Teknikleri (Burslu),2,TYT,10,,1,,"18, 21, 64",454800,341.63011,,
210301088,  Tıbbi Görüntüleme Teknikleri (%50 İndirimli),2,TYT,60,,,,"18, 21, 64",2124015,207.91854,,
210301109,  Tıbbi Laboratuvar Teknikleri (Burslu),2,TYT,9,,1,,"18, 21, 64",538642,330.78417,*,MEDEK
210301116,  Tıbbi Laboratuvar Teknikleri (%50 İndirimli),2,TYT,57,,,,"18, 21, 64",,,*,MEDEK
210302502,  Tıbbi Veri İşleme Teknikerliği (Burslu),2,TYT,9,,1,,"18, 21, 64",533826,331.37309,,
210302509,  Tıbbi Veri İşleme Teknikerliği (%50 İndirimli),2,TYT,56,,,,"18, 21, 64",,,,
210302110,  Turist Rehberliği (Burslu),2,TYT,5,,1,,"18, 21, 64",514805,333.69322,,
210302117,  Turist Rehberliği (%50 İndirimli),2,TYT,34,,,,"18, 21, 64",,,,
210302516,  Turizm ve Otel İşletmeciliği (Burslu),2,TYT,4,,1,,"18, 21, 64",688732,314.57907,,
210302523,  Turizm ve Otel İşletmeciliği (%50 İndirimli),2,TYT,31,,,,"18, 21, 64",,,,
210302124,  Yapay Zeka Operatörlüğü (Burslu),2,TYT,5,,1,,"18, 21, 64, 320",381672,352.57429,,
210302131,  Yapay Zeka Operatörlüğü (%50 İndirimli),2,TYT,34,,,,"18, 21, 64, 320",,,,
210302138,  Yapı Yalıtım Teknolojisi (Burslu),2,TYT,7,,1,,"18, 21, 64",1389454,260.46370,,
210302145,  Yapı Yalıtım Teknolojisi (%50 İndirimli),2,TYT,48,,,,"18, 21, 64",,,,
,İSTANBUL BİLGİ ÜNİVERSİTESİ (Vakıf Üniversitesi) ,,,,,,,,,,,YÖKAK
,MESLEK YÜKSEKOKULU,,,,,,,,,,,
202551773,  Aşçılık (Burslu),2,TYT,10,,1,,"21, 64",345609,358.68779,,
202552214,  Aşçılık (%50 İndirimli),2,TYT,59,,,,"21, 64",,,,
202552011,  Bankacılık ve Sigortacılık (Burslu),2,TYT,7,,1,,"21, 64",436565,344.17178,,
202590251,  Bankacılık ve Sigortacılık (%50 İndirimli),2,TYT,41,,,,"21, 64",2240638,195.16010,,
202550369,  Bilgisayar Programcılığı (Burslu),2,TYT,12,,2,,"21, 64",233067,381.79425,,
202590253,  Bilgisayar Programcılığı (%50 İndirimli),2,TYT,81,,,,"21, 64",1176169,275.25992,,
202590223,  Bilişim Güvenliği Teknolojisi (Burslu),2,TYT,10,,2,,"21, 64",282705,370.70898,,
202590224,  Bilişim Güvenliği Teknolojisi (%50 İndirimli),2,TYT,68,,,,"21, 64",,,,
202590470,  Büyük Veri Analistliği (Burslu),2,TYT,5,,1,,"21, 64, 320",334991,360.58667,,
202590477,  Büyük Veri Analistliği (%50 İndirimli),2,TYT,34,,,,"21, 64, 320",,,,
202500101,  Dış Ticaret (Burslu),2,TYT,5,,1,,"21, 64",258513,375.91130,,
202500108,  Dış Ticaret (%50 İndirimli),2,TYT,34,,,,"21, 64",,,,
202590280,  E-Ticaret ve Pazarlama (Burslu),2,TYT,5,,1,,"21, 64",327492,361.95744,,
202590281,  E-Ticaret ve Pazarlama (%50 İndirimli),2,TYT,34,,,,"21, 64",,,,
202551816,  Grafik Tasarımı (Burslu),2,TYT,8,,1,,"21, 64",317025,363.92124,,
202590254,  Grafik Tasarımı (%50 İndirimli),2,TYT,51,,,,"21, 64",,,,
202500115,  Halkla İlişkiler ve Tanıtım (Burslu),2,TYT,3,,,,"21, 64",277580,371.76518,,
202500122,  Halkla İlişkiler ve Tanıtım (%50 İndirimli),2,TYT,16,,,,"21, 64",,,,
202552092,  İç Mekan Tasarımı (Burslu),2,TYT,8,,1,,"21, 64",406819,348.63122,,
202590256,  İç Mekan Tasarımı (%50 İndirimli),2,TYT,51,,,,"21, 64",,,,
202551852,  İnşaat Teknolojisi (Burslu),2,TYT,5,,1,,"21, 64",381029,352.67546,,
202590257,  İnşaat Teknolojisi (%50 İndirimli),2,TYT,34,,,,"21, 64",,,,
202590288,  İşletme Yönetimi (Burslu),2,TYT,5,,1,,"21, 64",360636,356.09859,,
202590295,  İşletme Yönetimi (%50 İndirimli),2,TYT,34,,,,"21, 64",,,,
202551897,  Mimari Restorasyon (Burslu),2,TYT,4,,1,,"21, 64",437481,344.04047,,
202590259,  Mimari Restorasyon (%50 İndirimli),2,TYT,30,,,,"21, 64",,,,
202551931,  Moda Tasarımı (Burslu),2,TYT,7,,1,,"21, 64",330914,361.34028,,
202590261,  Moda Tasarımı (%50 İndirimli),2,TYT,47,,,,"21, 64",1758611,235.28001,,
202551976,  Muhasebe ve Vergi Uygulamaları (Burslu),2,TYT,5,,1,,"21, 64",440889,343.55143,,
202590263,  Muhasebe ve Vergi Uygulamaları (%50 İndirimli),2,TYT,34,,,,"21, 64",,,,
202590484,  Oyun Geliştirme ve Programlama (Burslu),2,TYT,5,,1,,"21, 64, 320",311320,364.99295,,
202590491,  Oyun Geliştirme ve Programlama (%50 İndirimli),2,TYT,34,,,,"21, 64, 320",,,,
202551225,  Sivil Hava Ulaştırma İşletmeciliği (Burslu),2,TYT,7,,1,,"10, 21, 64",327441,361.96812,,
202590265,  Sivil Hava Ulaştırma İşletmeciliği (%50 İndirimli),2,TYT,46,,,,"10, 21, 64",1588380,246.89833,,
202551182,  Sivil Havacılık Kabin Hizmetleri (Burslu),2,TYT,10,,1,,"10, 21, 64",348409,358.19955,,
202590267,  Sivil Havacılık Kabin Hizmetleri (%50 İndirimli),2,TYT,59,,,,"10, 21, 64",1174873,275.35081,,
,SAĞLIK HİZMETLERİ MESLEK YÜKSEKOKULU,,,,,,,,,,,
202551304,  Ağız ve Diş Sağlığı (Burslu),2,TYT,9,,1,,"21, 64",464027,340.35120,,
202551297,  Ağız ve Diş Sağlığı (%50 İndirimli),2,TYT,55,,,,"21, 64",2065259,212.88478,,
202550748,  Ameliyathane Hizmetleri (Burslu),2,TYT,5,,1,,"21, 64",584231,325.50416,,
202550739,  Ameliyathane Hizmetleri (%50 İndirimli),2,TYT,34,,,,"21, 64",,,,
202550775,  Anestezi (Burslu),2,TYT,8,,1,,"21, 64",379536,352.92195,,
202550784,  Anestezi (%50 İndirimli),2,TYT,51,,,,"21, 64",1724895,237.59485,,
202551349,  Çocuk Gelişimi (Burslu),2,TYT,4,,1,,"21, 64",554268,328.93584,,
202551331,  Çocuk Gelişimi (%50 İndirimli),2,TYT,25,,,,"21, 64",,,,
202551534,  Diş Protez Teknolojisi (Burslu),2,TYT,10,,1,,"21, 64",384637,352.10492,,
202590270,  Diş Protez Teknolojisi (%50 İndirimli),2,TYT,64,,,,"21, 64",1451797,256.18676,,
202550818,  Diyaliz (Burslu),2,TYT,9,,1,,"21, 64",590170,324.83650,,
202550827,  Diyaliz (%50 İndirimli),2,TYT,20,,,,"21, 64",,,,
202551385,  Fizyoterapi (Burslu),2,TYT,5,,1,,"21, 64",476170,338.72126,,
202551376,  Fizyoterapi (%50 İndirimli),2,TYT,34,,,,"21, 64",,,,
202550854,  İlk ve Acil Yardım (Burslu),2,TYT,7,,1,,"21, 64",404632,348.94724,,
202550863,  İlk ve Acil Yardım (%50 İndirimli),2,TYT,41,,,,"21, 64",1675421,240.96243,,
202551464,  Odyometri (Burslu),2,TYT,9,,1,,"21, 64",628117,320.74676,,
202551455,  Odyometri (%50 İndirimli),2,TYT,20,,,,"21, 64",,,,
202551094,  Optisyenlik (Burslu),2,TYT,5,,1,,"21, 64",460905,340.78148,,
202551101,  Optisyenlik (%50 İndirimli),2,TYT,34,,,,"21, 64",,,,
202551507,  Patoloji Laboratuvar Teknikleri (Burslu),2,TYT,9,,1,,"21, 64",607572,322.95160,,
202551491,  Patoloji Laboratuvar Teknikleri (%50 İndirimli),2,TYT,20,,,,"21, 64",,,,
202551058,  Tıbbi Görüntüleme Teknikleri (Burslu),2,TYT,9,,1,,"21, 64",431376,344.95472,,
202551067,  Tıbbi Görüntüleme Teknikleri (%50 İndirimli),2,TYT,55,,,,"21, 64",2098778,210.09187,,
202551013,  Tıbbi Laboratuvar Teknikleri (Burslu),2,TYT,4,,1,,"21, 64",526716,332.22289,,
202551022,  Tıbbi Laboratuvar Teknikleri (%50 İndirimli),2,TYT,29,,,,"21, 64",,,,
,İSTANBUL ESENYURT ÜNİVERSİTESİ (Vakıf Üniversitesi) ,,,,,,,,,,,
,BİLİŞİM TEKNOLOJİLERİ MESLEK YÜKSEKOKULU,,,,,,,,,,,
207590569,  Bilgisayar Destekli Tasarım ve Animasyon (Burslu),2,TYT,3,,,,"18, 21, 64",637144,319.80127,,
207590576,  Bilgisayar Destekli Tasarım ve Animasyon (%50 İndirimli),2,TYT,20,,,,"18, 21, 64",,,,
207590590,  Bilgisayar Programcılığı (Ücretli),2,TYT,10,,,,"18, 64",,,,
207590583,  Bilgisayar Programcılığı (Burslu),2,TYT,9,,2,,"18, 21, 64",489846,336.89796,,
207590597,  Bilgisayar Programcılığı (%50 İndirimli),2,TYT,55,,,,"18, 21, 64",1964098,220.70965,,
207590604,  Bilgisayar Teknolojisi (Burslu),2,TYT,3,,,,"18, 21, 64, 320",534550,331.28304,,
207590618,  Bilgisayar Teknolojisi (%50 İndirimli),2,TYT,20,,,,"18, 21, 64, 320",,,,
207590625,  Bilişim Güvenliği Teknolojisi (Burslu),2,TYT,3,,,,"18, 21, 64",564966,327.68998,,
207590639,  Bilişim Güvenliği Teknolojisi (%50 İndirimli),2,TYT,20,,,,"18, 21, 64",,,,
207590646,  İnsansız Hava Aracı Teknolojisi ve Operatörlüğü (Burslu),2,TYT,3,,1,,"18, 21, 64",638820,319.62820,,
207590653,  İnsansız Hava Aracı Teknolojisi ve Operatörlüğü (%50 İndirimli),2,TYT,25,,,,"18, 21, 64",,,,
207590660,  İnternet ve Ağ Teknolojileri (Burslu),2,TYT,3,,,,"18, 21, 64",579574,326.02428,,
207590667,  İnternet ve Ağ Teknolojileri (%50 İndirimli),2,TYT,20,,,,"18, 21, 64",,,,
207590674,  Oyun Geliştirme ve Programlama (Burslu),2,TYT,3,,,,"18, 21, 64, 320",713992,312.16675,,
207590681,  Oyun Geliştirme ve Programlama (%50 İndirimli),2,TYT,20,,,,"18, 21, 64, 320",,,,
207500101,  Robotik ve Yapay Zeka (Burslu),2,TYT,4,,1,,"18, 21, 64, 320",...,----,,
207500108,  Robotik ve Yapay Zeka (%50 İndirimli),2,TYT,25,,,,"18, 21, 64, 320",...,----,,
,MESLEK YÜKSEKOKULU,,,,,,,,,,,
207590688,  Akıllı Altyapılar Teknikerliği (Burslu),2,TYT,5,,,,"18, 21, 64",1150128,277.12406,,
207590695,  Akıllı Altyapılar Teknikerliği (%50 İndirimli),2,TYT,20,,,,"18, 21, 64",,,,
207550699,  Aşçılık (Burslu),2,TYT,4,,1,,"18, 21, 64",698514,313.64074,*,TUADER
207550715,  Aşçılık (%50 İndirimli),2,TYT,31,,,,"18, 21, 64",2278971,188.00182,*,TUADER
207590478,  Bankacılık ve Sigortacılık (Burslu),2,TYT,3,,1,,"18, 21, 64",679536,315.48358,,
207590485,  Bankacılık ve Sigortacılık (%50 İndirimli),2,TYT,22,,,,"18, 21, 64",,,,
207590345,  Ceza İnfaz ve Güvenlik Hizmetleri (Burslu),2,TYT,3,,,,"17, 18, 21, 64",742209,309.52856,,
207590352,  Ceza İnfaz ve Güvenlik Hizmetleri (%50 İndirimli),2,TYT,20,,,,"17, 18, 21, 64",1809314,231.77590,,
207550293,  Dış Ticaret (Burslu),2,TYT,3,,1,,"18, 21, 64",697692,313.71535,,
207550309,  Dış Ticaret (%50 İndirimli),2,TYT,25,,,,"18, 21, 64",,,,
207590702,"  Elektrik Enerjisi Üretim, İletim ve Dağıtımı (Burslu)",2,TYT,3,,,,"18, 21, 64",711730,312.38887,,
207590709,"  Elektrik Enerjisi Üretim, İletim ve Dağıtımı (%50 İndirimli)",2,TYT,20,,,,"18, 21, 64",,,,
207590170,  E-Ticaret ve Pazarlama (Burslu),2,TYT,5,,,,"18, 21, 64",751910,308.65415,,
207590177,  E-Ticaret ve Pazarlama (%50 İndirimli),2,TYT,19,,,,"18, 21, 64",,,,
207590506,  Gıda Teknolojisi (Burslu),2,TYT,5,,,,"18, 21, 64",757833,308.12121,,
207590513,  Gıda Teknolojisi (%50 İndirimli),2,TYT,15,,,,"18, 21, 64",,,,
207550187,  Grafik Tasarımı (Burslu),2,TYT,3,,,,"18, 21, 64",670332,316.40466,,
207550196,  Grafik Tasarımı (%50 İndirimli),2,TYT,20,,,,"18, 21, 64",,,,
207550327,  Halkla İlişkiler ve Tanıtım (Burslu),2,TYT,3,,,,"18, 21, 64",741154,309.62662,*,MEDEK
207550336,  Halkla İlişkiler ve Tanıtım (%50 İndirimli),2,TYT,19,,,,"18, 21, 64",,,*,MEDEK
207590527,  İnşaat Teknolojisi (Ücretli),2,TYT,5,,,,"18, 64",2286714,185.78971,,
207590520,  İnşaat Teknolojisi (Burslu),2,TYT,3,,1,,"18, 21, 64",559325,328.34067,,
207590534,  İnşaat Teknolojisi (%50 İndirimli),2,TYT,20,,,,"18, 21, 64",1870352,227.50553,,
207550381,  İşletme Yönetimi (Burslu),2,TYT,3,,,,"18, 21, 64",736328,310.07659,,
207550399,  İşletme Yönetimi (%50 İndirimli),2,TYT,20,,,,"18, 21, 64",,,,
207550415,  Lojistik (Burslu),2,TYT,3,,1,,"18, 21, 64",681163,315.32342,,
207550424,  Lojistik (%50 İndirimli),2,TYT,25,,,,"18, 21, 64",,,,
207500115,  Saç Bakımı ve Güzellik Hizmetleri (Burslu),2,TYT,4,,1,,"18, 21, 64",...,----,,
207500122,  Saç Bakımı ve Güzellik Hizmetleri (%50 İndirimli),2,TYT,25,,,,"18, 21, 64",...,----,,
207550724,  Sivil Hava Ulaştırma İşletmeciliği (Burslu),2,TYT,6,,1,,"10, 18, 21, 64",614304,322.23001,,
207550742,  Sivil Hava Ulaştırma İşletmeciliği (%50 İndirimli),2,TYT,42,,,,"10, 18, 21, 64",1927665,223.36183,,
207550751,  Sivil Havacılık Kabin Hizmetleri (Burslu),2,TYT,7,,1,,"10, 18, 21, 64",521528,332.85874,,
207550778,  Sivil Havacılık Kabin Hizmetleri (%50 İndirimli),2,TYT,48,,,,"10, 18, 21, 64",1550286,249.48059,,
207590120,  Turist Rehberliği (Burslu),2,TYT,3,,,,"18, 21, 64",530267,331.79211,*,TUADER
207590121,  Turist Rehberliği (%50 İndirimli),2,TYT,20,,,,"18, 21, 64",,,*,TUADER
207590716,  Uçuş Harekat Yöneticiliği (Burslu),2,TYT,3,,1,,"10, 18, 21, 64",731644,310.50395,,
207590723,  Uçuş Harekat Yöneticiliği (%50 İndirimli),2,TYT,25,,,,"10, 18, 21, 64",,,,
,SAĞLIK HİZMETLERİ MESLEK YÜKSEKOKULU,,,,,,,,,,,
207590254,  Ağız ve Diş Sağlığı (Ücretli),2,TYT,7,,,,"18, 64",,,,
207590261,  Ağız ve Diş Sağlığı (Burslu),2,TYT,8,,1,,"18, 21, 64",592188,324.61668,,
207590268,  Ağız ve Diş Sağlığı (%50 İndirimli),2,TYT,41,,,,"18, 21, 64",1952667,221.53467,,
207550018,  Ameliyathane Hizmetleri (Ücretli),2,TYT,8,,,,"18, 64",,,*,MEDEK
207550027,  Ameliyathane Hizmetleri (Burslu),2,TYT,10,,1,,"18, 21, 64",670458,316.39236,*,MEDEK
207550036,  Ameliyathane Hizmetleri (%50 İndirimli),2,TYT,53,,,,"18, 21, 64",2124881,207.83906,*,MEDEK
207550045,  Anestezi (Ücretli),2,TYT,8,,,,"18, 64",1762985,234.97955,,
207550054,  Anestezi (Burslu),2,TYT,10,,1,,"18, 21, 64",513329,333.88197,,
207550063,  Anestezi (%50 İndirimli),2,TYT,53,,,,"18, 21, 64",1387318,260.60743,,
207550478,  Çocuk Gelişimi (Burslu),2,TYT,3,,1,,"18, 21, 64",717171,311.86883,,
207550487,  Çocuk Gelişimi (%50 İndirimli),2,TYT,22,,,,"18, 21, 64",1897555,225.55431,,
207590275,  Diş Protez Teknolojisi (Ücretli),2,TYT,19,,,,"18, 64",1866027,227.81649,,
207590282,  Diş Protez Teknolojisi (Burslu),2,TYT,9,,1,,"18, 21, 64",514222,333.77074,,
207590289,  Diş Protez Teknolojisi (%50 İndirimli),2,TYT,40,,,,"18, 21, 64",1608930,245.49791,,
207590730,  Evde Hasta Bakımı (Burslu),2,TYT,3,,1,,"18, 21, 64",780507,306.07948,,
207590737,  Evde Hasta Bakımı (%50 İndirimli),2,TYT,25,,,,"18, 21, 64",,,,
207590142,  Fizyoterapi (Burslu),2,TYT,3,,1,,"18, 21, 64",616693,321.97384,,
207590149,  Fizyoterapi (%50 İndirimli),2,TYT,22,,,,"18, 21, 64",1730204,237.23383,,
207550072,  İlk ve Acil Yardım (Ücretli),2,TYT,40,,,,"18, 64",2034888,215.31452,*,MEDEK
207550081,  İlk ve Acil Yardım (Burslu),2,TYT,10,,1,,"18, 21, 64",515866,333.55956,*,MEDEK
207550099,  İlk ve Acil Yardım (%50 İndirimli),2,TYT,21,,,,"18, 21, 64",1006534,287.67422,*,MEDEK
207550203,  Tıbbi Dokümantasyon ve Sekreterlik (Burslu),2,TYT,5,,1,,"18, 21, 64",658931,317.54686,,
207550212,  Tıbbi Dokümantasyon ve Sekreterlik (%50 İndirimli),2,TYT,33,,,,"18, 21, 64",1938554,222.57417,,
207550106,  Tıbbi Görüntüleme Teknikleri (Ücretli),2,TYT,10,,,,"18, 64",,,,
207550115,  Tıbbi Görüntüleme Teknikleri (Burslu),2,TYT,10,,1,,"18, 21, 64",547890,329.69234,,
207550124,  Tıbbi Görüntüleme Teknikleri (%50 İndirimli),2,TYT,51,,,,"18, 21, 64",1675761,240.93819,,
207550142,  Tıbbi Laboratuvar Teknikleri (Burslu),2,TYT,5,,1,,"18, 21, 64",578221,326.17026,,
207550151,  Tıbbi Laboratuvar Teknikleri (%50 İndirimli),2,TYT,36,,,,"18, 21, 64",2055478,213.67425,,
,İSTANBUL GALATA ÜNİVERSİTESİ (Vakıf Üniversitesi) ,,,,,,,,,,,
,MESLEK YÜKSEKOKULU,,,,,,,,,,,
209810015,  Ağız ve Diş Sağlığı (Ücretli),2,TYT,1,,,,"18, 64",2053916,213.79862,,
209810016,  Ağız ve Diş Sağlığı (Burslu),2,TYT,6,,1,,"18, 21, 64",512886,333.93537,,
209810017,  Ağız ve Diş Sağlığı (%50 İndirimli),2,TYT,37,,,,"18, 21, 64",1949415,221.77631,,
209810018,  Anestezi (Ücretli),2,TYT,3,,,,"18, 64",1339154,263.90885,,
209810019,  Anestezi (Burslu),2,TYT,7,,1,,"18, 21, 64",442858,343.28313,,
209810020,  Anestezi (%50 İndirimli),2,TYT,42,,,,"18, 21, 64",1410971,258.99627,,
209810073,  Aşçılık (Ücretli),2,TYT,2,,,,"18, 64",1756980,235.39513,,
209810063,  Aşçılık (Burslu),2,TYT,6,,1,,"18, 21, 64",536896,330.99293,,
209810064,  Aşçılık (%50 İndirimli),2,TYT,40,,,,"18, 21, 64",,,,
209810192,  Dış Ticaret (Ücretli),2,TYT,1,,,,"18, 64",1900603,225.32807,,
209810185,  Dış Ticaret (Burslu),2,TYT,5,,1,,"18, 21, 64",674594,315.97819,,
209810199,  Dış Ticaret (%50 İndirimli),2,TYT,33,,,,"18, 21, 64",,,,
209810213,  Dijital Dönüşüm Elektroniği (Ücretli),2,TYT,1,,,,"18, 64, 320",,,,
209810206,  Dijital Dönüşüm Elektroniği (Burslu),2,TYT,3,,1,,"18, 21, 64, 320",700339,313.46319,,
209810220,  Dijital Dönüşüm Elektroniği (%50 İndirimli),2,TYT,24,,,,"18, 21, 64, 320",,,,
209810080,  Eczane Hizmetleri (Ücretli),2,TYT,1,,,,"18, 64",1775744,234.10084,,
209810065,  Eczane Hizmetleri (Burslu),2,TYT,4,,1,,"18, 21, 64",601520,323.59921,,
209810066,  Eczane Hizmetleri (%50 İndirimli),2,TYT,24,,,,"18, 21, 64",,,,
209810234,  E-Ticaret ve Pazarlama (Ücretli),2,TYT,1,,,,"18, 64",,,,
209810227,  E-Ticaret ve Pazarlama (Burslu),2,TYT,3,,1,,"18, 21, 64",651908,318.26144,,
209810241,  E-Ticaret ve Pazarlama (%50 İndirimli),2,TYT,24,,,,"18, 21, 64",,,,
209810021,  Fizyoterapi (Ücretli),2,TYT,1,,,,"18, 64",2265789,190.92107,,
209810022,  Fizyoterapi (Burslu),2,TYT,7,,1,,"18, 21, 64",568818,327.24079,,
209810023,  Fizyoterapi (%50 İndirimli),2,TYT,41,,,,"18, 21, 64",,,,
209810024,  İlk ve Acil Yardım (Ücretli),2,TYT,2,,,,"18, 64",1529250,250.92163,,
209810025,  İlk ve Acil Yardım (Burslu),2,TYT,7,,1,,"18, 21, 64",463614,340.40848,,
209810026,  İlk ve Acil Yardım (%50 İndirimli),2,TYT,44,,,,"18, 21, 64",1427877,257.84185,,
209810255,  Oyun Geliştirme ve Programlama (Ücretli),2,TYT,1,,,,"18, 64, 320",,,,
209810248,  Oyun Geliştirme ve Programlama (Burslu),2,TYT,3,,1,,"18, 21, 64, 320",547411,329.74867,,
209810262,  Oyun Geliştirme ve Programlama (%50 İndirimli),2,TYT,24,,,,"18, 21, 64, 320",,,,
209810276,  Ön-Yüz Yazılım Geliştirme (Ücretli),2,TYT,1,,,,"18, 64, 320",,,,
209810269,  Ön-Yüz Yazılım Geliştirme (Burslu),2,TYT,3,,1,,"18, 21, 64, 320",553065,329.08218,,
209810283,  Ön-Yüz Yazılım Geliştirme (%50 İndirimli),2,TYT,24,,,,"18, 21, 64, 320",,,,
209810027,  Tıbbi Görüntüleme Teknikleri (Ücretli),2,TYT,2,,,,"18, 64",,,,
209810028,  Tıbbi Görüntüleme Teknikleri (Burslu),2,TYT,7,,1,,"18, 21, 64",480355,338.16026,,
209810029,  Tıbbi Görüntüleme Teknikleri (%50 İndirimli),2,TYT,40,,,,"18, 21, 64",2036896,215.15545,,
209810297,  Tıbbi Veri İşleme Teknikerliği (Ücretli),2,TYT,1,,,,"18, 64",1419975,258.38077,,
209810290,  Tıbbi Veri İşleme Teknikerliği (Burslu),2,TYT,3,,1,,"18, 21, 64",646531,318.82054,,
209810304,  Tıbbi Veri İşleme Teknikerliği (%50 İndirimli),2,TYT,24,,,,"18, 21, 64",,,,
,İSTANBUL GEDİK ÜNİVERSİTESİ (Vakıf Üniversitesi) ,,,,,,,,,,,YÖKAK
,GEDİK MESLEK YÜKSEKOKULU,,,,,,,,,,,
201790600,  Ameliyathane Hizmetleri (Burslu),2,TYT,3,,1,,"18, 21, 64",597540,324.04076,,
201790607,  Ameliyathane Hizmetleri (%50 İndirimli),2,TYT,23,,,,"18, 21, 64",2107326,209.36476,,
201790186,  Anestezi (Ücretli),2,TYT,7,,,,"18, 64",1880561,226.77671,,
201790187,  Anestezi (Burslu),2,TYT,7,,1,,"18, 21, 64",448278,342.52596,,
201790327,  Anestezi (%50 İndirimli),2,TYT,39,,,,"18, 21, 64",1320251,265.20650,,
201790168,  Aşçılık (Burslu),2,TYT,6,,1,,"18, 21, 64",551473,329.27309,*,MEDEK
201790237,  Aşçılık (%50 İndirimli),2,TYT,42,,,,"18, 21, 64",,,*,MEDEK
201750501,  Bankacılık ve Sigortacılık (Burslu),2,TYT,6,,1,,"18, 21, 64",611393,322.54555,*,MEDEK
201750519,  Bankacılık ve Sigortacılık (%50 İndirimli),2,TYT,38,,,,"18, 21, 64",1867803,227.68679,*,MEDEK
201750616,  Bilgisayar Programcılığı (Ücretli),2,TYT,2,,,,"18, 64",1721060,237.85749,*,MEDEK
201750625,  Bilgisayar Programcılığı (Burslu),2,TYT,10,,2,,"18, 21, 64",331614,361.21098,*,MEDEK
201750652,  Bilgisayar Programcılığı (%50 İndirimli),2,TYT,66,,,,"18, 21, 64",1463274,255.42029,*,MEDEK
201790362,  Bilişim Güvenliği Teknolojisi (Ücretli),2,TYT,2,,,,"18, 64",1579791,247.47720,*,MEDEK
201790252,  Bilişim Güvenliği Teknolojisi (Burslu),2,TYT,9,,2,,"18, 21, 64",458380,341.13030,*,MEDEK
201790253,  Bilişim Güvenliği Teknolojisi (%50 İndirimli),2,TYT,63,,,,"18, 21, 64",,,*,MEDEK
201750979,  Biyomedikal Cihaz Teknolojisi (Burslu),2,TYT,5,,1,,"18, 21, 64",692910,314.17142,,
201750988,  Biyomedikal Cihaz Teknolojisi (%50 İndirimli),2,TYT,34,,,,"18, 21, 64",,,,
201751253,  Çocuk Gelişimi (Burslu),2,TYT,6,,1,,"18, 21, 64",662995,317.13227,,
201751262,  Çocuk Gelişimi (%50 İndirimli),2,TYT,41,,,,"18, 21, 64",2006263,217.53112,,
201700101,  Dış Ticaret (İngilizce) (Ücretli),2,TYT,5,,,,"18, 22, 23, 24, 64",...,----,,
201790212,  Dış Ticaret (İngilizce) (Burslu),2,TYT,6,,1,,"18, 21, 22, 23, 24, 64",485412,337.48771,,
201790213,  Dış Ticaret (İngilizce) (%50 İndirimli),2,TYT,36,,,,"18, 21, 22, 23, 24, 64",,,,
201750379,  Elektrik (Ücretli),2,TYT,4,,,,"18, 64",...,----,*,MEDEK
201750388,  Elektrik (Burslu),2,TYT,10,,1,,"18, 21, 64",485664,337.45242,*,MEDEK
201750397,  Elektrik (%50 İndirimli),2,TYT,57,,,,"18, 21, 64",1642058,243.24279,*,MEDEK
201750291,  Grafik Tasarımı (Burslu),2,TYT,8,,1,,"18, 21, 64",561936,328.04235,*,İLAD
201750307,  Grafik Tasarımı (%50 İndirimli),2,TYT,51,,,,"18, 21, 64",2164705,204.07310,*,İLAD
201790203,  İlk ve Acil Yardım (Ücretli),2,TYT,4,,,,"18, 64",1406523,259.29752,*,MEDEK
201790204,  İlk ve Acil Yardım (Burslu),2,TYT,8,,1,,"18, 21, 64",478765,338.37534,*,MEDEK
201790206,  İlk ve Acil Yardım (%50 İndirimli),2,TYT,46,,,,"18, 21, 64",1182533,274.80113,*,MEDEK
201700108,  İnsan Kaynakları Yönetimi (Ücretli),2,TYT,2,,,,"18, 64",...,----,,
201790467,  İnsan Kaynakları Yönetimi (Burslu),2,TYT,4,,1,,"18, 21, 64",615920,322.05554,,
201790474,  İnsan Kaynakları Yönetimi (%50 İndirimli),2,TYT,25,,,,"18, 21, 64",2018631,216.58564,,
201750016,  Kaynak Teknolojisi (Ücretli),2,TYT,3,,,,"18, 64",...,----,*,MEDEK
201750025,  Kaynak Teknolojisi (Burslu),2,TYT,5,,,,"18, 21, 64",538913,330.75254,*,MEDEK
201750034,  Kaynak Teknolojisi (%50 İndirimli),2,TYT,17,,,,"18, 21, 64",1911659,224.51944,*,MEDEK
201750555,  Kimya Teknolojisi (Ücretli),2,TYT,3,,,,"18, 64",...,----,*,MEDEK
201750564,  Kimya Teknolojisi (Burslu),2,TYT,7,,1,,"18, 21, 64",507790,334.57570,*,MEDEK
201750573,  Kimya Teknolojisi (%50 İndirimli),2,TYT,41,,,,"18, 21, 64",2200785,200.27898,*,MEDEK
201790481,  Mahkeme Büro Hizmetleri (Burslu),2,TYT,4,,1,,"18, 21, 64",661257,317.30286,,
201790488,  Mahkeme Büro Hizmetleri (%50 İndirimli),2,TYT,25,,,,"18, 21, 64",2109737,209.16564,,
201750167,  Makine (Ücretli),2,TYT,4,,,,"18, 64",...,----,*,MEDEK
201750176,  Makine (Burslu),2,TYT,9,,1,,"18, 21, 64",459051,341.04335,*,MEDEK
201750185,  Makine (%50 İndirimli),2,TYT,55,,,,"18, 21, 64",1719934,237.93299,*,MEDEK
201790453,  Medya ve İletişim (Burslu),2,TYT,5,,1,,"18, 21, 64",582694,325.67323,,
201790460,  Medya ve İletişim (%50 İndirimli),2,TYT,37,,,,"18, 21, 64",2301373,179.07319,,
201750043,  Mekatronik (Ücretli),2,TYT,3,,,,"18, 64",...,----,*,MEDEK
201750052,  Mekatronik (Burslu),2,TYT,9,,2,,"18, 21, 64",467117,339.92649,*,MEDEK
201750061,  Mekatronik (%50 İndirimli),2,TYT,62,,,,"18, 21, 64",1700369,239.27499,*,MEDEK
201750201,  Muhasebe ve Vergi Uygulamaları (Burslu),2,TYT,5,,1,,"18, 21, 64",622904,321.30918,*,MEDEK
201750219,  Muhasebe ve Vergi Uygulamaları (%50 İndirimli),2,TYT,33,,,,"18, 21, 64",1972489,220.08718,*,MEDEK
201790558,  Optisyenlik (Burslu),2,TYT,5,,1,,"18, 21, 64",531858,331.60464,,
201790565,  Optisyenlik (%50 İndirimli),2,TYT,34,,,,"18, 21, 64",2136671,206.79257,,
201700115,  Sivil Hava Ulaştırma İşletmeciliği (Ücretli),2,TYT,2,,,,"10, 18, 64",...,----,,
201790572,  Sivil Hava Ulaştırma İşletmeciliği (Burslu),2,TYT,5,,1,,"10, 18, 21, 64",548974,329.56517,,
201790579,  Sivil Hava Ulaştırma İşletmeciliği (%50 İndirimli),2,TYT,32,,,,"10, 18, 21, 64",1697141,239.49371,,
201751147,  Sivil Havacılık Kabin Hizmetleri (Ücretli),2,TYT,2,,,,"10, 18, 64",...,----,,
201751156,  Sivil Havacılık Kabin Hizmetleri (Burslu),2,TYT,8,,1,,"10, 18, 21, 64",474398,338.95270,,
201751165,  Sivil Havacılık Kabin Hizmetleri (%50 İndirimli),2,TYT,52,,,,"10, 18, 21, 64",1483853,254.01800,,
201751314,  Su Altı Teknolojisi (Burslu),2,TYT,3,,1,,"18, 21, 57, 64",472891,339.16244,,
201751323,  Su Altı Teknolojisi (%50 İndirimli),2,TYT,25,,,,"18, 21, 57, 64",1951013,221.65748,,
201750088,  Tahribatsız Muayene (Burslu),2,TYT,6,,1,,"18, 21, 64",529386,331.90075,*,MEDEK
201750158,  Tahribatsız Muayene (%50 İndirimli),2,TYT,42,,,,"18, 21, 64",,,*,MEDEK
201751289,  Tıbbi Dokümantasyon ve Sekreterlik (Burslu),2,TYT,8,,1,,"18, 21, 64",533503,331.40919,,
201751298,  Tıbbi Dokümantasyon ve Sekreterlik (%50 İndirimli),2,TYT,48,,,,"18, 21, 64",1999002,218.08665,,
201751041,  Tıbbi Görüntüleme Teknikleri (Ücretli),2,TYT,2,,,,"18, 64",...,----,,
201751059,  Tıbbi Görüntüleme Teknikleri (Burslu),2,TYT,9,,1,,"18, 21, 64",483615,337.72939,,
201751068,  Tıbbi Görüntüleme Teknikleri (%50 İndirimli),2,TYT,51,,,,"18, 21, 64",1480842,254.22522,,
201790586,  Yapay Zeka Operatörlüğü (Burslu),2,TYT,5,,1,,"18, 21, 64, 320",446589,342.75793,,
201790593,  Yapay Zeka Operatörlüğü (%50 İndirimli),2,TYT,34,,,,"18, 21, 64, 320",,,,
,İSTANBUL GELİŞİM ÜNİVERSİTESİ (Vakıf Üniversitesi) ,,,,,,,,,,,YÖKAK
,İSTANBUL GELİŞİM MESLEK YÜKSEKOKULU,,,,,,,,,,,
202791096,  Akıllı Altyapılar Teknikerliği (Burslu),2,TYT,5,,1,,"18, 21, 64",857875,299.44849,,
202791103,  Akıllı Altyapılar Teknikerliği (%50 İndirimli),2,TYT,34,,,,"18, 21, 64",,,,
202751611,  Aşçılık (Burslu),2,TYT,12,,2,,"18, 21, 64",533751,331.38286,,
202751665,  Aşçılık (%50 İndirimli),2,TYT,82,,,,"18, 21, 64",2292813,183.60514,,
202750085,  Bankacılık ve Sigortacılık (Burslu),2,TYT,6,,1,,"18, 21, 64",622639,321.33772,,
202750834,  Bankacılık ve Sigortacılık (%50 İndirimli),2,TYT,38,,,,"18, 21, 64",2226201,197.17948,,
202753907,  Bilgisayar Destekli Tasarım ve Animasyon (Burslu),2,TYT,9,,2,,"18, 21, 64",578915,326.09445,,
202753925,  Bilgisayar Destekli Tasarım ve Animasyon (%50 İndirimli),2,TYT,65,,,,"18, 21, 64",,,,
202750349,  Bilgisayar Programcılığı (Burslu),2,TYT,12,,2,,"18, 21, 64",335693,360.46353,,
202751514,  Bilgisayar Programcılığı (%50 İndirimli),2,TYT,82,,,,"18, 21, 64",...,----,,
202790893,  Bilgisayar Programcılığı (İngilizce) (Burslu),2,TYT,9,,2,,"18, 21, 22, 23, 24, 64",315133,364.26715,,
202790900,  Bilgisayar Programcılığı (İngilizce) (%50 İndirimli),2,TYT,65,,,,"18, 21, 22, 23, 24, 64",,,,
202750694,  Bilgisayar Teknolojisi (Burslu),2,TYT,9,,2,,"18, 21, 64, 320",442362,343.34990,,
202750701,  Bilgisayar Teknolojisi (%50 İndirimli),2,TYT,65,,,,"18, 21, 64, 320",,,,
202790450,  Bilişim Güvenliği Teknolojisi (Burslu),2,TYT,9,,2,,"18, 21, 64",470329,339.49377,,
202790451,  Bilişim Güvenliği Teknolojisi (%50 İndirimli),2,TYT,65,,,,"18, 21, 64",,,,
202753573,  Deniz ve Liman İşletmeciliği (Burslu),2,TYT,7,,1,,"18, 21, 64",534601,331.27677,,
202753582,  Deniz ve Liman İşletmeciliği (%50 İndirimli),2,TYT,42,,,,"18, 21, 64",2093122,210.57627,,
202750207,  Dış Ticaret (Burslu),2,TYT,10,,2,,"18, 21, 64",635820,319.93248,,
202750897,  Dış Ticaret (%50 İndirimli),2,TYT,71,,,,"18, 21, 64",,,,
202791110,  Dijital Dönüşüm Elektroniği (Burslu),2,TYT,5,,1,,"18, 21, 64, 320",779554,306.16282,,
202791117,  Dijital Dönüşüm Elektroniği (%50 İndirimli),2,TYT,34,,,,"18, 21, 64, 320",,,,
202791124,"  Elektrik Enerjisi Üretim, İletim ve Dağıtımı (Burslu)",2,TYT,7,,1,,"18, 21, 64",649100,318.54625,,
202791131,"  Elektrik Enerjisi Üretim, İletim ve Dağıtımı (%50 İndirimli)",2,TYT,48,,,,"18, 21, 64",,,,
202790388,  Elektronik Teknolojisi (Burslu),2,TYT,7,,1,,"18, 21, 64",563550,327.85409,,
202790390,  Elektronik Teknolojisi (%50 İndirimli),2,TYT,48,,,,"18, 21, 64",,,,
202753625,  Gıda Teknolojisi (Burslu),2,TYT,4,,,,"18, 21, 64",635225,319.99914,,
202753634,  Gıda Teknolojisi (%50 İndirimli),2,TYT,21,,,,"18, 21, 64",,,,
202750631,  Grafik Tasarımı (Burslu),2,TYT,9,,2,,"18, 21, 64",565777,327.59815,,
202751523,  Grafik Tasarımı (%50 İndirimli),2,TYT,65,,,,"18, 21, 64",,,,
202750225,  Halkla İlişkiler ve Tanıtım (Burslu),2,TYT,5,,1,,"18, 21, 64",692087,314.24787,,
202750949,  Halkla İlişkiler ve Tanıtım (%50 İndirimli),2,TYT,35,,,,"18, 21, 64",,,,
202754226,  Hava Lojistiği (Burslu),2,TYT,4,,1,,"18, 21, 64",479317,338.30158,,
202754244,  Hava Lojistiği (%50 İndirimli),2,TYT,31,,,,"18, 21, 64",,,,
202790627,  Hibrid ve Elektrikli Taşıtlar Teknolojisi (Burslu),2,TYT,5,,1,,"18, 21, 64",393328,350.71011,,
202790634,  Hibrid ve Elektrikli Taşıtlar Teknolojisi (%50 İndirimli),2,TYT,37,,,,"18, 21, 64",1770942,234.43278,,
202754253,  İç Mekan Tasarımı (Burslu),2,TYT,7,,1,,"18, 21, 64",676992,315.73401,,
202754271,  İç Mekan Tasarımı (%50 İndirimli),2,TYT,48,,,,"18, 21, 64",,,,
202750288,  İnsan Kaynakları Yönetimi (Burslu),2,TYT,4,,1,,"18, 21, 64",662622,317.16783,,
202750976,  İnsan Kaynakları Yönetimi (%50 İndirimli),2,TYT,27,,,,"18, 21, 64",,,,
202790907,  İnsansız Hava Aracı Teknolojisi ve Operatörlüğü (Burslu),2,TYT,9,,1,,"18, 21, 64",381830,352.54897,,
202790914,  İnsansız Hava Aracı Teknolojisi ve Operatörlüğü (%50 İndirimli),2,TYT,59,,,,"18, 21, 64",,,,
202752248,  İnşaat Teknolojisi (Burslu),2,TYT,9,,1,,"18, 21, 64",530920,331.71252,,
202752257,  İnşaat Teknolojisi (%50 İndirimli),2,TYT,59,,,,"18, 21, 64",2189236,201.55258,,
202791138,  Karbon Yönetimi Teknikerliği (Burslu),2,TYT,5,,1,,"18, 21, 64",949189,292.08741,,
202791145,  Karbon Yönetimi Teknikerliği (%50 İndirimli),2,TYT,34,,,,"18, 21, 64",,,,
202750304,  Lojistik (Burslu),2,TYT,10,,2,,"18, 21, 64",604384,323.28609,,
202751029,  Lojistik (%50 İndirimli),2,TYT,67,,,,"18, 21, 64",,,,
202790865,  Mahkeme Büro Hizmetleri (Burslu),2,TYT,7,,1,,"18, 21, 64",678275,315.60722,,
202790872,  Mahkeme Büro Hizmetleri (%50 İndirimli),2,TYT,42,,,,"18, 21, 64",,,,
202754023,  Makine (Burslu),2,TYT,10,,2,,"18, 21, 64",506367,334.75675,,
202754041,  Makine (%50 İndirimli),2,TYT,67,,,,"18, 21, 64",,,,
202790370,  Mekatronik (Burslu),2,TYT,10,,2,,"18, 21, 64",410370,348.07934,,
202790372,  Mekatronik (%50 İndirimli),2,TYT,67,,,,"18, 21, 64",,,,
202750385,  Moda Tasarımı (Burslu),2,TYT,5,,1,,"18, 21, 64",609346,322.76112,,
202751074,  Moda Tasarımı (%50 İndirimli),2,TYT,37,,,,"18, 21, 64",,,,
202790998,  Otomotiv Gövde ve Yüzey İşlem Teknolojileri (Burslu),2,TYT,9,,2,,"18, 21, 64",708870,312.66119,,
202791005,  Otomotiv Gövde ve Yüzey İşlem Teknolojileri (%50 İndirimli),2,TYT,65,,,,"18, 21, 64",,,,
202791012,  Otonom Sistemler Teknikerliği (Burslu),2,TYT,5,,1,,"18, 21, 64, 320",602208,323.52747,,
202791019,  Otonom Sistemler Teknikerliği (%50 İndirimli),2,TYT,34,,,,"18, 21, 64, 320",,,,
202791026,  Oyun Geliştirme ve Programlama (Burslu),2,TYT,5,,1,,"18, 21, 64, 320",540606,330.54925,,
202791033,  Oyun Geliştirme ve Programlama (%50 İndirimli),2,TYT,37,,,,"18, 21, 64, 320",,,,
202791040,  Ön-Yüz Yazılım Geliştirme (Burslu),2,TYT,5,,1,,"18, 21, 64, 320",498783,335.74088,,
202791047,  Ön-Yüz Yazılım Geliştirme (%50 İndirimli),2,TYT,37,,,,"18, 21, 64, 320",,,,
202790613,  Pastacılık ve Ekmekçilik (Burslu),2,TYT,5,,1,,"18, 21, 64",460782,340.79893,,
202790620,  Pastacılık ve Ekmekçilik (%50 İndirimli),2,TYT,37,,,,"18, 21, 64",,,,
202750667,  Sivil Hava Ulaştırma İşletmeciliği (Burslu),2,TYT,12,,2,,"10, 18, 21, 64",475428,338.81849,,
202750676,  Sivil Hava Ulaştırma İşletmeciliği (%50 İndirimli),2,TYT,82,,,,"10, 18, 21, 64",1781063,233.73726,,
202754174,  Sivil Hava Ulaştırma İşletmeciliği (İngilizce) (Burslu),2,TYT,10,,2,,"10, 18, 21, 22, 23, 24, 64",437325,344.06247,,
202754183,  Sivil Hava Ulaştırma İşletmeciliği (İngilizce) (%50 İndirimli),2,TYT,68,,,,"10, 18, 21, 22, 23, 24, 64",2230002,196.68425,,
202753794,  Sivil Havacılık Kabin Hizmetleri (Burslu),2,TYT,12,,2,,"10, 18, 21, 64",436751,344.14647,,
202753801,  Sivil Havacılık Kabin Hizmetleri (%50 İndirimli),2,TYT,82,,,,"10, 18, 21, 64",1401278,259.66080,,
202754102,  Sivil Havacılık Kabin Hizmetleri (İngilizce) (Burslu),2,TYT,10,,2,,"10, 18, 21, 22, 23, 24, 64",398303,349.92036,,
202754111,  Sivil Havacılık Kabin Hizmetleri (İngilizce) (%50 İndirimli),2,TYT,68,,,,"10, 18, 21, 22, 23, 24, 64",1600969,246.03837,,
202754314,  Turist Rehberliği (Burslu),2,TYT,5,,1,,"18, 21, 64",513160,333.90147,,
202754332,  Turist Rehberliği (%50 İndirimli),2,TYT,37,,,,"18, 21, 64",,,,
202753679,  Uçak Teknolojisi (Burslu),2,TYT,12,,2,,"10, 18, 21, 64",258359,375.95034,,
202753704,  Uçak Teknolojisi (%25 İndirimli),2,TYT,82,,,,"10, 18, 21, 64",933055,293.37366,,
202754289,  Uçuş Harekat Yöneticiliği (Burslu),2,TYT,10,,2,,"10, 18, 21, 64",441995,343.39914,,
202790655,  Uçuş Harekat Yöneticiliği (%50 İndirimli),2,TYT,68,,,,"10, 18, 21, 64",,,,
202790599,  Web Tasarımı ve Kodlama (Burslu),2,TYT,10,,2,,"18, 21, 64",443907,343.14477,,
202790606,  Web Tasarımı ve Kodlama (%50 İndirimli),2,TYT,71,,,,"18, 21, 64",,,,
,SAĞLIK HİZMETLERİ MESLEK YÜKSEKOKULU,,,,,,,,,,,
202751929,  Ağız ve Diş Sağlığı (Burslu),2,TYT,8,,1,,"18, 21, 64",509548,334.35739,,
202790564,  Ağız ve Diş Sağlığı (%50 İndirimli),2,TYT,53,,,,"18, 21, 64",2299098,180.59030,,
202753034,  Ameliyathane Hizmetleri (Burslu),2,TYT,7,,1,,"18, 21, 64",612783,322.39627,,
202753043,  Ameliyathane Hizmetleri (%50 İndirimli),2,TYT,48,,,,"18, 21, 64",,,,
202751832,  Anestezi (Burslu),2,TYT,10,,1,,"18, 21, 64",428413,345.39250,,
202751841,  Anestezi (%50 İndirimli),2,TYT,61,,,,"18, 21, 64",...,----,,
202752009,  Biyomedikal Cihaz Teknolojisi (Burslu),2,TYT,4,,1,,"18, 21, 64",712859,312.27902,,
202752018,  Biyomedikal Cihaz Teknolojisi (%50 İndirimli),2,TYT,30,,,,"18, 21, 64",,,,
202750534,  Çocuk Gelişimi (Burslu),2,TYT,7,,1,,"18, 21, 64",670810,316.35848,,
202753873,  Çocuk Gelişimi (%50 İndirimli),2,TYT,48,,,,"18, 21, 64",,,,
202791054,  Dijital Sağlık Sistemleri Teknikerliği (Burslu),2,TYT,4,,1,,"18, 21, 64",690171,314.43674,,
202791061,  Dijital Sağlık Sistemleri Teknikerliği (%50 İndirimli),2,TYT,25,,,,"18, 21, 64",,,,
202752081,  Diş Protez Teknolojisi (Burslu),2,TYT,10,,2,,"18, 21, 64",440722,343.57536,,
202752099,  Diş Protez Teknolojisi (%50 İndirimli),2,TYT,68,,,,"18, 21, 64",1646020,242.97207,,
202751798,  Diyaliz (Burslu),2,TYT,7,,1,,"18, 21, 64",638583,319.65274,,
202790662,  Diyaliz (%50 İndirimli),2,TYT,42,,,,"18, 21, 64",,,,
202753113,  Elektronörofizyoloji (Burslu),2,TYT,4,,1,,"18, 21, 64",670879,316.35122,,
202753122,  Elektronörofizyoloji (%50 İndirimli),2,TYT,30,,,,"18, 21, 64",,,,
202751753,  Fizyoterapi (Burslu),2,TYT,8,,1,,"18, 21, 64",569926,327.10903,,
202751762,  Fizyoterapi (%50 İndirimli),2,TYT,53,,,,"18, 21, 64",,,,
202790879,  Fizyoterapi (İngilizce) (Burslu),2,TYT,3,,1,,"18, 21, 22, 23, 24, 64",395784,350.31354,,
202790886,  Fizyoterapi (İngilizce) (%50 İndirimli),2,TYT,23,,,,"18, 21, 22, 23, 24, 64",,,,
202790373,  Gıda Kalite Kontrolü ve Analizi (Burslu),2,TYT,3,,,,"18, 21, 64",685076,314.94461,,
202790375,  Gıda Kalite Kontrolü ve Analizi (%50 İndirimli),2,TYT,15,,,,"18, 21, 64",,,,
202751559,  İlk ve Acil Yardım (Burslu),2,TYT,10,,1,,"18, 21, 64",442555,343.32519,,
202790781,  İlk ve Acil Yardım (%25 İndirimli),2,TYT,62,,,,"18, 21, 64",1975571,219.85536,,
202790456,  Laboratuvar Teknolojisi (Burslu),2,TYT,4,,1,,"18, 21, 64",628577,320.70064,,
202790669,  Laboratuvar Teknolojisi (%50 İndirimli),2,TYT,30,,,,"18, 21, 64",,,,
202752327,  Odyometri (Burslu),2,TYT,4,,1,,"18, 21, 64",701977,313.31423,,
202790676,  Odyometri (%50 İndirimli),2,TYT,30,,,,"18, 21, 64",,,,
202752954,  Optisyenlik (Burslu),2,TYT,7,,1,,"18, 21, 64",557588,328.54538,,
202752963,  Optisyenlik (%50 İndirimli),2,TYT,47,,,,"18, 21, 64",,,,
202752496,  Ortopedik Protez ve Ortez (Burslu),2,TYT,6,,1,,"18, 21, 64",720896,311.51678,,
202752503,  Ortopedik Protez ve Ortez (%50 İndirimli),2,TYT,38,,,,"18, 21, 64",,,,
202790376,  Otopsi Yardımcılığı (Burslu),2,TYT,5,,1,,"18, 21, 64",637792,319.73497,,
202790378,  Otopsi Yardımcılığı (%50 İndirimli),2,TYT,35,,,,"18, 21, 64",,,,
202752636,  Patoloji Laboratuvar Teknikleri (Burslu),2,TYT,5,,1,,"18, 21, 64",655775,317.86813,,
202752654,  Patoloji Laboratuvar Teknikleri (%50 İndirimli),2,TYT,35,,,,"18, 21, 64",,,,
202790379,  Podoloji (Burslu),2,TYT,6,,1,,"18, 21, 64",693865,314.08300,,
202790381,  Podoloji (%50 İndirimli),2,TYT,38,,,,"18, 21, 64",,,,
202752787,  Radyoterapi (Burslu),2,TYT,7,,1,,"18, 21, 64",666530,316.77355,,
202790567,  Radyoterapi (%50 İndirimli),2,TYT,47,,,,"18, 21, 64",,,,
202754138,  Saç Bakımı ve Güzellik Hizmetleri (Burslu),2,TYT,6,,1,,"18, 21, 64",653906,318.05385,,
202754156,  Saç Bakımı ve Güzellik Hizmetleri (%50 İndirimli),2,TYT,38,,,,"18, 21, 64",2223520,197.52118,,
202791068,  Tele-Sağlık Teknikerliği (Burslu),2,TYT,6,,1,,"18, 21, 64",625813,321.00229,,
202791075,  Tele-Sağlık Teknikerliği (%50 İndirimli),2,TYT,42,,,,"18, 21, 64",,,,
202751232,  Tıbbi Dokümantasyon ve Sekreterlik (Burslu),2,TYT,10,,1,,"18, 21, 64",543193,330.24644,,
202751241,  Tıbbi Dokümantasyon ve Sekreterlik (%50 İndirimli),2,TYT,59,,,,"18, 21, 64",,,,
202751577,  Tıbbi Görüntüleme Teknikleri (Burslu),2,TYT,10,,1,,"18, 21, 64",477474,338.55104,,
202751708,  Tıbbi Görüntüleme Teknikleri (%50 İndirimli),2,TYT,61,,,,"18, 21, 64",2070776,212.42715,,
202752875,  Tıbbi Laboratuvar Teknikleri (Burslu),2,TYT,9,,1,,"18, 21, 64",541140,330.48455,,
202752884,  Tıbbi Laboratuvar Teknikleri (%50 İndirimli),2,TYT,57,,,,"18, 21, 64",,,,
202791082,  Tıbbi Veri İşleme Teknikerliği (Burslu),2,TYT,5,,1,,"18, 21, 64",608582,322.84150,,
202791089,  Tıbbi Veri İşleme Teknikerliği (%50 İndirimli),2,TYT,34,,,,"18, 21, 64",,,,
,İSTANBUL KENT ÜNİVERSİTESİ (Vakıf Üniversitesi) ,,,,,,,,,,,
,MESLEK YÜKSEKOKULU,,,,,,,,,,,
208750241,  Bilgisayar Programcılığı (Burslu),2,TYT,9,,1,,"18, 21, 64",348690,358.14904,*,MEDEK
208750242,  Bilgisayar Programcılığı (%50 İndirimli),2,TYT,58,,,,"18, 21, 64",1278103,268.13718,*,MEDEK
208750607,  Bilişim Güvenliği Teknolojisi (Burslu),2,TYT,4,,1,,"18, 21, 64",414276,347.49225,,
208750614,  Bilişim Güvenliği Teknolojisi (%50 İndirimli),2,TYT,25,,,,"18, 21, 64",,,,
208750740,  E-Ticaret ve Pazarlama (Burslu),2,TYT,3,,1,,"18, 21, 64",698891,313.60528,,
208750747,  E-Ticaret ve Pazarlama (%50 İndirimli),2,TYT,24,,,,"18, 21, 64",,,,
208750754,  Kozmetik Teknolojisi (Burslu),2,TYT,3,,,,"18, 21, 64",786518,305.54828,,
208750761,  Kozmetik Teknolojisi (%50 İndirimli),2,TYT,20,,,,"18, 21, 64",,,,
208750621,  Mahkeme Büro Hizmetleri (Burslu),2,TYT,4,,1,,"18, 21, 64",686214,314.83481,,
208750628,  Mahkeme Büro Hizmetleri (%50 İndirimli),2,TYT,25,,,,"18, 21, 64",2062458,213.11056,,
208750243,  Saç Bakımı ve Güzellik Hizmetleri (Burslu),2,TYT,4,,1,,"18, 21, 64",633719,320.15810,,
208750244,  Saç Bakımı ve Güzellik Hizmetleri (%50 İndirimli),2,TYT,25,,,,"18, 21, 64",2285367,186.21724,,
,SAĞLIK HİZMETLERİ MESLEK YÜKSEKOKULU,,,,,,,,,,,
208750189,  Ağız ve Diş Sağlığı (Burslu),2,TYT,10,,1,,"18, 21, 64",508727,334.45601,,
208750191,  Ağız ve Diş Sağlığı (%50 İndirimli),2,TYT,61,,,,"18, 21, 64",1831289,230.25747,,
208750206,  Ameliyathane Hizmetleri (Burslu),2,TYT,9,,1,,"18, 21, 64",616758,321.96609,,
208750207,  Ameliyathane Hizmetleri (%50 İndirimli),2,TYT,57,,,,"18, 21, 64",2181583,202.37197,,
208750167,  Anestezi (Burslu),2,TYT,10,,1,,"18, 21, 64",433854,344.57951,,
208750168,  Anestezi (%50 İndirimli),2,TYT,61,,,,"18, 21, 64",1436765,257.22504,,
208750013,  Çocuk Gelişimi (Burslu),2,TYT,4,,1,,"18, 21, 64",673562,316.08206,,
208750022,  Çocuk Gelişimi (%50 İndirimli),2,TYT,30,,,,"18, 21, 64",,,,
208750768,  Dijital Sağlık Sistemleri Teknikerliği (Burslu),2,TYT,2,,,,"18, 21, 64",577239,326.28670,,
208750775,  Dijital Sağlık Sistemleri Teknikerliği (%50 İndirimli),2,TYT,13,,,,"18, 21, 64",,,,
208750635,  Diş Protez Teknolojisi (Burslu),2,TYT,4,,1,,"18, 21, 64",411827,347.85895,,
208750642,  Diş Protez Teknolojisi (%50 İndirimli),2,TYT,25,,,,"18, 21, 64",1073533,282.66377,,
208750245,  Eczane Hizmetleri (Burslu),2,TYT,6,,1,,"18, 21, 64",613272,322.33894,,
208750246,  Eczane Hizmetleri (%50 İndirimli),2,TYT,36,,,,"18, 21, 64",2292718,183.64775,,
208750058,  Fizyoterapi (Burslu),2,TYT,10,,1,,"18, 21, 64",593608,324.46254,,
208750067,  Fizyoterapi (%50 İndirimli),2,TYT,60,,,,"18, 21, 64",,,,
208750076,  İlk ve Acil Yardım (Burslu),2,TYT,10,,1,,"18, 21, 64",465796,340.10892,,
208750085,  İlk ve Acil Yardım (%50 İndirimli),2,TYT,61,,,,"18, 21, 64",1318053,265.35864,,
208750247,  Patoloji Laboratuvar Teknikleri (Burslu),2,TYT,4,,1,,"18, 21, 64",614585,322.20216,,MEDEK
208750248,  Patoloji Laboratuvar Teknikleri (%50 İndirimli),2,TYT,30,,,,"18, 21, 64",,,,MEDEK
208750782,  Tele-Sağlık Teknikerliği (Burslu),2,TYT,3,,1,,"18, 21, 64",636283,319.88695,,
208750789,  Tele-Sağlık Teknikerliği (%50 İndirimli),2,TYT,25,,,,"18, 21, 64",,,,
208750137,  Tıbbi Dokümantasyon ve Sekreterlik (Burslu),2,TYT,4,,1,,"18, 21, 64",507292,334.64294,,
208750146,  Tıbbi Dokümantasyon ve Sekreterlik (%50 İndirimli),2,TYT,25,,,,"18, 21, 64",1712420,238.44327,,
208750155,  Tıbbi Görüntüleme Teknikleri (Burslu),2,TYT,10,,1,,"18, 21, 64",492575,336.54348,,
208750164,  Tıbbi Görüntüleme Teknikleri (%50 İndirimli),2,TYT,61,,,,"18, 21, 64",1618443,244.84610,,
208750249,  Tıbbi Laboratuvar Teknikleri (Burslu),2,TYT,6,,1,,"18, 21, 64",533427,331.41766,,
208750250,  Tıbbi Laboratuvar Teknikleri (%50 İndirimli),2,TYT,40,,,,"18, 21, 64",1900269,225.35485,,
208750796,  Tıbbi Veri İşleme Teknikerliği (Burslu),2,TYT,3,,1,,"18, 21, 64",659028,317.53478,,
208750803,  Tıbbi Veri İşleme Teknikerliği (%50 İndirimli),2,TYT,25,,,,"18, 21, 64",,,,
208750810,  Yaşlı Bakımı (Burslu),2,TYT,3,,,,"18, 21, 64",870003,298.44755,,
208750817,  Yaşlı Bakımı (%50 İndirimli),2,TYT,18,,,,"18, 21, 64",,,,
,İSTANBUL KÜLTÜR ÜNİVERSİTESİ (Vakıf Üniversitesi) ,,,,,,,,,,,YÖKAK
,MESLEK YÜKSEKOKULU,,,,,,,,,,,
203050502,  Bankacılık ve Sigortacılık (Burslu),2,TYT,5,,1,,"18, 21, 64",549641,329.48862,*,MEDEK
203050511,  Bankacılık ve Sigortacılık (%50 İndirimli),2,TYT,29,,,,"18, 21, 64",2202996,200.02880,*,MEDEK
203090231,  Bilgisayar Programcılığı (Ücretli),2,TYT,5,,,,"18, 64",,,*,MEDEK
203050441,  Bilgisayar Programcılığı (Burslu),2,TYT,13,,2,,"18, 21, 64",316848,363.95353,*,MEDEK
203050459,  Bilgisayar Programcılığı (%50 İndirimli),2,TYT,80,,,,"18, 21, 64",1243618,270.53198,*,MEDEK
203051157,  Çocuk Gelişimi (Burslu),2,TYT,6,,1,,"18, 21, 64",672300,316.20893,,
203051166,  Çocuk Gelişimi (%50 İndirimli),2,TYT,38,,,,"18, 21, 64",,,,
203050538,  Dış Ticaret (Burslu),2,TYT,8,,1,,"18, 21, 64",539831,330.64322,,
203050547,  Dış Ticaret (%50 İndirimli),2,TYT,51,,,,"18, 21, 64",,,,
203050423,  Elektronik Teknolojisi (Burslu),2,TYT,7,,1,,"18, 21, 64",517474,333.37276,,
203050432,  Elektronik Teknolojisi (%50 İndirimli),2,TYT,42,,,,"18, 21, 64",,,,
203090152,  E-Ticaret ve Pazarlama (Burslu),2,TYT,6,,1,,"18, 21, 64",550197,329.41900,,
203090153,  E-Ticaret ve Pazarlama (%50 İndirimli),2,TYT,38,,,,"18, 21, 64",,,,
203050741,  Grafik Tasarımı (Burslu),2,TYT,10,,1,,"18, 21, 64",534937,331.23355,,
203050759,  Grafik Tasarımı (%50 İndirimli),2,TYT,64,,,,"18, 21, 64",,,,
203050344,  Halkla İlişkiler ve Tanıtım (Burslu),2,TYT,5,,1,,"18, 21, 64",637327,319.78361,*,MEDEK
203050565,  Halkla İlişkiler ve Tanıtım (%50 İndirimli),2,TYT,34,,,,"18, 21, 64",,,*,MEDEK
203051096,  Hava Lojistiği (Burslu),2,TYT,6,,1,,"18, 21, 64",530919,331.71259,,
203051103,  Hava Lojistiği (%50 İndirimli),2,TYT,38,,,,"18, 21, 64",,,,
203050671,  İklimlendirme ve Soğutma Teknolojisi (Burslu),2,TYT,8,,1,,"18, 21, 64",719650,311.63035,,
203090172,  İklimlendirme ve Soğutma Teknolojisi (%50 İndirimli),2,TYT,51,,,,"18, 21, 64",,,,
203090319,  İnsansız Hava Aracı Teknolojisi ve Operatörlüğü (Burslu),2,TYT,5,,1,,"18, 21, 64",381307,352.63435,,
203090326,  İnsansız Hava Aracı Teknolojisi ve Operatörlüğü (%50 İndirimli),2,TYT,34,,,,"18, 21, 64",,,,
203051545,  İnşaat Teknolojisi (Burslu),2,TYT,9,,1,,"18, 21, 64",504704,334.97657,,
203051554,  İnşaat Teknolojisi (%50 İndirimli),2,TYT,55,,,,"18, 21, 64",2290115,184.63158,,
203050389,  İşletme Yönetimi (Burslu),2,TYT,7,,1,,"18, 21, 64",619151,321.70579,,
203050398,  İşletme Yönetimi (%50 İndirimli),2,TYT,42,,,,"18, 21, 64",,,,
203050786,  Lojistik (Burslu),2,TYT,7,,1,,"18, 21, 64",574986,326.54608,,
203050795,  Lojistik (%50 İndirimli),2,TYT,47,,,,"18, 21, 64",,,,
203090238,  Mahkeme Büro Hizmetleri (Burslu),2,TYT,5,,1,,"18, 21, 64",577457,326.26221,,
203090245,  Mahkeme Büro Hizmetleri (%50 İndirimli),2,TYT,34,,,,"18, 21, 64",,,,
203051193,  Moda Tasarımı (Burslu),2,TYT,6,,1,,"18, 21, 64",551677,329.24880,,
203051209,  Moda Tasarımı (%50 İndirimli),2,TYT,38,,,,"18, 21, 64",,,,
203051351,  Optisyenlik (Burslu),2,TYT,7,,1,,"18, 21, 64",612395,322.43516,,
203051369,  Optisyenlik (%50 İndirimli),2,TYT,47,,,,"18, 21, 64",,,,
203051387,  Sivil Hava Ulaştırma İşletmeciliği (Burslu),2,TYT,8,,1,,"10, 18, 21, 64",468989,339.66927,,
203051396,  Sivil Hava Ulaştırma İşletmeciliği (%50 İndirimli),2,TYT,51,,,,"10, 18, 21, 64",1331707,264.41880,,
203090333,  Sivil Havacılık Kabin Hizmetleri (Ücretli),2,TYT,5,,,,"10, 18, 64",1895015,225.73849,,
203051421,  Sivil Havacılık Kabin Hizmetleri (Burslu),2,TYT,12,,2,,"10, 18, 21, 64",445854,342.86255,,
203051439,  Sivil Havacılık Kabin Hizmetleri (%50 İndirimli),2,TYT,71,,,,"10, 18, 21, 64",1227169,271.67803,,
203090101,  Tıbbi Dokümantasyon ve Sekreterlik (Burslu),2,TYT,6,,1,,"18, 21, 64",505591,334.85993,,
203090103,  Tıbbi Dokümantasyon ve Sekreterlik (%50 İndirimli),2,TYT,37,,,,"18, 21, 64",1911927,224.50148,,
203050098,  Turizm ve Otel İşletmeciliği (Burslu),2,TYT,6,,1,,"18, 21, 64",604689,323.25617,*,TUADER
203050714,  Turizm ve Otel İşletmeciliği (%50 İndirimli),2,TYT,38,,,,"18, 21, 64",,,*,TUADER
203090340,  Uçak Teknolojisi (Ücretli),2,TYT,7,,,,"10, 18, 64",1482173,254.13197,,
203051236,  Uçak Teknolojisi (Burslu),2,TYT,10,,2,,"10, 18, 21, 64",292472,368.70417,,
203051245,  Uçak Teknolojisi (%50 İndirimli),2,TYT,60,,,,"10, 18, 21, 64",1006471,287.67899,,
203090347,  Uçuş Harekat Yöneticiliği (Ücretli),2,TYT,3,,,,"10, 18, 64",,,*,MEDEK
203090118,  Uçuş Harekat Yöneticiliği (Burslu),2,TYT,10,,1,,"10, 18, 21, 64",455719,341.50575,*,MEDEK
203090120,  Uçuş Harekat Yöneticiliği (%50 İndirimli),2,TYT,56,,,,"10, 18, 21, 64",1988190,218.90449,*,MEDEK
203000101,  Yenilenebilir Enerji Teknikerliği (Burslu),2,TYT,4,,,,"18, 21, 64",521937,332.80508,,
203000108,  Yenilenebilir Enerji Teknikerliği (%50 İndirimli),2,TYT,21,,,,"18, 21, 64",,,,
,İSTANBUL MEDİPOL ÜNİVERSİTESİ (Vakıf Üniversitesi) ,,,,,,,,,,,YÖKAK
,MESLEK YÜKSEKOKULU,,,,,,,,,,,
203100276,  Ağız ve Diş Sağlığı (Ücretli),2,TYT,61,,,,"18, 64",...,----,,
203151174,  Ağız ve Diş Sağlığı (Burslu),2,TYT,10,,1,,"18, 21, 64",395480,350.36581,,
203100283,  Ameliyathane Hizmetleri (Ücretli),2,TYT,61,,,,"18, 64",...,----,,
203151192,  Ameliyathane Hizmetleri (Burslu),2,TYT,10,,1,,"18, 21, 64",525998,332.30764,,
203100290,  Anestezi (Ücretli),2,TYT,61,,,,"18, 64",...,----,,
203151217,  Anestezi (Burslu),2,TYT,10,,1,,"18, 21, 64",275690,372.17178,,
203100311,  Arka-Yüz Yazılım Geliştirme (Ücretli),2,TYT,25,,,,"18, 64, 320",...,----,,
203100304,  Arka-Yüz Yazılım Geliştirme (Burslu),2,TYT,4,,1,,"18, 21, 64, 320",...,----,,
203100297,  Arka-Yüz Yazılım Geliştirme (Ücretli) (İngilizce),2,TYT,48,,,,"18, 22, 23, 24, 64, 320",...,----,,
203190890,  Arka-Yüz Yazılım Geliştirme (Burslu) (İngilizce),2,TYT,7,,1,,"18, 21, 22, 23, 24, 64, 320",349542,357.99071,,
203100325,  Bilgisayar Programcılığı (Ücretli),2,TYT,85,,,,"18, 64",...,----,,
203151077,  Bilgisayar Programcılığı (Burslu),2,TYT,13,,2,,"18, 21, 64",248159,378.25934,,
203100318,  Bilgisayar Programcılığı (İngilizce) (Ücretli),2,TYT,85,,,,"18, 22, 23, 24, 64",...,----,,
203190904,  Bilgisayar Programcılığı (İngilizce) (Burslu),2,TYT,13,,2,,"18, 21, 22, 23, 24, 64",218052,385.52318,,
203100332,  Biyomedikal Cihaz Teknolojisi (Ücretli),2,TYT,31,,,,"18, 64",...,----,,
203151986,  Biyomedikal Cihaz Teknolojisi (Burslu),2,TYT,4,,1,,"18, 21, 64",511395,334.12629,,
203100339,  Çocuk Gelişimi (Ücretli),2,TYT,31,,,,"18, 64",...,----,,
203151235,  Çocuk Gelişimi (Burslu),2,TYT,4,,1,,"18, 21, 64",592948,324.53049,,
203100353,  Diş Protez Teknolojisi (Ücretli),2,TYT,68,,,,"18, 64",...,----,,
203151253,  Diş Protez Teknolojisi (Burslu),2,TYT,10,,2,,"18, 21, 64",294072,368.38739,,
203100346,  Diş Protez Teknolojisi (İngilizce) (Ücretli),2,TYT,68,,,,"18, 22, 23, 24, 64",...,----,,
203190918,  Diş Protez Teknolojisi (İngilizce) (Burslu),2,TYT,10,,2,,"18, 21, 22, 23, 24, 64",405240,348.86057,,
203100360,  Diyaliz (Ücretli),2,TYT,48,,,,"18, 64",...,----,,
203151271,  Diyaliz (Burslu),2,TYT,7,,1,,"18, 21, 64",606772,323.03362,,
203100374,  Elektrik (Ücretli),2,TYT,34,,,,"18, 64",...,----,,
203100367,  Elektrik (Burslu),2,TYT,5,,1,,"18, 21, 64",...,----,,
203100381,  Elektronörofizyoloji (Ücretli),2,TYT,20,,,,"18, 64",...,----,,
203151298,  Elektronörofizyoloji (Burslu),2,TYT,3,,,,"18, 21, 64",609825,322.71165,,
203100388,  Fizyoterapi (Ücretli),2,TYT,61,,,,"18, 64",...,----,,
203151314,  Fizyoterapi (Burslu),2,TYT,10,,1,,"18, 21, 64",393347,350.70793,,
203100395,  İç Mekan Tasarımı (Ücretli),2,TYT,61,,,,"18, 64",...,----,,
203190039,  İç Mekan Tasarımı (Burslu),2,TYT,10,,1,,"18, 21, 64",443410,343.20800,,
203100402,  İlk ve Acil Yardım (Ücretli),2,TYT,61,,,,"18, 64",...,----,,
203151332,  İlk ve Acil Yardım (Burslu),2,TYT,10,,1,,"18, 21, 64",357976,356.55994,,
203100409,  İnşaat Teknolojisi (Ücretli),2,TYT,59,,,,"18, 64",...,----,,
203151095,  İnşaat Teknolojisi (Burslu),2,TYT,10,,1,,"18, 21, 64",426223,345.70715,,
203100423,  Makine (Ücretli),2,TYT,34,,,,"18, 64",...,----,,
203100416,  Makine (Burslu),2,TYT,5,,1,,"18, 21, 64",...,----,,
203100437,  Mekatronik (Ücretli),2,TYT,34,,,,"18, 64",...,----,,
203100430,  Mekatronik (Burslu),2,TYT,5,,1,,"18, 21, 64",...,----,,
203100444,  Mimari Restorasyon (Ücretli),2,TYT,48,,,,"18, 64",...,----,,
203150997,  Mimari Restorasyon (Burslu),2,TYT,7,,1,,"18, 21, 64",502175,335.30721,,
203100451,  Odyometri (Ücretli),2,TYT,31,,,,"18, 64",...,----,,
203151368,  Odyometri (Burslu),2,TYT,4,,1,,"18, 21, 64",609630,322.73297,,
203100458,  Optisyenlik (Ücretli),2,TYT,47,,,,"18, 64",...,----,,
203151483,  Optisyenlik (Burslu),2,TYT,7,,1,,"18, 21, 64",467370,339.89092,,
203100465,  Radyoterapi (Ücretli),2,TYT,37,,,,"18, 64",...,----,,
203151386,  Radyoterapi (Burslu),2,TYT,5,,1,,"18, 21, 64",596477,324.15358,,
203100486,  Robotik ve Yapay Zeka (Ücretli),2,TYT,25,,,,"18, 64, 320",...,----,,
203100479,  Robotik ve Yapay Zeka (Burslu),2,TYT,4,,1,,"18, 21, 64, 320",...,----,,
203100472,  Robotik ve Yapay Zeka (Ücretli) (İngilizce),2,TYT,71,,,,"18, 22, 23, 24, 64, 320",...,----,,
203190862,  Robotik ve Yapay Zeka (Burslu) (İngilizce),2,TYT,10,,2,,"18, 21, 22, 23, 24, 64, 320",233522,381.68417,,
203100493,  Sağlık Kurumları İşletmeciliği (Ücretli),2,TYT,20,,,,"18, 64",...,----,,
203151402,  Sağlık Kurumları İşletmeciliği (Burslu),2,TYT,3,,,,"18, 21, 64",615520,322.09920,,
203100514,  Siber Güvenlik (Ücretli),2,TYT,25,,,,"18, 64",...,----,,
203100507,  Siber Güvenlik (Burslu),2,TYT,4,,1,,"18, 21, 64",...,----,,
203100500,  Siber Güvenlik (Ücretli) (İngilizce),2,TYT,48,,,,"18, 22, 23, 24, 64",...,----,,
203190876,  Siber Güvenlik (Burslu) (İngilizce),2,TYT,7,,1,,"18, 21, 22, 23, 24, 64",236799,380.91191,,
203100521,  Sivil Hava Ulaştırma İşletmeciliği (Ücretli),2,TYT,72,,,,"10, 18, 64",...,----,,
203152066,  Sivil Hava Ulaştırma İşletmeciliği (Burslu),2,TYT,11,,2,,"10, 18, 21, 64",423198,346.16715,,
203100528,  Tıbbi Dokümantasyon ve Sekreterlik (Ücretli),2,TYT,61,,,,"18, 64",...,----,,
203151429,  Tıbbi Dokümantasyon ve Sekreterlik (Burslu),2,TYT,10,,1,,"18, 21, 64",452448,341.95712,,
203100535,  Tıbbi Görüntüleme Teknikleri (Ücretli),2,TYT,61,,,,"18, 64",...,----,,
203151447,  Tıbbi Görüntüleme Teknikleri (Burslu),2,TYT,10,,1,,"18, 21, 64",383007,352.36964,,
203100542,  Tıbbi Laboratuvar Teknikleri (Ücretli),2,TYT,58,,,,"18, 64",...,----,,
203151465,  Tıbbi Laboratuvar Teknikleri (Burslu),2,TYT,9,,1,,"18, 21, 64",430262,345.11340,,
,SAĞLIK HİZMETLERİ MESLEK YÜKSEKOKULU,,,,,,,,,,,
203100549,  Ağız ve Diş Sağlığı (Ücretli),2,TYT,61,,,,"18, 64",...,----,,
203150016,  Ağız ve Diş Sağlığı (Burslu),2,TYT,10,,1,,"18, 21, 64",389482,351.31550,,
203100556,  Ameliyathane Hizmetleri (Ücretli),2,TYT,61,,,,"18, 64",...,----,,
203150176,  Ameliyathane Hizmetleri (Burslu),2,TYT,10,,1,,"18, 21, 64",495130,336.21129,,
203100570,  Anestezi (Ücretli),2,TYT,61,,,,"18, 64",...,----,,
203150052,  Anestezi (Burslu),2,TYT,10,,1,,"18, 21, 64",289834,369.24057,,
203100563,  Anestezi (İngilizce) (Ücretli),2,TYT,59,,,,"18, 22, 23, 24, 64",...,----,,
203152021,  Anestezi (İngilizce) (Burslu),2,TYT,9,,1,,"18, 21, 22, 23, 24, 64",314211,364.44189,,
203100577,  Çocuk Gelişimi (Ücretli),2,TYT,59,,,,"18, 64",...,----,,
203150616,  Çocuk Gelişimi (Burslu),2,TYT,9,,1,,"18, 21, 64",570532,327.04247,,
203100584,  Diş Protez Teknolojisi (Ücretli),2,TYT,68,,,,"18, 64",...,----,,
203150034,  Diş Protez Teknolojisi (Burslu),2,TYT,10,,2,,"18, 21, 64",268861,373.62588,,
203100591,  Diyaliz (Ücretli),2,TYT,48,,,,"18, 64",...,----,,
203150079,  Diyaliz (Burslu),2,TYT,7,,1,,"18, 21, 64",571381,326.94709,,
203100598,  Eczane Hizmetleri (Ücretli),2,TYT,29,,,,"18, 64",...,----,,
203150219,  Eczane Hizmetleri (Burslu),2,TYT,4,,1,,"18, 21, 64",461353,340.71614,,
203100605,  Elektronörofizyoloji (Ücretli),2,TYT,20,,,,"18, 64",...,----,,
203150097,  Elektronörofizyoloji (Burslu),2,TYT,3,,,,"18, 21, 64",580339,325.93273,,
203100619,  Fizyoterapi (Ücretli),2,TYT,61,,,,"18, 64",...,----,,
203150634,  Fizyoterapi (Burslu),2,TYT,10,,1,,"18, 21, 64",392459,350.84526,,
203100612,  Fizyoterapi (İngilizce) (Ücretli),2,TYT,48,,,,"18, 22, 23, 24, 64",...,----,,
203152048,  Fizyoterapi (İngilizce) (Burslu),2,TYT,7,,1,,"18, 21, 22, 23, 24, 64",327881,361.88834,,
203100633,  İlk ve Acil Yardım (Ücretli),2,TYT,61,,,,"18, 64",...,----,*,MEDEK
203150194,  İlk ve Acil Yardım (Burslu),2,TYT,10,,1,,"18, 21, 64",322302,362.93552,*,MEDEK
203100626,  İlk ve Acil Yardım (İngilizce) (Ücretli),2,TYT,61,,,,"18, 22, 23, 24, 64",...,----,*,MEDEK
203190041,  İlk ve Acil Yardım (İngilizce) (Burslu),2,TYT,10,,1,,"18, 21, 22, 23, 24, 64",378272,353.12596,*,MEDEK
203100640,  Odyometri (Ücretli),2,TYT,31,,,,"18, 64",...,----,,
203150255,  Odyometri (Burslu),2,TYT,4,,1,,"18, 21, 64",542915,330.27988,,
203100647,  Optisyenlik (Ücretli),2,TYT,48,,,,"18, 64",...,----,,
203150334,  Optisyenlik (Burslu),2,TYT,7,,1,,"18, 21, 64",475708,338.78287,,
203100654,  Patoloji Laboratuvar Teknikleri (Ücretli),2,TYT,31,,,,"18, 64",...,----,,
203150679,  Patoloji Laboratuvar Teknikleri (Burslu),2,TYT,4,,1,,"18, 21, 64",530313,331.78713,,
203100661,  Radyoterapi (Ücretli),2,TYT,48,,,,"18, 64",...,----,,
203150273,  Radyoterapi (Burslu),2,TYT,7,,1,,"18, 21, 64",587064,325.18930,,
203100668,  Sağlık Kurumları İşletmeciliği (Ücretli),2,TYT,23,,,,"18, 64",...,----,,
203150652,  Sağlık Kurumları İşletmeciliği (Burslu),2,TYT,3,,1,,"18, 21, 64",575307,326.50892,,
203100675,  Tıbbi Dokümantasyon ve Sekreterlik (Ücretli),2,TYT,59,,,,"18, 64",...,----,,
203150158,  Tıbbi Dokümantasyon ve Sekreterlik (Burslu),2,TYT,9,,1,,"18, 21, 64",441942,343.40643,,
203100682,  Tıbbi Görüntüleme Teknikleri (Ücretli),2,TYT,61,,,,"18, 64",...,----,,
203150131,  Tıbbi Görüntüleme Teknikleri (Burslu),2,TYT,10,,1,,"18, 21, 64",341795,359.36980,,
203100689,  Tıbbi Laboratuvar Teknikleri (Ücretli),2,TYT,58,,,,"18, 64",...,----,*,MEDEK
203150113,  Tıbbi Laboratuvar Teknikleri (Burslu),2,TYT,9,,1,,"18, 21, 64",415285,347.33745,*,MEDEK
203100703,  Tıbbi Veri İşleme Teknikerliği (Ücretli),2,TYT,34,,,,"18, 64",...,----,,
203100696,  Tıbbi Veri İşleme Teknikerliği (Burslu),2,TYT,5,,1,,"18, 21, 64",...,----,,
,SOSYAL BİLİMLER MESLEK YÜKSEKOKULU,,,,,,,,,,,
203100710,  Bankacılık ve Sigortacılık (Ücretli),2,TYT,46,,,,"18, 64",...,----,*,MEDEK
203150379,  Bankacılık ve Sigortacılık (Burslu),2,TYT,7,,1,,"18, 21, 64",461720,340.66866,*,MEDEK
203100717,  Dış Ticaret (Ücretli),2,TYT,47,,,,"18, 64",...,----,,
203150397,  Dış Ticaret (Burslu),2,TYT,7,,1,,"18, 21, 64",471560,339.32804,,
203100724,  Halkla İlişkiler ve Tanıtım (Ücretli),2,TYT,31,,,,"18, 64",...,----,,
203150413,  Halkla İlişkiler ve Tanıtım (Burslu),2,TYT,4,,1,,"18, 21, 64",531725,331.62079,,
203100731,  İnsan Kaynakları Yönetimi (Ücretli),2,TYT,38,,,,"18, 64",...,----,,
203150431,  İnsan Kaynakları Yönetimi (Burslu),2,TYT,6,,1,,"18, 21, 64",397690,350.01982,,
203100738,  İşletme Yönetimi (Ücretli),2,TYT,42,,,,"18, 64",...,----,,MEDEK
203150458,  İşletme Yönetimi (Burslu),2,TYT,7,,1,,"18, 21, 64",440564,343.59621,,MEDEK
203100745,  Lojistik (Ücretli),2,TYT,51,,,,"18, 64",...,----,,
203150591,  Lojistik (Burslu),2,TYT,8,,1,,"18, 21, 64",427814,345.47779,,
203100752,  Mahkeme Büro Hizmetleri (Ücretli),2,TYT,48,,,,"18, 64",...,----,,
203190638,  Mahkeme Büro Hizmetleri (Burslu),2,TYT,7,,1,,"18, 21, 64",610190,322.67247,,
203100759,  Muhasebe ve Vergi Uygulamaları (Ücretli),2,TYT,42,,,,"18, 64",...,----,*,MEDEK
203150494,  Muhasebe ve Vergi Uygulamaları (Burslu),2,TYT,7,,1,,"18, 21, 64",529805,331.84980,*,MEDEK
203100766,  Sivil Havacılık Kabin Hizmetleri (Ücretli),2,TYT,51,,,,"10, 18, 64",...,----,,
203190095,  Sivil Havacılık Kabin Hizmetleri (Burslu),2,TYT,8,,1,,"10, 18, 21, 64",373510,353.90981,,
203100773,  Sosyal Hizmetler (Ücretli),2,TYT,31,,,,"18, 64",...,----,,
203150537,  Sosyal Hizmetler (Burslu),2,TYT,4,,1,,"18, 21, 64",507402,334.62850,,
,İSTANBUL NİŞANTAŞI ÜNİVERSİTESİ (Vakıf Üniversitesi) ,,,,,,,,,,,YÖKAK
,MESLEK YÜKSEKOKULU,,,,,,,,,,,
210400843,  Aşçılık (Ücretli),2,TYT,1,,,,"18, 64",1249401,270.13096,*,TUADER
210400836,  Aşçılık (Burslu),2,TYT,10,,2,,"18, 21, 64",509860,334.31635,*,TUADER
210400850,  Aşçılık (%50 İndirimli),2,TYT,66,,,,"18, 21, 64",,,*,TUADER
210400885,  Bankacılık ve Sigortacılık (Ücretli),2,TYT,1,,,,"18, 64",1563064,248.61787,,MEDEK
210400878,  Bankacılık ve Sigortacılık (Burslu),2,TYT,9,,1,,"18, 21, 64",637890,319.72525,,MEDEK
210400892,  Bankacılık ve Sigortacılık (%50 İndirimli),2,TYT,54,,,,"18, 21, 64",2019273,216.53482,,MEDEK
210400927,  Bilgisayar Programcılığı (Ücretli),2,TYT,1,,,,"18, 64",618869,321.73487,,MEDEK
210400920,  Bilgisayar Programcılığı (Burslu),2,TYT,13,,2,,"18, 21, 64",358810,356.41732,,MEDEK
210400934,  Bilgisayar Programcılığı (%50 İndirimli),2,TYT,84,,,,"18, 21, 64",1799519,232.45629,,MEDEK
210403118,  Deniz Brokerliği (Ücretli),2,TYT,1,,,,"18, 64",...,----,,
210403111,  Deniz Brokerliği (Burslu),2,TYT,4,,1,,"18, 21, 64",...,----,,
210403125,  Deniz Brokerliği (%50 İndirimli),2,TYT,24,,,,"18, 21, 64",...,----,,
210400969,  Deniz Ulaştırma ve İşletme (Ücretli),2,TYT,1,,,,"11, 18, 64",361306,355.98609,,
210400962,  Deniz Ulaştırma ve İşletme (Burslu),2,TYT,10,,2,,"11, 18, 21, 64",326433,362.14990,,
210400976,  Deniz Ulaştırma ve İşletme (%50 İndirimli),2,TYT,68,,,,"11, 18, 21, 64",1268243,268.81271,,
210400990,  Dış Ticaret (Ücretli),2,TYT,1,,,,"18, 64",1417072,258.58239,,
210400983,  Dış Ticaret (Burslu),2,TYT,12,,2,,"18, 21, 64",611197,322.56558,,
210400997,  Dış Ticaret (%50 İndirimli),2,TYT,75,,,,"18, 21, 64",2132057,207.20055,,
210401032,  Elektrik (Ücretli),2,TYT,1,,,,"18, 64",1320591,265.17951,,MEDEK
210401025,  Elektrik (Burslu),2,TYT,13,,2,,"18, 21, 64",520484,332.99070,,MEDEK
210401039,  Elektrik (%50 İndirimli),2,TYT,84,,,,"18, 21, 64",1840716,229.59925,,MEDEK
210402880,  Elektronik Teknolojisi (Ücretli),2,TYT,1,,,,"18, 64",1399750,259.76414,,
210402873,  Elektronik Teknolojisi (Burslu),2,TYT,5,,1,,"18, 21, 64",546466,329.85813,,
210402887,  Elektronik Teknolojisi (%50 İndirimli),2,TYT,33,,,,"18, 21, 64",2175608,202.97840,,
210402691,  Fotoğrafçılık ve Kameramanlık (Ücretli),2,TYT,1,,,,"18, 64",1085331,281.79932,,
210402684,  Fotoğrafçılık ve Kameramanlık (Burslu),2,TYT,3,,1,,"18, 21, 64",642803,319.20505,,
210402698,  Fotoğrafçılık ve Kameramanlık (%50 İndirimli),2,TYT,24,,,,"18, 21, 64",,,,
210401053,  Grafik Tasarımı (Ücretli),2,TYT,1,,,,"18, 64",1861343,228.13889,,
210401046,  Grafik Tasarımı (Burslu),2,TYT,9,,2,,"18, 21, 64",555445,328.79862,,
210401060,  Grafik Tasarımı (%50 İndirimli),2,TYT,64,,,,"18, 21, 64",,,,
210401095,  Halkla İlişkiler ve Tanıtım (Ücretli),2,TYT,1,,,,"18, 64",1695758,239.58621,,MEDEK
210401088,  Halkla İlişkiler ve Tanıtım (Burslu),2,TYT,5,,1,,"18, 21, 64",669982,316.43875,,MEDEK
210401102,  Halkla İlişkiler ve Tanıtım (%50 İndirimli),2,TYT,34,,,,"18, 21, 64",,,,MEDEK
210401116,  İç Mekan Tasarımı (Ücretli),2,TYT,1,,,,"18, 64",1211053,272.79765,,
210401109,  İç Mekan Tasarımı (Burslu),2,TYT,6,,1,,"18, 21, 64",651365,318.31687,,
210401123,  İç Mekan Tasarımı (%50 İndirimli),2,TYT,41,,,,"18, 21, 64",,,,
210402901,  İnsansız Araç Teknikerliği (Ücretli),2,TYT,1,,,,"18, 64, 320",1401509,259.64499,,
210402894,  İnsansız Araç Teknikerliği (Burslu),2,TYT,5,,1,,"18, 21, 64, 320",603732,323.35974,,
210402908,  İnsansız Araç Teknikerliği (%50 İndirimli),2,TYT,33,,,,"18, 21, 64, 320",,,,
210401137,  İnşaat Teknolojisi (Ücretli),2,TYT,1,,,,"18, 64",1749095,235.94329,,MEDEK
210401130,  İnşaat Teknolojisi (Burslu),2,TYT,10,,2,,"18, 21, 64",522073,332.78901,,MEDEK
210401144,  İnşaat Teknolojisi (%50 İndirimli),2,TYT,66,,,,"18, 21, 64",1705417,238.92318,,MEDEK
210402607,  İnternet ve Ağ Teknolojileri (Ücretli),2,TYT,1,,,,"18, 64",2069697,212.51741,,
210402600,  İnternet ve Ağ Teknolojileri (Burslu),2,TYT,9,,2,,"18, 21, 64",528088,332.05677,,
210402614,  İnternet ve Ağ Teknolojileri (%50 İndirimli),2,TYT,64,,,,"18, 21, 64",,,,
210401179,  İşletme Yönetimi (Ücretli),2,TYT,1,,,,"18, 64",1680004,240.65328,,MEDEK
210401172,  İşletme Yönetimi (Burslu),2,TYT,9,,1,,"18, 21, 64",632666,320.27030,,MEDEK
210401186,  İşletme Yönetimi (%50 İndirimli),2,TYT,53,,,,"18, 21, 64",1966748,220.51095,,MEDEK
210401221,  Lojistik (Ücretli),2,TYT,1,,,,"18, 64",1929520,223.23027,,MEDEK
210401214,  Lojistik (Burslu),2,TYT,11,,2,,"18, 21, 64",634595,320.06615,,MEDEK
210401228,  Lojistik (%50 İndirimli),2,TYT,75,,,,"18, 21, 64",,,,MEDEK
210402628,  Mahkeme Büro Hizmetleri (Ücretli),2,TYT,1,,,,"18, 64",842025,300.77883,,
210402621,  Mahkeme Büro Hizmetleri (Burslu),2,TYT,5,,1,,"18, 21, 64",684813,314.96955,,
210402635,  Mahkeme Büro Hizmetleri (%50 İndirimli),2,TYT,36,,,,"18, 21, 64",,,,
210401242,  Makine (Ücretli),2,TYT,1,,,,"18, 64",946507,292.29985,,MEDEK
210401235,  Makine (Burslu),2,TYT,10,,2,,"18, 21, 64",512599,333.96908,,MEDEK
210401249,  Makine (%50 İndirimli),2,TYT,66,,,,"18, 21, 64",,,,MEDEK
210402922,  Marina ve Yat İşletmeciliği (Ücretli),2,TYT,1,,,,"11, 18, 64",1176848,275.21400,,
210402915,  Marina ve Yat İşletmeciliği (Burslu),2,TYT,5,,1,,"11, 18, 21, 64",602832,323.46172,,
210402929,  Marina ve Yat İşletmeciliği (%50 İndirimli),2,TYT,33,,,,"11, 18, 21, 64",,,,
210402649,  Mekatronik (Ücretli),2,TYT,1,,,,"18, 64",2310269,160.74564,,
210402642,  Mekatronik (Burslu),2,TYT,10,,1,,"18, 21, 64",478018,338.47746,,
210402656,  Mekatronik (%50 İndirimli),2,TYT,60,,,,"18, 21, 64",,,,
210401263,  Mimari Restorasyon (Ücretli),2,TYT,1,,,,"18, 64",700723,313.42669,,MEDEK
210401256,  Mimari Restorasyon (Burslu),2,TYT,10,,1,,"18, 21, 64",638298,319.68296,,MEDEK
210401270,  Mimari Restorasyon (%50 İndirimli),2,TYT,60,,,,"18, 21, 64",,,,MEDEK
210402670,  Mobil Teknolojileri (Ücretli),2,TYT,1,,,,"18, 64",2035865,215.23443,,
210402663,  Mobil Teknolojileri (Burslu),2,TYT,5,,1,,"18, 21, 64",613016,322.36858,,
210402677,  Mobil Teknolojileri (%50 İndirimli),2,TYT,33,,,,"18, 21, 64",,,,
210401305,  Moda Tasarımı (Ücretli),2,TYT,1,,,,"18, 64",1041951,285.01663,,
210401298,  Moda Tasarımı (Burslu),2,TYT,6,,1,,"18, 21, 64",443977,343.13557,,
210401312,  Moda Tasarımı (%50 İndirimli),2,TYT,40,,,,"18, 21, 64",1853889,228.65535,,
210401326,  Muhasebe ve Vergi Uygulamaları (Ücretli),2,TYT,1,,,,"18, 64",1477786,254.43807,,MEDEK
210401319,  Muhasebe ve Vergi Uygulamaları (Burslu),2,TYT,10,,1,,"18, 21, 64",642615,319.22426,,MEDEK
210401333,  Muhasebe ve Vergi Uygulamaları (%50 İndirimli),2,TYT,58,,,,"18, 21, 64",,,,MEDEK
210401347,  Otomotiv Teknolojisi (Ücretli),2,TYT,1,,,,"18, 64",1307880,266.07164,,MEDEK
210401340,  Otomotiv Teknolojisi (Burslu),2,TYT,12,,2,,"18, 21, 64",553173,329.07062,,MEDEK
210401354,  Otomotiv Teknolojisi (%50 İndirimli),2,TYT,78,,,,"18, 21, 64",1840760,229.59636,,MEDEK
210401389,  Sivil Hava Ulaştırma İşletmeciliği (Ücretli),2,TYT,1,,,,"10, 18, 64",1302452,266.45076,,
210401382,  Sivil Hava Ulaştırma İşletmeciliği (Burslu),2,TYT,12,,2,,"10, 18, 21, 64",511991,334.04839,,
210401396,  Sivil Hava Ulaştırma İşletmeciliği (%50 İndirimli),2,TYT,77,,,,"10, 18, 21, 64",1426781,257.91352,,
210401431,  Sivil Havacılık Kabin Hizmetleri (Ücretli),2,TYT,1,,,,"10, 18, 64",1226485,271.72322,,
210401424,  Sivil Havacılık Kabin Hizmetleri (Burslu),2,TYT,11,,2,,"10, 18, 21, 64",437909,343.97738,,
210401438,  Sivil Havacılık Kabin Hizmetleri (%50 İndirimli),2,TYT,75,,,,"10, 18, 21, 64",1247871,270.23608,,
210401494,  Turist Rehberliği (Ücretli),2,TYT,1,,,,"18, 64",1414508,258.75831,,TUADER
210401487,  Turist Rehberliği (Burslu),2,TYT,7,,1,,"18, 21, 64",501739,335.36128,,TUADER
210401501,  Turist Rehberliği (%50 İndirimli),2,TYT,47,,,,"18, 21, 64",,,,TUADER
210401515,  Turizm ve Otel İşletmeciliği (Ücretli),2,TYT,1,,,,"18, 64",1260348,269.36199,,TUADER
210401508,  Turizm ve Otel İşletmeciliği (Burslu),2,TYT,10,,1,,"18, 21, 64",641289,319.36663,,TUADER
210401522,  Turizm ve Otel İşletmeciliği (%50 İndirimli),2,TYT,60,,,,"18, 21, 64",2309430,166.83235,,TUADER
210401536,  Uçak Teknolojisi (Ücretli),2,TYT,1,,,,"10, 18, 64",851526,299.99089,,
210401529,  Uçak Teknolojisi (Burslu),2,TYT,12,,2,,"10, 18, 21, 64",285631,370.11305,,
210401543,  Uçak Teknolojisi (%50 İndirimli),2,TYT,75,,,,"10, 18, 21, 64",1373080,261.58237,,
210402943,  Web Tasarımı ve Kodlama (Ücretli),2,TYT,1,,,,"18, 64",1982308,219.35051,,
210402936,  Web Tasarımı ve Kodlama (Burslu),2,TYT,5,,1,,"18, 21, 64",519557,333.11037,,
210402950,  Web Tasarımı ve Kodlama (%50 İndirimli),2,TYT,36,,,,"18, 21, 64",,,,
210402964,  Yeşil ve Ekolojik Bina Teknikerliği (Ücretli),2,TYT,1,,,,"18, 64",1458057,255.77171,,
210402957,  Yeşil ve Ekolojik Bina Teknikerliği (Burslu),2,TYT,5,,1,,"18, 21, 64",811362,303.38605,,
210402971,  Yeşil ve Ekolojik Bina Teknikerliği (%50 İndirimli),2,TYT,36,,,,"18, 21, 64",,,,
,SAĞLIK HİZMETLERİ MESLEK YÜKSEKOKULU,,,,,,,,,,,
210401557,  Ağız ve Diş Sağlığı (Ücretli),2,TYT,1,,,,"18, 64",2182181,202.31200,,
210401550,  Ağız ve Diş Sağlığı (Burslu),2,TYT,10,,1,,"18, 21, 64",543723,330.18648,,
210401564,  Ağız ve Diş Sağlığı (%50 İndirimli),2,TYT,60,,,,"18, 21, 64",,,,
210401599,  Ameliyathane Hizmetleri (Ücretli),2,TYT,1,,,,"18, 64",2154374,205.10635,,MEDEK
210401592,  Ameliyathane Hizmetleri (Burslu),2,TYT,10,,1,,"18, 21, 64",623694,321.22433,,MEDEK
210401606,  Ameliyathane Hizmetleri (%50 İndirimli),2,TYT,60,,,,"18, 21, 64",,,,MEDEK
210401641,  Anestezi (Ücretli),2,TYT,1,,,,"18, 64",1646331,242.95102,,
210401634,  Anestezi (Burslu),2,TYT,10,,1,,"18, 21, 64",419395,346.72941,,
210401648,  Anestezi (%50 İndirimli),2,TYT,60,,,,"18, 21, 64",1772957,234.29163,,
210402985,  Biyomedikal Cihaz Teknolojisi (Ücretli),2,TYT,1,,,,"18, 64",,,,
210402978,  Biyomedikal Cihaz Teknolojisi (Burslu),2,TYT,5,,1,,"18, 21, 64",745844,309.20362,,
210402992,  Biyomedikal Cihaz Teknolojisi (%50 İndirimli),2,TYT,33,,,,"18, 21, 64",,,,
210401683,  Çocuk Gelişimi (Ücretli),2,TYT,1,,,,"18, 64",1598008,246.23697,,
210401676,  Çocuk Gelişimi (Burslu),2,TYT,10,,1,,"18, 21, 64",724452,311.17903,,
210401690,  Çocuk Gelişimi (%50 İndirimli),2,TYT,60,,,,"18, 21, 64",2244177,194.64415,,
210402838,  Dijital Sağlık Sistemleri Teknikerliği (Ücretli),2,TYT,1,,,,"18, 64",946758,292.28047,,
210402831,  Dijital Sağlık Sistemleri Teknikerliği (Burslu),2,TYT,5,,1,,"18, 21, 64",687604,314.69370,,
210402845,  Dijital Sağlık Sistemleri Teknikerliği (%50 İndirimli),2,TYT,33,,,,"18, 21, 64",,,,
210400101,  Diş Protez Teknolojisi (Ücretli),2,TYT,1,,,,"18, 64",891087,296.72819,,
210401718,  Diş Protez Teknolojisi (Burslu),2,TYT,10,,2,,"18, 21, 64",436992,344.11117,,
210400108,  Diş Protez Teknolojisi (%50 İndirimli),2,TYT,67,,,,"18, 21, 64",1545398,249.81081,,
210400143,  Diyaliz (Ücretli),2,TYT,1,,,,"18, 64",2106225,209.46266,,
210400136,  Diyaliz (Burslu),2,TYT,10,,1,,"18, 21, 64",660762,317.35375,,
210400150,  Diyaliz (%50 İndirimli),2,TYT,60,,,,"18, 21, 64",,,,
210400185,  Eczane Hizmetleri (Ücretli),2,TYT,1,,,,"18, 64",1743066,236.35417,,
210400178,  Eczane Hizmetleri (Burslu),2,TYT,8,,1,,"18, 21, 64",644262,319.05925,,
210400192,  Eczane Hizmetleri (%50 İndirimli),2,TYT,51,,,,"18, 21, 64",,,,
210400206,  Elektronörofizyoloji (Ücretli),2,TYT,1,,,,"18, 64",,,,
210400199,  Elektronörofizyoloji (Burslu),2,TYT,8,,1,,"18, 21, 64",698602,313.63248,,
210400213,  Elektronörofizyoloji (%50 İndirimli),2,TYT,53,,,,"18, 21, 64",,,,
210400227,  Fizyoterapi (Ücretli),2,TYT,1,,,,"18, 64",579406,326.04250,,
210400220,  Fizyoterapi (Burslu),2,TYT,10,,1,,"18, 21, 64",592260,324.60683,,
210400234,  Fizyoterapi (%50 İndirimli),2,TYT,60,,,,"18, 21, 64",,,,
210400269,  İlk ve Acil Yardım (Ücretli),2,TYT,1,,,,"18, 64",1628330,244.17382,,MEDEK
210400262,  İlk ve Acil Yardım (Burslu),2,TYT,10,,1,,"18, 21, 64",437671,344.01461,,MEDEK
210400276,  İlk ve Acil Yardım (%50 İndirimli),2,TYT,60,,,,"18, 21, 64",1598988,246.16942,,MEDEK
210400332,  Odyometri (Ücretli),2,TYT,1,,,,"18, 64",,,,
210400325,  Odyometri (Burslu),2,TYT,8,,1,,"18, 21, 64",706109,312.92865,,
210400339,  Odyometri (%50 İndirimli),2,TYT,53,,,,"18, 21, 64",,,,
210400374,  Optisyenlik (Ücretli),2,TYT,1,,,,"18, 64",1265848,268.97976,,
210400367,  Optisyenlik (Burslu),2,TYT,10,,2,,"18, 21, 64",583971,325.53058,,
210400381,  Optisyenlik (%50 İndirimli),2,TYT,67,,,,"18, 21, 64",2123356,207.97665,,
210400416,  Ortopedik Protez ve Ortez (Ücretli),2,TYT,1,,,,"18, 64",,,,
210400409,  Ortopedik Protez ve Ortez (Burslu),2,TYT,5,,1,,"18, 21, 64",737892,309.92993,,
210400423,  Ortopedik Protez ve Ortez (%50 İndirimli),2,TYT,36,,,,"18, 21, 64",,,,
210400437,  Patoloji Laboratuvar Teknikleri (Ücretli),2,TYT,1,,,,"18, 64",1277150,268.20412,,MEDEK
210400430,  Patoloji Laboratuvar Teknikleri (Burslu),2,TYT,8,,1,,"18, 21, 64",666808,316.74573,,MEDEK
210400444,  Patoloji Laboratuvar Teknikleri (%50 İndirimli),2,TYT,53,,,,"18, 21, 64",,,,MEDEK
210400458,  Radyoterapi (Ücretli),2,TYT,1,,,,"18, 64",770534,306.97058,,
210400451,  Radyoterapi (Burslu),2,TYT,6,,1,,"18, 21, 64",681439,315.29803,,
210400465,  Radyoterapi (%50 İndirimli),2,TYT,41,,,,"18, 21, 64",,,,
210400500,  Sosyal Hizmetler (Ücretli),2,TYT,1,,,,"18, 64",1205351,273.19483,,
210400493,  Sosyal Hizmetler (Burslu),2,TYT,8,,1,,"18, 21, 64",731725,310.49803,,
210400507,  Sosyal Hizmetler (%50 İndirimli),2,TYT,50,,,,"18, 21, 64",,,,
210400521,  Tıbbi Dokümantasyon ve Sekreterlik (Ücretli),2,TYT,1,,,,"18, 64",1836859,229.87082,,
210400514,  Tıbbi Dokümantasyon ve Sekreterlik (Burslu),2,TYT,10,,1,,"18, 21, 64",584824,325.43593,,
210400528,  Tıbbi Dokümantasyon ve Sekreterlik (%50 İndirimli),2,TYT,60,,,,"18, 21, 64",,,,
210400563,  Tıbbi Görüntüleme Teknikleri (Ücretli),2,TYT,1,,,,"18, 64",1212565,272.69041,,
210400556,  Tıbbi Görüntüleme Teknikleri (Burslu),2,TYT,10,,1,,"18, 21, 64",505804,334.82978,,
210400570,  Tıbbi Görüntüleme Teknikleri (%50 İndirimli),2,TYT,60,,,,"18, 21, 64",,,,
210400605,  Tıbbi Laboratuvar Teknikleri (Ücretli),2,TYT,1,,,,"18, 64",1650053,242.69685,,MEDEK
210400598,  Tıbbi Laboratuvar Teknikleri (Burslu),2,TYT,9,,1,,"18, 21, 64",573370,326.72812,,MEDEK
210400612,  Tıbbi Laboratuvar Teknikleri (%50 İndirimli),2,TYT,57,,,,"18, 21, 64",,,,MEDEK
210402859,  Tıbbi Veri İşleme Teknikerliği (Ücretli),2,TYT,1,,,,"18, 64",2079535,211.71907,,
210402852,  Tıbbi Veri İşleme Teknikerliği (Burslu),2,TYT,5,,1,,"18, 21, 64",657439,317.70251,,
210402866,  Tıbbi Veri İşleme Teknikerliği (%50 İndirimli),2,TYT,33,,,,"18, 21, 64",,,,
,İSTANBUL OKAN ÜNİVERSİTESİ (Vakıf Üniversitesi) ,,,,,,,,,,,YÖKAK
,MESLEK YÜKSEKOKULU,,,,,,,,,,,
204790724,  Akıllı Altyapılar Teknikerliği (Burslu),2,TYT,5,,1,,"21, 64",953244,291.76766,,
204790731,  Akıllı Altyapılar Teknikerliği (%50 İndirimli),2,TYT,34,,,,"21, 64",,,,
204750731,  Aşçılık (Burslu),2,TYT,4,,1,,"21, 64",341892,359.35382,,
204750767,  Aşçılık (%50 İndirimli),2,TYT,29,,,,"21, 64",1508264,252.36350,,
204750785,  Bankacılık ve Sigortacılık (Burslu),2,TYT,8,,1,,"21, 64",657716,317.66923,,
204750794,  Bankacılık ve Sigortacılık (%50 İndirimli),2,TYT,51,,,,"21, 64",,,,
204790633,  Bilgisayar Destekli Tasarım ve Animasyon (Burslu),2,TYT,4,,1,,"21, 64",469976,339.54111,,
204790640,  Bilgisayar Destekli Tasarım ve Animasyon (%50 İndirimli),2,TYT,25,,,,"21, 64",,,,
204750846,  Bilgisayar Programcılığı (Burslu),2,TYT,10,,1,,"21, 64",330016,361.50288,,
204750855,  Bilgisayar Programcılığı (%50 İndirimli),2,TYT,59,,,,"21, 64",1457800,255.78930,,
204750713,  Bilgisayar Programcılığı (İngilizce) (Burslu),2,TYT,4,,1,,"21, 22, 23, 24, 64",...,----,,
204750873,  Bilgisayar Programcılığı (İngilizce) (%50 İndirimli),2,TYT,25,,,,"21, 22, 23, 24, 64",...,----,,
204790738,  Bulut Bilişim Operatörlüğü (Burslu),2,TYT,5,,1,,"21, 64, 320",545602,329.95725,,
204790745,  Bulut Bilişim Operatörlüğü (%50 İndirimli),2,TYT,34,,,,"21, 64, 320",,,,
204750952,  Dış Ticaret (Burslu),2,TYT,3,,1,,"21, 64",496210,336.06985,,
204751792,  Dış Ticaret (%50 İndirimli),2,TYT,22,,,,"21, 64",1538178,250.30230,,
204750537,  Dış Ticaret (İngilizce) (Burslu),2,TYT,3,,1,,"21, 22, 23, 24, 64",358314,356.50412,,
204750979,  Dış Ticaret (İngilizce) (%50 İndirimli),2,TYT,22,,,,"21, 22, 23, 24, 64",1604120,245.82515,,
204790752,  Dijital Dönüşüm Elektroniği (Burslu),2,TYT,5,,1,,"21, 64, 320",786957,305.50982,,
204790759,  Dijital Dönüşüm Elektroniği (%50 İndirimli),2,TYT,34,,,,"21, 64, 320",,,,
204790787,  Doğalgaz ve Tesisatı Teknolojisi (Burslu),2,TYT,5,,1,,"21, 64",1014384,287.07997,,
204790794,  Doğalgaz ve Tesisatı Teknolojisi (%50 İndirimli),2,TYT,34,,,,"21, 64",,,,
204752878,  Elektrik (Burslu),2,TYT,3,,,,"21, 64",365233,355.31798,,
204753267,  Elektrik (%50 İndirimli),2,TYT,20,,,,"21, 64",1317129,265.42093,,
204790801,  Elektronik Haberleşme Teknolojisi (Burslu),2,TYT,5,,1,,"21, 64",572938,326.77545,,
204790808,  Elektronik Haberleşme Teknolojisi (%50 İndirimli),2,TYT,34,,,,"21, 64",,,,
204790815,  E-Ticaret ve Pazarlama (Burslu),2,TYT,4,,1,,"21, 64",629936,320.56190,,
204790822,  E-Ticaret ve Pazarlama (%50 İndirimli),2,TYT,25,,,,"21, 64",,,,
204750679,  Grafik Tasarımı (Burslu),2,TYT,4,,1,,"21, 64",515550,333.59872,,
204751059,  Grafik Tasarımı (%50 İndirimli),2,TYT,25,,,,"21, 64",2051808,213.96719,,
204750652,  Harita ve Kadastro (Burslu),2,TYT,2,,,,"21, 64",317591,363.81452,,
204751086,  Harita ve Kadastro (%50 İndirimli),2,TYT,13,,,,"21, 64",1265383,269.00973,,
204753204,  İç Mekan Tasarımı (Burslu),2,TYT,8,,1,,"21, 64",567266,327.41783,,
204753285,  İç Mekan Tasarımı (%50 İndirimli),2,TYT,51,,,,"21, 64",1858489,228.33920,,
204790829,  İklimlendirme ve Soğutma Teknolojisi (Burslu),2,TYT,5,,1,,"21, 64",818752,302.75161,,
204790836,  İklimlendirme ve Soğutma Teknolojisi (%50 İndirimli),2,TYT,34,,,,"21, 64",,,,
204751111,  İnsan Kaynakları Yönetimi (Burslu),2,TYT,8,,1,,"21, 64",728653,310.77870,,
204751102,  İnsan Kaynakları Yönetimi (%50 İndirimli),2,TYT,51,,,,"21, 64",,,,
204700213,  İnsansız Hava Aracı Teknolojisi ve Operatörlüğü (Burslu),2,TYT,4,,1,,"21, 64",...,----,,
204700220,  İnsansız Hava Aracı Teknolojisi ve Operatörlüğü (%50 İndirimli),2,TYT,25,,,,"21, 64",...,----,,
204750634,  İnşaat Teknolojisi (Burslu),2,TYT,3,,,,"21, 64",377306,353.28739,*,MEDEK
204751165,  İnşaat Teknolojisi (%50 İndirimli),2,TYT,20,,,,"21, 64",1300773,266.56120,*,MEDEK
204790843,  İş Makineleri Operatörlüğü (Burslu),2,TYT,5,,1,,"21, 64",711658,312.39608,,
204790850,  İş Makineleri Operatörlüğü (%50 İndirimli),2,TYT,34,,,,"21, 64",,,,
204751217,  İşletme Yönetimi (Burslu),2,TYT,3,,1,,"21, 64",459891,340.92675,,
204751208,  İşletme Yönetimi (%50 İndirimli),2,TYT,22,,,,"21, 64",1657219,242.20769,,
204790857,  Kontrol ve Otomasyon Teknolojisi (Burslu),2,TYT,5,,1,,"21, 64",567615,327.37967,,
204790864,  Kontrol ve Otomasyon Teknolojisi (%50 İndirimli),2,TYT,34,,,,"21, 64",,,,
204751289,  Lojistik (Burslu),2,TYT,5,,1,,"21, 64",595210,324.28865,,
204751817,  Lojistik (%50 İndirimli),2,TYT,34,,,,"21, 64",1975975,219.82409,,
204790647,  Mahkeme Büro Hizmetleri (Burslu),2,TYT,4,,1,,"21, 64",673286,316.10953,,
204790654,  Mahkeme Büro Hizmetleri (%50 İndirimli),2,TYT,25,,,,"21, 64",,,,
204752666,  Makine (Burslu),2,TYT,4,,1,,"21, 64",340364,359.62611,,
204752675,  Makine (%50 İndirimli),2,TYT,25,,,,"21, 64",1354741,262.82773,,
204752896,  Mekatronik (Burslu),2,TYT,5,,1,,"21, 64",331231,361.28117,*,MEDEK
204753301,  Mekatronik (%50 İndirimli),2,TYT,36,,,,"21, 64",1286653,267.53764,*,MEDEK
204752154,  Mimari Restorasyon (Burslu),2,TYT,3,,1,,"21, 64",509602,334.34988,,
204752163,  Mimari Restorasyon (%50 İndirimli),2,TYT,25,,,,"21, 64",,,,
204752215,  Mobil Teknolojileri (Burslu),2,TYT,3,,,,"21, 64",508489,334.48771,,
204752224,  Mobil Teknolojileri (%50 İndirimli),2,TYT,19,,,,"21, 64",,,,
204751341,  Muhasebe ve Vergi Uygulamaları (Burslu),2,TYT,4,,1,,"21, 64",643792,319.10566,,
204751332,  Muhasebe ve Vergi Uygulamaları (%50 İndirimli),2,TYT,31,,,,"21, 64",,,,
204751438,  Sivil Hava Ulaştırma İşletmeciliği (Burslu),2,TYT,3,,,,"10, 21, 64",397934,349.98135,,
204751835,  Sivil Hava Ulaştırma İşletmeciliği (%50 İndirimli),2,TYT,17,,,,"10, 21, 64",1102271,280.58162,,
204750616,  Sivil Hava Ulaştırma İşletmeciliği (İngilizce) (Burslu),2,TYT,2,,,,"10, 21, 22, 23, 24, 64",321615,363.06369,,
204751456,  Sivil Hava Ulaştırma İşletmeciliği (İngilizce) (%50 İndirimli),2,TYT,13,,,,"10, 21, 22, 23, 24, 64",986657,289.19382,,
204751898,  Sivil Havacılık Kabin Hizmetleri (Burslu),2,TYT,5,,1,,"10, 21, 64",347183,358.41874,,
204751905,  Sivil Havacılık Kabin Hizmetleri (%50 İndirimli),2,TYT,32,,,,"10, 21, 64",1050618,284.37671,,
204752842,  Sivil Havacılık Kabin Hizmetleri (İngilizce) (Burslu),2,TYT,4,,1,,"10, 21, 22, 23, 24, 64",285706,370.09405,,
204752851,  Sivil Havacılık Kabin Hizmetleri (İngilizce) (%50 İndirimli),2,TYT,29,,,,"10, 21, 22, 23, 24, 64",1085541,281.78441,,
204753249,  Uçak Teknolojisi (Burslu),2,TYT,6,,1,,"10, 21, 64",225902,383.54060,,
204753328,  Uçak Teknolojisi (%50 İndirimli),2,TYT,41,,,,"10, 21, 64",717000,311.88408,,
204790514,  Uçuş Harekat Yöneticiliği (Burslu),2,TYT,5,,1,,"10, 21, 64",329247,361.63592,,
204790515,  Uçuş Harekat Yöneticiliği (%50 İndirimli),2,TYT,34,,,,"10, 21, 64",1268748,268.77732,,
204790871,  Web Tasarımı ve Kodlama (Burslu),2,TYT,13,,2,,"21, 64",502803,335.22512,,
204790878,  Web Tasarımı ve Kodlama (%50 İndirimli),2,TYT,85,,,,"21, 64",,,,
204790885,  Yapay Zeka Operatörlüğü (Burslu),2,TYT,5,,1,,"21, 64, 320",395716,350.32456,,
204790892,  Yapay Zeka Operatörlüğü (%50 İndirimli),2,TYT,34,,,,"21, 64, 320",,,,
204700227,  Yapay Zeka Operatörlüğü (İngilizce) (Burslu),2,TYT,4,,1,,"21, 22, 23, 24, 64, 320",...,----,,
204700234,  Yapay Zeka Operatörlüğü (İngilizce) (%50 İndirimli),2,TYT,25,,,,"21, 22, 23, 24, 64, 320",...,----,,
,SAĞLIK HİZMETLERİ MESLEK YÜKSEKOKULU,,,,,,,,,,,
204790619,  Ağız ve Diş Sağlığı (Burslu),2,TYT,8,,1,,"21, 64",457333,341.27773,,
204790626,  Ağız ve Diş Sağlığı (%50 İndirimli),2,TYT,51,,,,"21, 64",1340353,263.82761,,
204752242,  Ameliyathane Hizmetleri (Burslu),2,TYT,4,,1,,"21, 64",575213,326.51990,,
204752251,  Ameliyathane Hizmetleri (%50 İndirimli),2,TYT,29,,,,"21, 64",1893543,225.84471,,
204752269,  Anestezi (Ücretli),2,TYT,10,,,,64,1982702,219.31936,,
204752278,  Anestezi (Burslu),2,TYT,7,,1,,"21, 64",399156,349.79070,,
204752287,  Anestezi (%50 İndirimli),2,TYT,36,,,,"21, 64",1038750,285.25010,,
204750458,  Çocuk Gelişimi (Burslu),2,TYT,3,,1,,"21, 64",641020,319.39320,,
204751783,  Çocuk Gelişimi (%50 İndirimli),2,TYT,23,,,,"21, 64",,,,
204700241,  Dijital Sağlık Sistemleri Teknikerliği (Burslu),2,TYT,5,,1,,"21, 64",632694,320.26649,,
204700248,  Dijital Sağlık Sistemleri Teknikerliği (%50 İndirimli),2,TYT,34,,,,"21, 64",,,,
204752303,  Diyaliz (Burslu),2,TYT,3,,,,"21, 64",605499,323.16899,,
204752312,  Diyaliz (%50 İndirimli),2,TYT,18,,,,"21, 64",,,,
204752339,  Elektronörofizyoloji (Burslu),2,TYT,4,,1,,"21, 64",595360,324.27274,,
204752348,  Elektronörofizyoloji (%50 İndirimli),2,TYT,25,,,,"21, 64",,,,
204752357,  İlk ve Acil Yardım (Ücretli),2,TYT,14,,,,64,1797148,232.62789,*,MEDEK
204752366,  İlk ve Acil Yardım (Burslu),2,TYT,10,,1,,"21, 64",429812,345.17966,*,MEDEK
204752375,  İlk ve Acil Yardım (%50 İndirimli),2,TYT,50,,,,"21, 64",1140805,277.79319,*,MEDEK
204752393,  Odyometri (Burslu),2,TYT,4,,,,"21, 64",552525,329.14676,,
204752409,  Odyometri (%50 İndirimli),2,TYT,19,,,,"21, 64",,,,
204752693,  Optisyenlik (Burslu),2,TYT,4,,1,,"21, 64",400801,349.53265,,
204752709,  Optisyenlik (%50 İndirimli),2,TYT,29,,,,"21, 64",1675879,240.93093,,
204752427,  Patoloji Laboratuvar Teknikleri (Burslu),2,TYT,2,,,,"21, 64",566463,327.51782,*,MEDEK
204752436,  Patoloji Laboratuvar Teknikleri (%50 İndirimli),2,TYT,12,,,,"21, 64",,,*,MEDEK
204752481,  Radyoterapi (Burslu),2,TYT,3,,,,"21, 64",610300,322.66018,,
204752499,  Radyoterapi (%50 İndirimli),2,TYT,17,,,,"21, 64",,,,
204752506,  Tıbbi Görüntüleme Teknikleri (Ücretli),2,TYT,11,,,,64,2243766,194.70385,,
204752515,  Tıbbi Görüntüleme Teknikleri (Burslu),2,TYT,7,,1,,"21, 64",457723,341.21969,,
204752524,  Tıbbi Görüntüleme Teknikleri (%50 İndirimli),2,TYT,36,,,,"21, 64",1304651,266.29809,,
204752542,  Tıbbi Laboratuvar Teknikleri (Burslu),2,TYT,4,,1,,"21, 64",478722,338.38100,*,MEDEK
204752551,  Tıbbi Laboratuvar Teknikleri (%50 İndirimli),2,TYT,27,,,,"21, 64",1617171,244.93141,*,MEDEK
204752578,  Yaşlı Bakımı (Burslu),2,TYT,5,,1,,"21, 64",845853,300.45522,,
204752587,  Yaşlı Bakımı (%50 İndirimli),2,TYT,34,,,,"21, 64",,,,
,İSTANBUL RUMELİ ÜNİVERSİTESİ (Vakıf Üniversitesi) ,,,,,,,,,,,YÖKAK
,MESLEK YÜKSEKOKULU,,,,,,,,,,,
208150743,  Aşçılık (Burslu),2,TYT,4,,,,"21, 64",565812,327.59456,,MEDEK
208150752,  Aşçılık (%50 İndirimli),2,TYT,21,,,,"21, 64",,,,MEDEK
208150328,  Bilgisayar Programcılığı (Burslu),2,TYT,8,,1,,"21, 64",421188,346.47249,,MEDEK
208150337,  Bilgisayar Programcılığı (%50 İndirimli),2,TYT,49,,,,"21, 64",,,,MEDEK
208150407,  Grafik Tasarımı (Burslu),2,TYT,4,,,,"21, 64",596642,324.13662,,
208150416,  Grafik Tasarımı (%50 İndirimli),2,TYT,21,,,,"21, 64",,,,
208150788,  İç Mekan Tasarımı (Burslu),2,TYT,4,,,,"21, 64",705688,312.96625,,
208150797,  İç Mekan Tasarımı (%50 İndirimli),2,TYT,19,,,,"21, 64",,,,
208151344,  Mahkeme Büro Hizmetleri (Burslu),2,TYT,3,,1,,"21, 64",735571,310.14462,,
208151351,  Mahkeme Büro Hizmetleri (%50 İndirimli),2,TYT,25,,,,"21, 64",,,,
208151176,  Pastacılık ve Ekmekçilik (Burslu),2,TYT,2,,,,"21, 64",334284,360.71663,,MEDEK
208151183,  Pastacılık ve Ekmekçilik (%50 İndirimli),2,TYT,13,,,,"21, 64",,,,MEDEK
208150937,  Sivil Hava Ulaştırma İşletmeciliği (Burslu),2,TYT,4,,1,,"10, 21, 64",527476,332.13277,,
208150946,  Sivil Hava Ulaştırma İşletmeciliği (%50 İndirimli),2,TYT,30,,,,"10, 21, 64",1815313,231.35987,,
208150973,  Sivil Havacılık Kabin Hizmetleri (Burslu),2,TYT,4,,,,"10, 21, 64",481486,338.01399,,
208150982,  Sivil Havacılık Kabin Hizmetleri (%50 İndirimli),2,TYT,21,,,,"10, 21, 64",1459785,255.65328,,
208150885,  Uçak Teknolojisi (Ücretli),2,TYT,7,,,,"10, 64",1867013,227.74423,,
208150894,  Uçak Teknolojisi (Burslu),2,TYT,10,,1,,"10, 21, 64",374911,353.68861,,
208150901,  Uçak Teknolojisi (%50 İndirimli),2,TYT,52,,,,"10, 21, 64",1475241,254.60699,,
,SAĞLIK HİZMETLERİ MESLEK YÜKSEKOKULU,,,,,,,,,,,
208150197,  Ağız ve Diş Sağlığı (Ücretli),2,TYT,4,,,,64,,,,
208150204,  Ağız ve Diş Sağlığı (Burslu),2,TYT,10,,1,,"21, 64",563779,327.82762,,
208150213,  Ağız ve Diş Sağlığı (%50 İndirimli),2,TYT,57,,,,"21, 64",2072294,212.30170,,
208150267,  Ameliyathane Hizmetleri (Ücretli),2,TYT,4,,,,64,2289021,185.01110,,
208150231,  Ameliyathane Hizmetleri (Burslu),2,TYT,9,,1,,"21, 64",642895,319.19633,,
208150249,  Ameliyathane Hizmetleri (%50 İndirimli),2,TYT,54,,,,"21, 64",,,,
208150276,  Anestezi (Ücretli),2,TYT,4,,,,64,,,,
208150285,  Anestezi (Burslu),2,TYT,10,,1,,"21, 64",480135,338.19024,,
208151190,  Anestezi (%25 İndirimli),2,TYT,57,,,,"21, 64",2218802,198.12303,,
208150091,  Çocuk Gelişimi (Burslu),2,TYT,3,,1,,"21, 64",708181,312.72840,,
208150576,  Çocuk Gelişimi (%50 İndirimli),2,TYT,23,,,,"21, 64",,,,
208151008,  Diş Protez Teknolojisi (Ücretli),2,TYT,5,,,,64,1541136,250.10214,,
208151017,  Diş Protez Teknolojisi (Burslu),2,TYT,5,,1,,"21, 64",490947,336.75700,,
208151026,  Diş Protez Teknolojisi (%50 İndirimli),2,TYT,29,,,,"21, 64",1419007,258.44713,,
208150082,  Diyaliz (Ücretli),2,TYT,2,,,,64,2300032,180.00277,,
208150073,  Diyaliz (Burslu),2,TYT,7,,1,,"21, 64",687153,314.74196,,
208150594,  Diyaliz (%50 İndirimli),2,TYT,43,,,,"21, 64",,,,
208151089,  Elektronörofizyoloji (Burslu),2,TYT,3,,1,,"21, 64",694192,314.05208,,
208151098,  Elektronörofizyoloji (%50 İndirimli),2,TYT,25,,,,"21, 64",,,,
208151152,  Evde Hasta Bakımı (Burslu),2,TYT,4,,,,"21, 64",893715,296.51339,,
208151153,  Evde Hasta Bakımı (%50 İndirimli),2,TYT,21,,,,"21, 64",,,,
208150364,  Fizyoterapi (Burslu),2,TYT,10,,1,,"21, 64",663812,317.04826,,
208150373,  Fizyoterapi (%50 İndirimli),2,TYT,60,,,,"21, 64",,,,
208150434,  İlk ve Acil Yardım (Ücretli),2,TYT,22,,,,64,2200222,200.34146,,
208150443,  İlk ve Acil Yardım (Burslu),2,TYT,10,,1,,"21, 64",514076,333.78872,,
208151165,  İlk ve Acil Yardım (%25 İndirimli),2,TYT,39,,,,"21, 64",1687416,240.15103,,
208150064,  Odyometri (Burslu),2,TYT,4,,1,,"21, 64",711271,312.43342,,
208150558,  Odyometri (%50 İndirimli),2,TYT,31,,,,"21, 64",,,,
208150028,  Patoloji Laboratuvar Teknikleri (Burslu),2,TYT,4,,1,,"21, 64",684243,315.02611,,
208150037,  Patoloji Laboratuvar Teknikleri (%50 İndirimli),2,TYT,31,,,,"21, 64",,,,
208150116,  Radyoterapi (Burslu),2,TYT,4,,1,,"21, 64",658791,317.56084,,
208150125,  Radyoterapi (%50 İndirimli),2,TYT,31,,,,"21, 64",,,,
208151053,  Tıbbi Dokümantasyon ve Sekreterlik (Burslu),2,TYT,3,,,,"21, 64",570792,327.01453,,
208151062,  Tıbbi Dokümantasyon ve Sekreterlik (%50 İndirimli),2,TYT,20,,,,"21, 64",,,,
208150479,  Tıbbi Görüntüleme Teknikleri (Ücretli),2,TYT,3,,,,64,2200892,200.26735,,
208150488,  Tıbbi Görüntüleme Teknikleri (Burslu),2,TYT,10,,1,,"21, 64",558583,328.42455,,
208150497,  Tıbbi Görüntüleme Teknikleri (%50 İndirimli),2,TYT,58,,,,"21, 64",1884459,226.50002,,
208150513,  Tıbbi Laboratuvar Teknikleri (Ücretli),2,TYT,2,,,,64,,,,
208150522,  Tıbbi Laboratuvar Teknikleri (Burslu),2,TYT,8,,1,,"21, 64",608103,322.89299,,
208150531,  Tıbbi Laboratuvar Teknikleri (%50 İndirimli),2,TYT,50,,,,"21, 64",,,,
,İSTANBUL SAĞLIK VE SOSYAL BİLİMLER MESLEK YÜKSEKOKULU (Vakıf Üniversitesi) ,,,,,,,,,,,
,İSTANBUL SAĞLIK VE SOSYAL BİLİMLER MESLEK YÜKSEKOKULU,,,,,,,,,,,
209900115,  Ağız ve Diş Sağlığı (Ücretli),2,TYT,46,,,,64,...,----,,
209900108,  Ağız ve Diş Sağlığı (Ücretli) (Bursa Yerleşkesi),2,TYT,34,,,,"22, 64",...,----,,
209910010,  Ağız ve Diş Sağlığı (Burslu),2,TYT,7,,1,,"21, 64",507642,334.59732,,
209900101,  Ağız ve Diş Sağlığı (Burslu) (Bursa Yerleşkesi),2,TYT,5,,1,,"21, 64",...,----,,
209900122,  Anestezi (Ücretli),2,TYT,46,,,,64,...,----,,
209900129,  Anestezi (Ücretli) (Bursa Yerleşkesi),2,TYT,46,,,,64,...,----,,
209910014,  Anestezi (Burslu),2,TYT,7,,1,,"21, 64",410360,348.08026,,
209910046,  Anestezi (Burslu) (Bursa Yerleşkesi),2,TYT,7,,1,,"21, 64",498470,335.78165,,
209900143,  Fizyoterapi (Ücretli),2,TYT,46,,,,64,...,----,,
209900136,  Fizyoterapi (Ücretli) (Bursa Yerleşkesi),2,TYT,46,,,,64,...,----,,
209910018,  Fizyoterapi (Burslu),2,TYT,7,,1,,"21, 64",555814,328.75468,,
209910060,  Fizyoterapi (Burslu) (Bursa Yerleşkesi),2,TYT,7,,1,,"21, 64",685479,314.90622,,
209900157,  Grafik Tasarımı (Ücretli),2,TYT,34,,,,64,...,----,,
209900150,  Grafik Tasarımı (Ücretli) (Bursa Yerleşkesi),2,TYT,42,,,,64,...,----,,
209910020,  Grafik Tasarımı (Burslu),2,TYT,5,,1,,"21, 64",501527,335.38870,,
209910074,  Grafik Tasarımı (Burslu) (Bursa Yerleşkesi),2,TYT,7,,1,,"21, 64",765351,307.43715,,
209900171,  İç Mekan Tasarımı (Ücretli),2,TYT,38,,,,64,...,----,,
209900164,  İç Mekan Tasarımı (Ücretli) (Bursa Yerleşkesi),2,TYT,41,,,,64,...,----,,
209910022,  İç Mekan Tasarımı (Burslu),2,TYT,6,,1,,"21, 64",620450,321.57201,,
209910088,  İç Mekan Tasarımı (Burslu) (Bursa Yerleşkesi),2,TYT,6,,1,,"21, 64",1012046,287.25510,,
209900178,  İlk ve Acil Yardım (Ücretli),2,TYT,46,,,,64,...,----,,
209900185,  İlk ve Acil Yardım (Ücretli) (Bursa Yerleşkesi),2,TYT,46,,,,64,...,----,,
209910024,  İlk ve Acil Yardım (Burslu),2,TYT,7,,1,,"21, 64",462019,340.62604,,
209910102,  İlk ve Acil Yardım (Burslu) (Bursa Yerleşkesi),2,TYT,7,,1,,"21, 64",533849,331.36976,,
209900199,  Moda Tasarımı (Ücretli),2,TYT,42,,,,64,...,----,,
209900192,  Moda Tasarımı (Ücretli) (Bursa Yerleşkesi),2,TYT,42,,,,64,...,----,,
209910028,  Moda Tasarımı (Burslu),2,TYT,6,,1,,"21, 64",662491,317.18165,,
209910116,  Moda Tasarımı (Burslu) (Bursa Yerleşkesi),2,TYT,6,,1,,"21, 64",802195,304.17815,,
209900213,  Ofis Teknolojileri ve Veri Yönetimi (Ücretli) (Bursa Yerleşkesi),2,TYT,42,,,,64,...,----,,
209900206,  Ofis Teknolojileri ve Veri Yönetimi (Burslu) (Bursa Yerleşkesi),2,TYT,7,,1,,"21, 64",...,----,,
209900227,  Oyun Geliştirme ve Programlama (Ücretli) (Bursa Yerleşkesi),2,TYT,42,,,,"64, 320",...,----,,
209900220,  Oyun Geliştirme ve Programlama (Burslu) (Bursa Yerleşkesi),2,TYT,7,,1,,"21, 64, 320",...,----,,
209900234,  Tıbbi Dokümantasyon ve Sekreterlik (Ücretli),2,TYT,38,,,,64,...,----,,
209900241,  Tıbbi Dokümantasyon ve Sekreterlik (Ücretli) (Bursa Yerleşkesi),2,TYT,46,,,,64,...,----,,
209910034,  Tıbbi Dokümantasyon ve Sekreterlik (Burslu),2,TYT,6,,1,,"21, 64",511585,334.10239,,
209910130,  Tıbbi Dokümantasyon ve Sekreterlik (Burslu) (Bursa Yerleşkesi),2,TYT,7,,1,,"21, 64",766667,307.31730,,
209900255,  Tıbbi Görüntüleme Teknikleri (Ücretli),2,TYT,46,,,,64,...,----,,
209900262,  Tıbbi Görüntüleme Teknikleri (Ücretli) (Bursa Yerleşkesi),2,TYT,34,,,,64,...,----,,
209910036,  Tıbbi Görüntüleme Teknikleri (Burslu),2,TYT,7,,1,,"21, 64",475684,338.78545,,
209900248,  Tıbbi Görüntüleme Teknikleri (Burslu) (Bursa Yerleşkesi),2,TYT,5,,1,,"21, 64",...,----,,
209900283,  Tıbbi Laboratuvar Teknikleri (Ücretli),2,TYT,43,,,,64,...,----,,
209900276,  Tıbbi Laboratuvar Teknikleri (Ücretli) (Bursa Yerleşkesi),2,TYT,34,,,,64,...,----,,
209910038,  Tıbbi Laboratuvar Teknikleri (Burslu),2,TYT,7,,1,,"21, 64",515443,333.61155,,
209900269,  Tıbbi Laboratuvar Teknikleri (Burslu) (Bursa Yerleşkesi),2,TYT,5,,1,,"21, 64",...,----,,
209900297,  Tıbbi Veri İşleme Teknikerliği (Ücretli) (Bursa Yerleşkesi),2,TYT,42,,,,64,...,----,,
209900290,  Tıbbi Veri İşleme Teknikerliği (Burslu) (Bursa Yerleşkesi),2,TYT,7,,1,,"21, 64",...,----,,
209900311,  Yapay Zekâ Destekli Web Tasarımı ve Kodlama (Ücretli) (Bursa Yerleşkesi),2,TYT,42,,,,"64, 320",...,----,,
209900304,  Yapay Zekâ Destekli Web Tasarımı ve Kodlama (Burslu) (Bursa Yerleşkesi),2,TYT,7,,1,,"21, 64, 320",...,----,,
209900325,  Yenilenebilir Enerji Teknikerliği (Ücretli) (Bursa Yerleşkesi),2,TYT,42,,,,64,...,----,,
209900318,  Yenilenebilir Enerji Teknikerliği (Burslu) (Bursa Yerleşkesi),2,TYT,7,,1,,"21, 64",...,----,,
,İSTANBUL ŞİŞLİ MESLEK YÜKSEKOKULU (Vakıf Üniversitesi) ,,,,,,,,,,,
,İSTANBUL ŞİŞLİ MESLEK YÜKSEKOKULU,,,,,,,,,,,
206851388,  Ağız ve Diş Sağlığı (Ücretli),2,TYT,1,,,,64,1930520,223.15813,,
206851397,  Ağız ve Diş Sağlığı (Burslu),2,TYT,10,,1,,"21, 64",555737,328.76514,,
206851404,  Ağız ve Diş Sağlığı (%50 İndirimli),2,TYT,60,,,,"21, 64",1414634,258.74828,,
206870091,  Ameliyathane Hizmetleri (Ücretli),2,TYT,2,,,,64,1987949,218.92388,,
206851422,  Ameliyathane Hizmetleri (Burslu),2,TYT,10,,1,,"21, 64",639054,319.60493,,
206851431,  Ameliyathane Hizmetleri (%50 İndirimli),2,TYT,59,,,,"21, 64",1695155,239.62393,,
206851449,  Anestezi (Ücretli),2,TYT,7,,,,64,1893901,225.81804,,
206851458,  Anestezi (Burslu),2,TYT,10,,1,,"21, 64",474478,338.94123,,
206851467,  Anestezi (%50 İndirimli),2,TYT,54,,,,"21, 64",1164761,276.08621,,
206851291,  Aşçılık (Burslu),2,TYT,10,,2,,"21, 64",612297,322.44583,,
206851307,  Aşçılık (%50 İndirimli),2,TYT,66,,,,"21, 64",2047107,214.33821,,
206850027,  Bankacılık ve Sigortacılık (Burslu),2,TYT,12,,2,,"21, 64",691346,314.31657,,
206850036,  Bankacılık ve Sigortacılık (%50 İndirimli),2,TYT,76,,,,"21, 64",1692026,239.83617,,
206850115,  Çocuk Gelişimi (Burslu),2,TYT,11,,2,,"21, 64",743905,309.37862,,
206850124,  Çocuk Gelişimi (%50 İndirimli),2,TYT,75,,,,"21, 64",2063671,213.01488,,
206850945,  Dış Ticaret (Burslu),2,TYT,10,,2,,"21, 64",763274,307.62922,,
206850954,  Dış Ticaret (%50 İndirimli),2,TYT,66,,,,"21, 64",2129695,207.40871,,
206851485,  Elektronörofizyoloji (Burslu),2,TYT,10,,2,,"21, 64",673496,316.08935,,
206851494,  Elektronörofizyoloji (%50 İndirimli),2,TYT,66,,,,"21, 64",,,,
206870153,  E-Ticaret ve Pazarlama (Burslu),2,TYT,13,,2,,"21, 64",708265,312.72066,,
206870160,  E-Ticaret ve Pazarlama (%50 İndirimli),2,TYT,83,,,,"21, 64",,,,
206850724,  Fizyoterapi (Ücretli),2,TYT,3,,,,64,2079939,211.68447,,
206850733,  Fizyoterapi (Burslu),2,TYT,10,,1,,"21, 64",642146,319.27260,,
206850742,  Fizyoterapi (%50 İndirimli),2,TYT,58,,,,"21, 64",1629178,244.11348,,
206850512,  Grafik Tasarımı (Burslu),2,TYT,14,,2,,"21, 64",642941,319.19092,,
206850636,  Grafik Tasarımı (%50 İndirimli),2,TYT,92,,,,"21, 64",,,,
206851325,  İç Mekan Tasarımı (Burslu),2,TYT,12,,2,,"21, 64",724288,311.19384,,
206851334,  İç Mekan Tasarımı (%50 İndirimli),2,TYT,76,,,,"21, 64",,,,
206850487,  İlk ve Acil Yardım (Ücretli),2,TYT,7,,,,64,1652341,242.54048,,
206850496,  İlk ve Acil Yardım (Burslu),2,TYT,10,,1,,"21, 64",494412,336.30113,,
206850593,  İlk ve Acil Yardım (%50 İndirimli),2,TYT,54,,,,"21, 64",1082952,281.97283,,
206870167,  Mahkeme Büro Hizmetleri (Burslu),2,TYT,16,,2,,"21, 64",724081,311.21303,,
206870174,  Mahkeme Büro Hizmetleri (%50 İndirimli),2,TYT,100,,,,"21, 64",,,,
206800101,  Medya ve İletişim (Burslu),2,TYT,10,,2,,"21, 64",...,----,,
206800108,  Medya ve İletişim (%50 İndirimli),2,TYT,66,,,,"21, 64",...,----,,
206851546,  Odyometri (Burslu),2,TYT,10,,2,,"21, 64",692555,314.20193,,
206851555,  Odyometri (%50 İndirimli),2,TYT,66,,,,"21, 64",,,,
206870146,  Radyoterapi (Ücretli),2,TYT,1,,,,64,1702137,239.15227,,
206850821,  Radyoterapi (Burslu),2,TYT,10,,2,,"21, 64",674400,315.99633,,
206850839,  Radyoterapi (%50 İndirimli),2,TYT,65,,,,"21, 64",2051864,213.96308,,
206850539,  Saç Bakımı ve Güzellik Hizmetleri (Burslu),2,TYT,13,,2,,"21, 64",726732,310.96015,,
206850654,  Saç Bakımı ve Güzellik Hizmetleri (%50 İndirimli),2,TYT,83,,,,"21, 64",,,,
206870096,  Sivil Havacılık Kabin Hizmetleri (Burslu),2,TYT,16,,2,,"10, 21, 64",507745,334.58104,,
206870097,  Sivil Havacılık Kabin Hizmetleri (%50 İndirimli),2,TYT,100,,,,"10, 21, 64",1292313,267.13984,,
206850478,  Tıbbi Dokümantasyon ve Sekreterlik (Burslu),2,TYT,14,,2,,"21, 64",612572,322.41807,,
206850575,  Tıbbi Dokümantasyon ve Sekreterlik (%50 İndirimli),2,TYT,92,,,,"21, 64",1674183,241.04613,,
206851501,  Tıbbi Görüntüleme Teknikleri (Ücretli),2,TYT,2,,,,64,1892471,225.92026,,
206851519,  Tıbbi Görüntüleme Teknikleri (Burslu),2,TYT,10,,1,,"21, 64",526004,332.30640,,
206851528,  Tıbbi Görüntüleme Teknikleri (%50 İndirimli),2,TYT,59,,,,"21, 64",1308024,266.06255,,
206850293,  Turizm ve Otel İşletmeciliği (Burslu),2,TYT,13,,2,,"21, 64",703016,313.22069,,
206850309,  Turizm ve Otel İşletmeciliği (%50 İndirimli),2,TYT,83,,,,"21, 64",1969842,220.28764,,
206850354,  Yaşlı Bakımı (Burslu),2,TYT,16,,2,,"21, 64",888679,296.92710,,
206850363,  Yaşlı Bakımı (%50 İndirimli),2,TYT,100,,,,"21, 64",,,,
,İSTANBUL TİCARET ÜNİVERSİTESİ (Vakıf Üniversitesi) ,,,,,,,,,,,YÖKAK
,MESLEK YÜKSEKOKULU,,,,,,,,,,,
203490237,  Bilgisayar Programcılığı (Burslu),2,TYT,8,,1,,"18, 21, 64",288007,369.62382,,MEDEK
203490244,  Bilgisayar Programcılığı (%50 İndirimli),2,TYT,51,,,,"18, 21, 64",680496,315.38706,,MEDEK
203490328,  Bilgisayar Teknolojisi (Burslu),2,TYT,5,,1,,"18, 21, 64, 320",382810,352.40016,,
203490335,  Bilgisayar Teknolojisi (%50 İndirimli),2,TYT,34,,,,"18, 21, 64, 320",1027585,286.08036,,
203490251,  Siber Güvenlik (Burslu),2,TYT,8,,1,,"18, 21, 64",184741,394.62237,,
203490258,  Siber Güvenlik (%50 İndirimli),2,TYT,51,,,,"18, 21, 64",761002,307.82643,,
,İSTANBUL TOPKAPI ÜNİVERSİTESİ (Vakıf Üniversitesi) ,,,,,,,,,,,
,PLATO MESLEK YÜKSEKOKULU,,,,,,,,,,,
205053774,  Ağız ve Diş Sağlığı (Burslu),2,TYT,10,,1,,"18, 21, 64",541040,330.49670,,
205053765,  Ağız ve Diş Sağlığı (%50 İndirimli),2,TYT,60,,,,"18, 21, 64",1475222,254.60787,,
205053792,  Ameliyathane Hizmetleri (Burslu),2,TYT,10,,1,,"18, 21, 64",623312,321.26465,,
205053783,  Ameliyathane Hizmetleri (%50 İndirimli),2,TYT,60,,,,"18, 21, 64",1757987,235.32443,,
205053817,  Anestezi (Burslu),2,TYT,10,,1,,"18, 21, 64",446035,342.83709,,
205053808,  Anestezi (%50 İndirimli),2,TYT,61,,,,"18, 21, 64",1124670,278.95331,,
205051566,  Aşçılık (Burslu),2,TYT,10,,2,,"18, 21, 64",575657,326.46976,,TUADER
205051575,  Aşçılık (%50 İndirimli),2,TYT,67,,,,"18, 21, 64",1776619,234.04130,,TUADER
205053262,  Aşçılık (Uzaktan Öğretim) (Burslu),2,TYT,8,,1,,"7, 18, 21, 64",364037,355.52421,,
205090109,  Aşçılık (Uzaktan Öğretim) (%50 İndirimli),2,TYT,51,,,,"7, 18, 21, 64",2049597,214.14698,,
205050489,  Bilgisayar Destekli Tasarım ve Animasyon (Burslu),2,TYT,10,,2,,"18, 21, 64",620715,321.54203,,
205050656,  Bilgisayar Destekli Tasarım ve Animasyon (%50 İndirimli),2,TYT,67,,,,"18, 21, 64",,,,
205090094,  Bilgisayar Destekli Tasarım ve Animasyon (Uzaktan Öğretim) (Burslu),2,TYT,10,,2,,"7, 8, 18, 21, 64",358819,356.41626,,
205090095,  Bilgisayar Destekli Tasarım ve Animasyon (Uzaktan Öğretim) (%50 İndirimli),2,TYT,67,,,,"7, 8, 18, 21, 64",2215599,198.52871,,
205050505,  Bilgisayar Programcılığı (Burslu),2,TYT,13,,2,,"18, 21, 64",372437,354.08537,,
205050674,  Bilgisayar Programcılığı (%50 İndirimli),2,TYT,85,,,,"18, 21, 64",1961866,220.87357,,
205090096,  Bilgisayar Programcılığı (Uzaktan Öğretim) (Burslu),2,TYT,11,,2,,"7, 8, 18, 21, 64",413896,347.54940,,
205090097,  Bilgisayar Programcılığı (Uzaktan Öğretim) (%50 İndirimli),2,TYT,76,,,,"7, 8, 18, 21, 64",2056161,213.61890,,
205090254,  Bilgisayar Teknolojisi (Burslu),2,TYT,8,,1,,"18, 21, 64, 320",456299,341.42304,,
205090261,  Bilgisayar Teknolojisi (%50 İndirimli),2,TYT,51,,,,"18, 21, 64, 320",,,,
205050311,  Çocuk Gelişimi (Burslu),2,TYT,9,,1,,"18, 21, 64",710463,312.51025,,
205050374,  Çocuk Gelişimi (%50 İndirimli),2,TYT,58,,,,"18, 21, 64",2094645,210.44010,,
205090060,  Diş Protez Teknolojisi (Burslu),2,TYT,9,,1,,"18, 21, 64",448502,342.49516,,
205090061,  Diş Protez Teknolojisi (%50 İndirimli),2,TYT,59,,,,"18, 21, 64",1151666,277.01367,,
205090062,  Eczane Hizmetleri (Burslu),2,TYT,9,,1,,"18, 21, 64",629533,320.60403,,
205090063,  Eczane Hizmetleri (%50 İndirimli),2,TYT,54,,,,"18, 21, 64",1787411,233.30271,,
205090106,  Elektrik (Burslu),2,TYT,10,,1,,"18, 21, 64",538437,330.80627,,
205090107,  Elektrik (%50 İndirimli),2,TYT,64,,,,"18, 21, 64",1892435,225.92299,,
205090660,  E-Ticaret ve Pazarlama (Burslu),2,TYT,7,,1,,"18, 21, 64",760251,307.89625,,
205090667,  E-Ticaret ve Pazarlama (%50 İndirimli),2,TYT,42,,,,"18, 21, 64",,,,
205053835,  Fizyoterapi (Burslu),2,TYT,10,,1,,"18, 21, 64",585996,325.30581,,
205053826,  Fizyoterapi (%50 İndirimli),2,TYT,59,,,,"18, 21, 64",1701926,239.16559,,
205050214,  Grafik Tasarımı (Burslu),2,TYT,10,,2,,"18, 21, 64",591700,324.67262,,
205050383,  Grafik Tasarımı (%50 İndirimli),2,TYT,67,,,,"18, 21, 64",,,,
205053305,  Grafik Tasarımı (Uzaktan Öğretim) (Burslu),2,TYT,13,,2,,"7, 18, 21, 64",494463,336.29359,,
205090111,  Grafik Tasarımı (Uzaktan Öğretim) (%50 İndirimli),2,TYT,85,,,,"7, 18, 21, 64",2153848,205.15907,,
205050232,  Grafik Tasarımı (İngilizce) (Burslu),2,TYT,7,,1,,"18, 21, 22, 23, 24, 64",455202,341.57638,,
205050392,  Grafik Tasarımı (İngilizce) (%50 İndirimli),2,TYT,43,,,,"18, 21, 22, 23, 24, 64",,,,
205053147,  Harita ve Kadastro (Burslu),2,TYT,5,,1,,"18, 21, 64",625978,320.98355,,
205053156,  Harita ve Kadastro (%50 İndirimli),2,TYT,34,,,,"18, 21, 64",,,,
205000101,  Hava Lojistiği (Burslu),2,TYT,4,,1,,"18, 21, 64",...,----,,
205000108,  Hava Lojistiği (%50 İndirimli),2,TYT,25,,,,"18, 21, 64",...,----,,
205053129,  İç Mekan Tasarımı (Burslu),2,TYT,11,,2,,"18, 21, 64",702740,313.24746,,
205053138,  İç Mekan Tasarımı (%50 İndirimli),2,TYT,68,,,,"18, 21, 64",,,,
205052413,  İlk ve Acil Yardım (Burslu),2,TYT,10,,1,,"18, 21, 64",484792,337.56993,,
205052422,  İlk ve Acil Yardım (%50 İndirimli),2,TYT,61,,,,"18, 21, 64",1280196,267.99164,,
205050523,  İnternet ve Ağ Teknolojileri (Burslu),2,TYT,11,,2,,"18, 21, 64",568942,327.22603,,
205050859,  İnternet ve Ağ Teknolojileri (%50 İndirimli),2,TYT,72,,,,"18, 21, 64",,,,
205090098,  İnternet ve Ağ Teknolojileri (Uzaktan Öğretim) (Burslu),2,TYT,10,,2,,"7, 8, 18, 21, 64",549095,329.55145,,
205090099,  İnternet ve Ağ Teknolojileri (Uzaktan Öğretim) (%50 İndirimli),2,TYT,67,,,,"7, 8, 18, 21, 64",2096846,210.25472,,
205050277,  Mimari Restorasyon (Burslu),2,TYT,8,,1,,"18, 21, 64",672852,316.15171,,
205050417,  Mimari Restorasyon (%50 İndirimli),2,TYT,51,,,,"18, 21, 64",,,,
205090674,  Mobil Teknolojileri (Burslu),2,TYT,7,,1,,"18, 21, 64",647573,318.70389,,
205090681,  Mobil Teknolojileri (%50 İndirimli),2,TYT,42,,,,"18, 21, 64",,,,
205051672,  Moda Tasarımı (Burslu),2,TYT,8,,1,,"18, 21, 64",672924,316.14496,,
205051681,  Moda Tasarımı (%50 İndirimli),2,TYT,51,,,,"18, 21, 64",,,,
205053332,  Moda Tasarımı (Uzaktan Öğretim) (Burslu),2,TYT,10,,2,,"7, 18, 21, 64",641130,319.38339,,
205090113,  Moda Tasarımı (Uzaktan Öğretim) (%50 İndirimli),2,TYT,67,,,,"7, 18, 21, 64",2125458,207.79069,,
205090064,  Odyometri (Burslu),2,TYT,9,,1,,"18, 21, 64",691850,314.26888,,
205090066,  Odyometri (%50 İndirimli),2,TYT,53,,,,"18, 21, 64",2097125,210.23038,,
205090153,  Optisyenlik (Burslu),2,TYT,7,,1,,"18, 21, 64",621841,321.42536,,
205090154,  Optisyenlik (%50 İndirimli),2,TYT,42,,,,"18, 21, 64",1470683,254.91720,,
205090268,  Otomotiv Teknolojisi (Burslu),2,TYT,5,,1,,"18, 21, 64",568167,327.31486,,
205090275,  Otomotiv Teknolojisi (%50 İndirimli),2,TYT,34,,,,"18, 21, 64",1640727,243.33447,,
205090688,  Patoloji Laboratuvar Teknikleri (Burslu),2,TYT,4,,1,,"18, 21, 64",656131,317.83311,,
205090695,  Patoloji Laboratuvar Teknikleri (%50 İndirimli),2,TYT,31,,,,"18, 21, 64",1872019,227.38715,,
205090702,  Siber Güvenlik (Burslu),2,TYT,7,,1,,"18, 21, 64",363374,355.63880,,
205090709,  Siber Güvenlik (%50 İndirimli),2,TYT,42,,,,"18, 21, 64",1684211,240.36784,,
205053183,  Sivil Hava Ulaştırma İşletmeciliği (Burslu),2,TYT,7,,1,,"10, 18, 21, 64",477172,338.59006,,
205053192,  Sivil Hava Ulaştırma İşletmeciliği (%50 İndirimli),2,TYT,44,,,,"10, 18, 21, 64",1087227,281.65997,,
205053226,  Sivil Havacılık Kabin Hizmetleri (Burslu),2,TYT,10,,1,,"10, 18, 21, 64",396379,350.21804,,
205053235,  Sivil Havacılık Kabin Hizmetleri (%50 İndirimli),2,TYT,63,,,,"10, 18, 21, 64",951230,291.92203,,
205090716,  Tele-Sağlık Teknikerliği (Burslu),2,TYT,8,,1,,"18, 21, 64",627757,320.78678,,
205090723,  Tele-Sağlık Teknikerliği (%50 İndirimli),2,TYT,51,,,,"18, 21, 64",1901961,225.22724,,
205051884,  Tıbbi Dokümantasyon ve Sekreterlik (Burslu),2,TYT,10,,1,,"18, 21, 64",558803,328.39869,,
205051893,  Tıbbi Dokümantasyon ve Sekreterlik (%50 İndirimli),2,TYT,60,,,,"18, 21, 64",1553825,249.23943,,
205051821,  Tıbbi Görüntüleme Teknikleri (Burslu),2,TYT,10,,1,,"18, 21, 64",508448,334.49232,,
205053411,  Tıbbi Görüntüleme Teknikleri (%50 İndirimli),2,TYT,61,,,,"18, 21, 64",1330310,264.51631,,
205051848,  Tıbbi Laboratuvar Teknikleri (Burslu),2,TYT,9,,1,,"18, 21, 64",552622,329.13701,,
205053429,  Tıbbi Laboratuvar Teknikleri (%50 İndirimli),2,TYT,58,,,,"18, 21, 64",1658573,242.11604,,
205090730,  Tıbbi Veri İşleme Teknikerliği (Burslu),2,TYT,7,,1,,"18, 21, 64",660795,317.35056,,
205090737,  Tıbbi Veri İşleme Teknikerliği (%50 İndirimli),2,TYT,42,,,,"18, 21, 64",2118236,208.41220,,
205090155,  Turist Rehberliği (Burslu),2,TYT,10,,2,,"18, 21, 64",471597,339.32316,,TUADER
205090156,  Turist Rehberliği (%50 İndirimli),2,TYT,67,,,,"18, 21, 64",,,,TUADER
205053244,  Turist Rehberliği (Uzaktan Öğretim) (Burslu),2,TYT,10,,2,,"7, 18, 21, 64",165616,400.37720,,
205090115,  Turist Rehberliği (Uzaktan Öğretim) (%50 İndirimli),2,TYT,67,,,,"7, 18, 21, 64",860188,299.25620,,
205000115,  Turizm ve Otel İşletmeciliği (Burslu),2,TYT,4,,1,,"18, 21, 64",...,----,,
205000122,  Turizm ve Otel İşletmeciliği (%50 İndirimli),2,TYT,25,,,,"18, 21, 64",...,----,,
205053447,  Uçak Teknolojisi (Burslu),2,TYT,13,,2,,"10, 18, 21, 64",335915,360.42282,,
205053456,  Uçak Teknolojisi (%50 İndirimli),2,TYT,85,,,,"10, 18, 21, 64",1172331,275.53482,,
205090282,  Web Tasarımı ve Kodlama (Burslu),2,TYT,10,,2,,"18, 21, 64",495610,336.15018,,
205090289,  Web Tasarımı ve Kodlama (%50 İndirimli),2,TYT,67,,,,"18, 21, 64",,,,
205090744,  Yaşlı Bakımı (Burslu),2,TYT,7,,1,,"18, 21, 64",877022,297.86897,,
205090751,  Yaşlı Bakımı (%50 İndirimli),2,TYT,42,,,,"18, 21, 64",,,,
205090758,  Yeşil ve Ekolojik Bina Teknikerliği (Burslu),2,TYT,8,,1,,"18, 21, 64",1150995,277.06240,,
205090765,  Yeşil ve Ekolojik Bina Teknikerliği (%50 İndirimli),2,TYT,54,,,,"18, 21, 64",,,,
,İSTANBUL YENİ YÜZYIL ÜNİVERSİTESİ (Vakıf Üniversitesi) ,,,,,,,,,,,
,MESLEK YÜKSEKOKULU,,,,,,,,,,,
206250024,  Bankacılık ve Sigortacılık (Burslu),2,TYT,6,,1,,"21, 64",629392,320.61852,,
206250351,  Bankacılık ve Sigortacılık (%50 İndirimli),2,TYT,38,,,,"21, 64",1353828,262.89188,,
206290310,  Bilgisayar Programcılığı (Burslu),2,TYT,5,,1,,"21, 64",391760,350.95262,,
206290275,  Bilgisayar Programcılığı (%50 İndirimli),2,TYT,34,,,,"21, 64",901947,295.85161,,
206250042,  Dış Ticaret (Burslu),2,TYT,10,,1,,"21, 64",612624,322.41245,,
206250342,  Dış Ticaret (%50 İndirimli),2,TYT,59,,,,"21, 64",1664997,241.67460,,
206250069,  Halkla İlişkiler ve Tanıtım (Burslu),2,TYT,5,,1,,"21, 64",697539,313.72977,,
206250387,  Halkla İlişkiler ve Tanıtım (%50 İndirimli),2,TYT,32,,,,"21, 64",1723747,237.67307,,
206250087,  Lojistik (Burslu),2,TYT,7,,1,,"21, 64",639435,319.56557,,
206250369,  Lojistik (%50 İndirimli),2,TYT,42,,,,"21, 64",1536179,250.44156,,
206290233,  Mahkeme Büro Hizmetleri (Burslu),2,TYT,4,,1,,"21, 64",671925,316.24413,,
206290247,  Mahkeme Büro Hizmetleri (%50 İndirimli),2,TYT,25,,,,"21, 64",1293818,267.03799,,
206250633,  Turizm ve Otel İşletmeciliği (Burslu),2,TYT,5,,1,,"21, 64",643882,319.09704,,
206250642,  Turizm ve Otel İşletmeciliği (%50 İndirimli),2,TYT,33,,,,"21, 64",1889004,226.16964,,
,SAĞLIK HİZMETLERİ MESLEK YÜKSEKOKULU,,,,,,,,,,,
206250518,  Ağız ve Diş Sağlığı (Burslu),2,TYT,9,,1,,"21, 64",517700,333.34026,,
206250527,  Ağız ve Diş Sağlığı (%50 İndirimli),2,TYT,58,,,,"21, 64",1187326,274.46371,,
206250166,  Ameliyathane Hizmetleri (Burslu),2,TYT,9,,1,,"21, 64",611298,322.55546,,
206250306,  Ameliyathane Hizmetleri (%50 İndirimli),2,TYT,58,,,,"21, 64",1610789,245.37118,,
206250184,  Anestezi (Burslu),2,TYT,10,,1,,"21, 64",371160,354.30186,,
206250793,  Anestezi (%25 İndirimli),2,TYT,59,,,,"21, 64",1359056,262.53928,,
206250148,  Çocuk Gelişimi (Burslu),2,TYT,5,,1,,"21, 64",674439,315.99263,,
206250333,  Çocuk Gelişimi (%50 İndirimli),2,TYT,33,,,,"21, 64",1771061,234.42466,,
206250475,  Eczane Hizmetleri (Burslu),2,TYT,9,,1,,"21, 64",627295,320.83941,,
206250836,  Eczane Hizmetleri (%50 İndirimli),2,TYT,58,,,,"21, 64",1850613,228.88878,,
206250209,  İlk ve Acil Yardım (Burslu),2,TYT,10,,1,,"21, 64",448378,342.51181,,
206250845,  İlk ve Acil Yardım (%25 İndirimli),2,TYT,61,,,,"21, 64",1364760,262.14391,,
206250572,  Odyometri (Burslu),2,TYT,9,,1,,"21, 64",676844,315.74869,,
206250581,  Odyometri (%50 İndirimli),2,TYT,53,,,,"21, 64",,,,
206250687,  Optisyenlik (Burslu),2,TYT,7,,1,,"21, 64",587289,325.16628,,
206250933,  Optisyenlik (%50 İndirimli),2,TYT,46,,,,"21, 64",1714356,238.31195,,
206250227,  Tıbbi Görüntüleme Teknikleri (Burslu),2,TYT,10,,1,,"21, 64",472437,339.21597,,
206250299,  Tıbbi Görüntüleme Teknikleri (%50 İndirimli),2,TYT,61,,,,"21, 64",1085414,281.79324,,
206250245,  Tıbbi Laboratuvar Teknikleri (Burslu),2,TYT,9,,1,,"21, 64",539964,330.62592,,
206250281,  Tıbbi Laboratuvar Teknikleri (%50 İndirimli),2,TYT,54,,,,"21, 64",1291791,267.17621,,
206290282,  Tıbbi Veri İşleme Teknikerliği (Burslu),2,TYT,5,,1,,"21, 64",617903,321.83835,,
206290289,  Tıbbi Veri İşleme Teknikerliği (%50 İndirimli),2,TYT,34,,,,"21, 64",1609988,245.42505,,
206250263,  Yaşlı Bakımı (Burslu),2,TYT,5,,1,,"21, 64",736608,310.05172,,
206250324,  Yaşlı Bakımı (%50 İndirimli),2,TYT,34,,,,"21, 64",,,,
,İSTİNYE ÜNİVERSİTESİ (İSTANBUL) (Vakıf Üniversitesi) ,,,,,,,,,,,YÖKAK
,MESLEK YÜKSEKOKULU,,,,,,,,,,,
208450334,  Aşçılık (Burslu),2,TYT,10,,1,,"18, 21, 64",447760,342.59612,,
208450325,  Aşçılık (%50 İndirimli),2,TYT,64,,,,"18, 21, 64",,,,
208450776,  Bilgisayar Destekli Tasarım ve Animasyon (Burslu),2,TYT,9,,1,,"18, 21, 64",454054,341.73473,,
208450777,  Bilgisayar Destekli Tasarım ve Animasyon (%50 İndirimli),2,TYT,59,,,,"18, 21, 64",,,,
208450778,  Bilgisayar Programcılığı (Burslu),2,TYT,12,,2,,"18, 21, 64",296124,367.97830,,
208450779,  Bilgisayar Programcılığı (%50 İndirimli),2,TYT,76,,,,"18, 21, 64",1542658,250.00181,,
208450861,  Bilgisayar Teknolojisi (Burslu),2,TYT,7,,1,,"18, 21, 64, 320",377883,353.19270,,
208450868,  Bilgisayar Teknolojisi (%50 İndirimli),2,TYT,47,,,,"18, 21, 64, 320",,,,
208450817,  Bilişim Güvenliği Teknolojisi (Burslu),2,TYT,7,,1,,"18, 21, 64",362174,355.83506,,
208450818,  Bilişim Güvenliği Teknolojisi (%50 İndirimli),2,TYT,48,,,,"18, 21, 64",,,,
208450987,  Biyomedikal Cihaz Teknolojisi (Burslu),2,TYT,3,,1,,"18, 21, 64",645221,318.96101,,
208450994,  Biyomedikal Cihaz Teknolojisi (%50 İndirimli),2,TYT,25,,,,"18, 21, 64",,,,
208450959,  Dış Ticaret (Burslu),2,TYT,4,,1,,"18, 21, 64",512544,333.97597,,
208450966,  Dış Ticaret (%50 İndirimli),2,TYT,31,,,,"18, 21, 64",,,,
208450973,  Elektronik Teknolojisi (Burslu),2,TYT,5,,1,,"18, 21, 64",485727,337.44425,,
208450980,  Elektronik Teknolojisi (%50 İndirimli),2,TYT,37,,,,"18, 21, 64",,,,
208450903,  E-Ticaret ve Pazarlama (Burslu),2,TYT,5,,1,,"18, 21, 64",469411,339.61606,,MEDEK
208450910,  E-Ticaret ve Pazarlama (%50 İndirimli),2,TYT,37,,,,"18, 21, 64",,,,MEDEK
208450431,  Gıda Teknolojisi (Burslu),2,TYT,4,,,,"18, 21, 64",546779,329.82004,,
208450422,  Gıda Teknolojisi (%50 İndirimli),2,TYT,21,,,,"18, 21, 64",,,,
208451001,  Grafik Tasarımı (Burslu),2,TYT,4,,1,,"18, 21, 64",450533,342.21833,,
208451008,  Grafik Tasarımı (%50 İndirimli),2,TYT,31,,,,"18, 21, 64",,,,
208451015,  İç Mekan Tasarımı (Burslu),2,TYT,4,,1,,"18, 21, 64",507524,334.61344,,
208451022,  İç Mekan Tasarımı (%50 İndirimli),2,TYT,31,,,,"18, 21, 64",,,,
208451029,  Lojistik (Burslu),2,TYT,4,,1,,"18, 21, 64",504929,334.94575,,
208451036,  Lojistik (%50 İndirimli),2,TYT,31,,,,"18, 21, 64",,,,
208450819,  Otomotiv Teknolojisi (Burslu),2,TYT,6,,1,,"18, 21, 64",454925,341.61413,,
208450820,  Otomotiv Teknolojisi (%50 İndirimli),2,TYT,42,,,,"18, 21, 64",2060508,213.26781,,
208450494,  Sivil Havacılık Kabin Hizmetleri (Burslu),2,TYT,12,,2,,"10, 18, 21, 64",407776,348.48569,,
208450485,  Sivil Havacılık Kabin Hizmetleri (%50 İndirimli),2,TYT,76,,,,"10, 18, 21, 64",1294518,266.99074,,
208450555,  Uçak Teknolojisi (Burslu),2,TYT,11,,2,,"10, 18, 21, 64",250868,377.63768,,
208450546,  Uçak Teknolojisi (%50 İndirimli),2,TYT,72,,,,"10, 18, 21, 64",1090196,281.44390,,
,SAĞLIK HİZMETLERİ MESLEK YÜKSEKOKULU,,,,,,,,,,,
208450149,  Ağız ve Diş Sağlığı (Burslu),2,TYT,10,,1,,"18, 21, 64",435313,344.36359,,
208450131,  Ağız ve Diş Sağlığı (%50 İndirimli),2,TYT,61,,,,"18, 21, 64",1824116,230.75451,,
208450016,  Ameliyathane Hizmetleri (Burslu),2,TYT,10,,1,,"18, 21, 64",551093,329.31416,,MEDEK
208450564,  Ameliyathane Hizmetleri (%50 İndirimli),2,TYT,61,,,,"18, 21, 64",2189020,201.57506,,MEDEK
208450034,  Anestezi (Burslu),2,TYT,10,,1,,"18, 21, 64",326648,362.11272,,
208450573,  Anestezi (%50 İndirimli),2,TYT,61,,,,"18, 21, 64",1086321,281.72915,,
208450167,  Çocuk Gelişimi (Burslu),2,TYT,4,,1,,"18, 21, 64",486296,337.36705,,
208450158,  Çocuk Gelişimi (%50 İndirimli),2,TYT,31,,,,"18, 21, 64",,,,
208450185,  Diyaliz (Burslu),2,TYT,4,,1,,"18, 21, 64",604136,323.31356,,
208450176,  Diyaliz (%50 İndirimli),2,TYT,31,,,,"18, 21, 64",,,,
208450201,  Eczane Hizmetleri (Burslu),2,TYT,8,,1,,"18, 21, 64",551420,329.27842,,
208450194,  Eczane Hizmetleri (%50 İndirimli),2,TYT,51,,,,"18, 21, 64",,,,
208450246,  Fizyoterapi (Burslu),2,TYT,9,,1,,"18, 21, 64",502985,335.20025,,
208450237,  Fizyoterapi (%50 İndirimli),2,TYT,59,,,,"18, 21, 64",,,,
208450052,  İlk ve Acil Yardım (Burslu),2,TYT,10,,1,,"18, 21, 64",366974,355.00653,,
208450582,  İlk ve Acil Yardım (%50 İndirimli),2,TYT,61,,,,"18, 21, 64",1212018,272.72848,,
208450821,  Optisyenlik (Burslu),2,TYT,6,,1,,"18, 21, 64",471741,339.30415,,
208450822,  Optisyenlik (%50 İndirimli),2,TYT,38,,,,"18, 21, 64",2123869,207.93113,,
208451071,  Patoloji Laboratuvar Teknikleri (Burslu),2,TYT,4,,1,,"18, 21, 64",576629,326.35995,,
208451078,  Patoloji Laboratuvar Teknikleri (%50 İndirimli),2,TYT,31,,,,"18, 21, 64",,,,
208450079,  Radyoterapi (Burslu),2,TYT,4,,1,,"18, 21, 64",611063,322.57993,,
208450255,  Radyoterapi (%50 İndirimli),2,TYT,31,,,,"18, 21, 64",,,,
208450097,  Tıbbi Görüntüleme Teknikleri (Burslu),2,TYT,10,,1,,"18, 21, 64",402762,349.23084,,
208450591,  Tıbbi Görüntüleme Teknikleri (%50 İndirimli),2,TYT,61,,,,"18, 21, 64",1718052,238.06006,,
208450113,  Tıbbi Laboratuvar Teknikleri (Burslu),2,TYT,9,,1,,"18, 21, 64",465210,340.19392,,
208450607,  Tıbbi Laboratuvar Teknikleri (%50 İndirimli),2,TYT,58,,,,"18, 21, 64",2246968,194.21232,,
,İZMİR EKONOMİ ÜNİVERSİTESİ (Vakıf Üniversitesi) ,,,,,,,,,,,YÖKAK
,MESLEK YÜKSEKOKULU,,,,,,,,,,,
203550418,  Bankacılık ve Sigortacılık (Burslu),2,TYT,4,,1,,"18, 21, 64",350092,357.89129,,
203590245,  Bankacılık ve Sigortacılık (%50 İndirimli),2,TYT,27,,,,"18, 21, 64",1291092,267.22750,,
203550596,  Bilgisayar Programcılığı (Ücretli),2,TYT,28,,,,"18, 64",1191582,274.15397,*,MEDEK
203550603,  Bilgisayar Programcılığı (Burslu),2,TYT,7,,1,,"18, 21, 64",165940,400.28788,*,MEDEK
203550878,  Bilgisayar Programcılığı (%25 İndirimli),2,TYT,18,,,,"18, 21, 64",807110,303.74944,*,MEDEK
203550039,  Dış Ticaret (Ücretli),2,TYT,21,,,,"18, 64",1319295,265.27028,,
203550427,  Dış Ticaret (Burslu),2,TYT,6,,1,,"18, 21, 64",277326,371.82680,,
203590159,  Dış Ticaret (%25 İndirimli),2,TYT,20,,,,"18, 21, 64",1045088,284.78536,,
203550666,  Grafik Tasarımı (Ücretli),2,TYT,19,,,,"18, 64",1536635,250.41165,,
203550675,  Grafik Tasarımı (Burslu),2,TYT,5,,1,,"18, 21, 64",273364,372.66294,,
203550684,  Grafik Tasarımı (%25 İndirimli),2,TYT,15,,,,"18, 21, 64",1242026,270.64130,,
203551188,  İç Mekan Tasarımı (Ücretli),2,TYT,20,,,,"18, 64",1528948,250.94310,,
203551161,  İç Mekan Tasarımı (Burslu),2,TYT,5,,1,,"18, 21, 64",339669,359.75239,,
203551179,  İç Mekan Tasarımı (%25 İndirimli),2,TYT,13,,,,"18, 21, 64",1058535,283.77402,,
203551055,  İnşaat Teknolojisi (Burslu),2,TYT,3,,1,,"18, 21, 64",302517,366.71464,,
203551064,  İnşaat Teknolojisi (%25 İndirimli),2,TYT,25,,,,"18, 21, 64",1361310,262.38361,,
203590287,  Medya ve İletişim (Burslu),2,TYT,3,,1,,"18, 21, 64",323097,362.78522,,
203590294,  Medya ve İletişim (%25 İndirimli),2,TYT,25,,,,"18, 21, 64",1798374,232.53777,,
203551152,  Mimari Restorasyon (Ücretli),2,TYT,15,,,,"18, 64",1800934,232.35829,*,MEDEK
203551134,  Mimari Restorasyon (Burslu),2,TYT,3,,1,,"18, 21, 64",376005,353.49975,*,MEDEK
203551143,  Mimari Restorasyon (%25 İndirimli),2,TYT,10,,,,"18, 21, 64",1091035,281.38325,*,MEDEK
203551285,  Sivil Hava Ulaştırma İşletmeciliği (Ücretli),2,TYT,30,,,,"10, 18, 64",1034630,285.56013,,
203551294,  Sivil Hava Ulaştırma İşletmeciliği (Burslu),2,TYT,4,,1,,"10, 18, 21, 64",280268,371.22091,,
203550745,  Sivil Havacılık Kabin Hizmetleri (Ücretli),2,TYT,39,,,,"10, 18, 64",992650,288.72609,,
203550754,  Sivil Havacılık Kabin Hizmetleri (Burslu),2,TYT,6,,1,,"10, 18, 21, 64",221216,384.71347,,
203550842,  Turizm ve Otel İşletmeciliği (Burslu),2,TYT,4,,1,,"18, 21, 64",432002,344.85368,*,TUADER
203590217,  Turizm ve Otel İşletmeciliği (%25 İndirimli),2,TYT,30,,,,"18, 21, 64",1485165,253.93171,*,TUADER
,SAĞLIK HİZMETLERİ MESLEK YÜKSEKOKULU,,,,,,,,,,,
203550993,  Çocuk Gelişimi (Ücretli),2,TYT,22,,,,"18, 64",1666873,241.54517,,
203551001,  Çocuk Gelişimi (Burslu),2,TYT,3,,1,,"18, 21, 64",482810,337.83337,,
203550966,  Fizyoterapi (Ücretli),2,TYT,33,,,,"18, 64",1478984,254.35360,,
203550975,  Fizyoterapi (Burslu),2,TYT,5,,1,,"18, 21, 64",265041,374.43729,,
203550772,  İlk ve Acil Yardım (Ücretli),2,TYT,27,,,,"18, 64",1075771,282.50141,*,MEDEK
203550781,  İlk ve Acil Yardım (Burslu),2,TYT,4,,1,,"18, 21, 64",309384,365.36588,*,MEDEK
203551073,  Optisyenlik (Ücretli),2,TYT,30,,,,"18, 64",1418938,258.45186,,
203551082,  Optisyenlik (Burslu),2,TYT,4,,1,,"18, 21, 64",380764,352.71933,,
203550569,  Tıbbi Dokümantasyon ve Sekreterlik (Burslu),2,TYT,4,,,,"18, 21, 64",474331,338.96277,,
203590252,  Tıbbi Dokümantasyon ve Sekreterlik (%50 İndirimli),2,TYT,19,,,,"18, 21, 64",922474,294.21938,,
203551019,  Tıbbi Görüntüleme Teknikleri (Ücretli),2,TYT,22,,,,"18, 64",1220486,272.14222,,
203551028,  Tıbbi Görüntüleme Teknikleri (Burslu),2,TYT,3,,1,,"18, 21, 64",294331,368.33733,,
203551276,  Tıbbi Laboratuvar Teknikleri (Ücretli),2,TYT,21,,,,"18, 64",1419274,258.42942,*,MEDEK
203551258,  Tıbbi Laboratuvar Teknikleri (Burslu),2,TYT,4,,,,"18, 21, 64",372294,354.10688,*,MEDEK
203550587,  Yaşlı Bakımı (Burslu),2,TYT,3,,1,,"18, 21, 64",547173,329.77681,*,MEDEK
203590259,  Yaşlı Bakımı (%50 İndirimli),2,TYT,25,,,,"18, 21, 64",1965362,220.61211,*,MEDEK
,İZMİR KONAK MESLEK YÜKSEKOKULU (Vakıf Üniversitesi) ,,,,,,,,,,,YÖKAK
,İZMİR KONAK MESLEK YÜKSEKOKULU,,,,,,,,,,,
210500101,  Ağız ve Diş Sağlığı (Burslu),2,TYT,8,,1,,"21, 64",...,----,,
210500108,  Ağız ve Diş Sağlığı (%50 İndirimli),2,TYT,53,,,,"21, 64",...,----,,
210500115,  Ameliyathane Hizmetleri (Burslu),2,TYT,8,,1,,"21, 64",...,----,,
210500122,  Ameliyathane Hizmetleri (%50 İndirimli),2,TYT,53,,,,"21, 64",...,----,,
210500129,  Anestezi (Burslu),2,TYT,8,,1,,"21, 64",...,----,,
210500136,  Anestezi (%50 İndirimli),2,TYT,53,,,,"21, 64",...,----,,
210500143,  Aşçılık (Burslu),2,TYT,4,,1,,"21, 64",...,----,,MEDEK
210500150,  Aşçılık (%50 İndirimli),2,TYT,31,,,,"21, 64",...,----,,MEDEK
210500157,  Bankacılık ve Sigortacılık (Burslu),2,TYT,3,,1,,"21, 64",...,----,,
210500164,  Bankacılık ve Sigortacılık (%50 İndirimli),2,TYT,24,,,,"21, 64",...,----,,
210500171,  Bilgisayar Programcılığı (Burslu),2,TYT,10,,2,,"21, 64",...,----,,
210500178,  Bilgisayar Programcılığı (%50 İndirimli),2,TYT,65,,,,"21, 64",...,----,,
210500185,  Bilişim Güvenliği Teknolojisi (Burslu),2,TYT,5,,1,,"21, 64",...,----,,
210500192,  Bilişim Güvenliği Teknolojisi (%50 İndirimli),2,TYT,33,,,,"21, 64",...,----,,
210500199,  Çevre Sağlığı ve Çevresel Risk Yönetimi Teknikerliği (Burslu),2,TYT,6,,1,,"21, 64",...,----,,
210500206,  Çevre Sağlığı ve Çevresel Risk Yönetimi Teknikerliği (%50 İndirimli),2,TYT,37,,,,"21, 64",...,----,,
210500213,  Çocuk Gelişimi (Burslu),2,TYT,7,,1,,"21, 64",...,----,,
210500220,  Çocuk Gelişimi (%50 İndirimli),2,TYT,42,,,,"21, 64",...,----,,
210500227,  Dış Ticaret (Burslu),2,TYT,7,,1,,"21, 64",...,----,,
210500234,  Dış Ticaret (%50 İndirimli),2,TYT,46,,,,"21, 64",...,----,,
210500241,  Diyaliz (Burslu),2,TYT,5,,1,,"21, 64",...,----,,
210500248,  Diyaliz (%50 İndirimli),2,TYT,37,,,,"21, 64",...,----,,
210500255,  Elektrik (Burslu),2,TYT,4,,1,,"21, 64",...,----,,
210500262,  Elektrik (%50 İndirimli),2,TYT,25,,,,"21, 64",...,----,,
210500269,  Fizyoterapi (Burslu),2,TYT,9,,1,,"21, 64",...,----,,
210500276,  Fizyoterapi (%50 İndirimli),2,TYT,59,,,,"21, 64",...,----,,
210500283,  Fotoğrafçılık ve Kameramanlık (Burslu),2,TYT,4,,1,,"21, 64",...,----,,
210500290,  Fotoğrafçılık ve Kameramanlık (%50 İndirimli),2,TYT,29,,,,"21, 64",...,----,,
210500297,  Grafik Tasarımı (Burslu),2,TYT,9,,1,,"21, 64",...,----,,
210500304,  Grafik Tasarımı (%50 İndirimli),2,TYT,59,,,,"21, 64",...,----,,
210500311,  Halkla İlişkiler ve Tanıtım (Burslu),2,TYT,5,,1,,"21, 64",...,----,,MEDEK
210500318,  Halkla İlişkiler ve Tanıtım (%50 İndirimli),2,TYT,31,,,,"21, 64",...,----,,MEDEK
210500325,  İç Mekan Tasarımı (Burslu),2,TYT,4,,,,"21, 64",...,----,,
210500332,  İç Mekan Tasarımı (%50 İndirimli),2,TYT,21,,,,"21, 64",...,----,,
210500339,  İlk ve Acil Yardım (Burslu),2,TYT,7,,1,,"21, 64",...,----,,
210500346,  İlk ve Acil Yardım (%50 İndirimli),2,TYT,45,,,,"21, 64",...,----,,
210500353,  İnsan Kaynakları Yönetimi (Burslu),2,TYT,3,,1,,"21, 64",...,----,,
210500360,  İnsan Kaynakları Yönetimi (%50 İndirimli),2,TYT,22,,,,"21, 64",...,----,,
210500367,  İnşaat Teknolojisi (Burslu),2,TYT,7,,1,,"21, 64",...,----,,
210500374,  İnşaat Teknolojisi (%50 İndirimli),2,TYT,46,,,,"21, 64",...,----,,
210500381,  Kaynak Teknolojisi (Burslu),2,TYT,3,,1,,"21, 64",...,----,,
210500388,  Kaynak Teknolojisi (%50 İndirimli),2,TYT,25,,,,"21, 64",...,----,,
210500395,  Lojistik (Burslu),2,TYT,7,,1,,"21, 64",...,----,,MEDEK
210500402,  Lojistik (%50 İndirimli),2,TYT,46,,,,"21, 64",...,----,,MEDEK
210500409,  Mahkeme Büro Hizmetleri (Burslu),2,TYT,3,,1,,"21, 64",...,----,,
210500416,  Mahkeme Büro Hizmetleri (%50 İndirimli),2,TYT,25,,,,"21, 64",...,----,,
210500423,  Makine (Burslu),2,TYT,10,,2,,"21, 64",...,----,,MEDEK
210500430,  Makine (%50 İndirimli),2,TYT,65,,,,"21, 64",...,----,,MEDEK
210500437,  Mimari Restorasyon (Burslu),2,TYT,3,,1,,"21, 64",...,----,,MEDEK
210500444,  Mimari Restorasyon (%50 İndirimli),2,TYT,25,,,,"21, 64",...,----,,MEDEK
210500451,  Optisyenlik (Burslu),2,TYT,4,,,,"21, 64",...,----,,
210500458,  Optisyenlik (%50 İndirimli),2,TYT,21,,,,"21, 64",...,----,,
210500465,  Otonom Sistemler Teknikerliği (Burslu),2,TYT,5,,1,,"21, 64, 320",...,----,,
210500472,  Otonom Sistemler Teknikerliği (%50 İndirimli),2,TYT,33,,,,"21, 64, 320",...,----,,
210500479,  Robotik ve Yapay Zeka (Burslu),2,TYT,5,,1,,"21, 64, 320",...,----,,
210500486,  Robotik ve Yapay Zeka (%50 İndirimli),2,TYT,33,,,,"21, 64, 320",...,----,,
210500493,  Saç Bakımı ve Güzellik Hizmetleri (Burslu),2,TYT,6,,1,,"21, 64",...,----,,
210500500,  Saç Bakımı ve Güzellik Hizmetleri (%50 İndirimli),2,TYT,37,,,,"21, 64",...,----,,
210500507,  Sağlık Kurumları İşletmeciliği (Burslu),2,TYT,3,,1,,"21, 64",...,----,,
210500514,  Sağlık Kurumları İşletmeciliği (%50 İndirimli),2,TYT,23,,,,"21, 64",...,----,,
210500521,  Sivil Havacılık Kabin Hizmetleri (Burslu),2,TYT,6,,1,,"10, 21, 64",...,----,,
210500528,  Sivil Havacılık Kabin Hizmetleri (%50 İndirimli),2,TYT,37,,,,"10, 21, 64",...,----,,
210500535,  Sosyal Hizmetler (Burslu),2,TYT,4,,,,"21, 64",...,----,,
210500542,  Sosyal Hizmetler (%50 İndirimli),2,TYT,21,,,,"21, 64",...,----,,
210500549,  Tıbbi Dokümantasyon ve Sekreterlik (Burslu),2,TYT,7,,1,,"21, 64",...,----,,
210500556,  Tıbbi Dokümantasyon ve Sekreterlik (%50 İndirimli),2,TYT,45,,,,"21, 64",...,----,,
210500563,  Tıbbi Görüntüleme Teknikleri (Burslu),2,TYT,7,,1,,"21, 64",...,----,,
210500570,  Tıbbi Görüntüleme Teknikleri (%50 İndirimli),2,TYT,45,,,,"21, 64",...,----,,
210500577,  Tıbbi Laboratuvar Teknikleri (Burslu),2,TYT,9,,1,,"21, 64",...,----,,
210500584,  Tıbbi Laboratuvar Teknikleri (%50 İndirimli),2,TYT,55,,,,"21, 64",...,----,,
210500591,  Yenilenebilir Enerji Teknikerliği (Burslu),2,TYT,4,,1,,"21, 64",...,----,,
210500598,  Yenilenebilir Enerji Teknikerliği (%50 İndirimli),2,TYT,25,,,,"21, 64",...,----,,
,İZMİR TINAZTEPE ÜNİVERSİTESİ (Vakıf Üniversitesi) ,,,,,,,,,,,
,SAĞLIK HİZMETLERİ MESLEK YÜKSEKOKULU,,,,,,,,,,,
209610034,  Ağız ve Diş Sağlığı (Burslu),2,TYT,9,,1,,"18, 21, 64",435847,344.28260,,
209610035,  Ağız ve Diş Sağlığı (%50 İndirimli),2,TYT,53,,,,"18, 21, 64",1391185,260.34624,,
209610016,  Ameliyathane Hizmetleri (Burslu),2,TYT,9,,1,,"18, 21, 64",488680,337.05402,,
209610017,  Ameliyathane Hizmetleri (%50 İndirimli),2,TYT,53,,,,"18, 21, 64",1667154,241.52680,,
209610010,  Anestezi (Burslu),2,TYT,9,,1,,"18, 21, 64",318800,363.58286,,
209610011,  Anestezi (%50 İndirimli),2,TYT,53,,,,"18, 21, 64",852435,299.91501,,
209610138,  Bilgisayar Programcılığı (Burslu),2,TYT,5,,1,,"18, 21, 64",409884,348.15264,,
209610145,  Bilgisayar Programcılığı (%50 İndirimli),2,TYT,34,,,,"18, 21, 64",2133256,207.09487,,
209600143,"  Dezenfeksiyon, Sterilizasyon ve Antisepsi Teknikerliği (Burslu)",2,TYT,4,,1,,"18, 21, 64",...,----,,
209600150,"  Dezenfeksiyon, Sterilizasyon ve Antisepsi Teknikerliği (%50 İndirimli)",2,TYT,25,,,,"18, 21, 64",...,----,,
209610110,  Diş Protez Teknolojisi (Burslu),2,TYT,7,,1,,"18, 21, 64",303547,366.51755,,
209610117,  Diş Protez Teknolojisi (%50 İndirimli),2,TYT,42,,,,"18, 21, 64",765604,307.41128,,
209610124,  Diyaliz (Burslu),2,TYT,6,,1,,"18, 21, 64",507142,334.66003,,
209610131,  Diyaliz (%50 İndirimli),2,TYT,38,,,,"18, 21, 64",,,,
209610036,  Eczane Hizmetleri (Burslu),2,TYT,7,,1,,"18, 21, 64",540563,330.55383,,
209610037,  Eczane Hizmetleri (%50 İndirimli),2,TYT,42,,,,"18, 21, 64",,,,
209610012,  Fizyoterapi (Burslu),2,TYT,7,,1,,"18, 21, 64",430870,345.02499,,
209610013,  Fizyoterapi (%50 İndirimli),2,TYT,46,,,,"18, 21, 64",1307213,266.11963,,
209610014,  İlk ve Acil Yardım (Burslu),2,TYT,9,,1,,"18, 21, 64",354241,357.18647,*,MEDEK
209610015,  İlk ve Acil Yardım (%50 İndirimli),2,TYT,58,,,,"18, 21, 64",966387,290.74443,*,MEDEK
209610096,  Odyometri (Burslu),2,TYT,7,,1,,"18, 21, 64",528084,332.05697,,
209610103,  Odyometri (%50 İndirimli),2,TYT,42,,,,"18, 21, 64",1963610,220.74119,,
209610038,  Optisyenlik (Burslu),2,TYT,8,,1,,"18, 21, 64",419686,346.68631,,
209610039,  Optisyenlik (%50 İndirimli),2,TYT,51,,,,"18, 21, 64",1474076,254.68933,,
209610040,  Ortopedik Protez ve Ortez (Burslu),2,TYT,5,,1,,"18, 21, 64",610303,322.65975,,
209610041,  Ortopedik Protez ve Ortez (%50 İndirimli),2,TYT,34,,,,"18, 21, 64",,,,
209610042,  Otopsi Yardımcılığı (Burslu),2,TYT,4,,1,,"18, 21, 64",540100,330.60946,,
209610043,  Otopsi Yardımcılığı (%50 İndirimli),2,TYT,31,,,,"18, 21, 64",1961338,220.91065,,
209610044,  Patoloji Laboratuvar Teknikleri (Burslu),2,TYT,8,,1,,"18, 21, 64",526590,332.23949,,
209610045,  Patoloji Laboratuvar Teknikleri (%50 İndirimli),2,TYT,50,,,,"18, 21, 64",,,,
209610152,  Sağlık Bilgi Sistemleri Teknikerliği (Burslu),2,TYT,4,,1,,"18, 21, 64",650453,318.40306,,
209610159,  Sağlık Bilgi Sistemleri Teknikerliği (%50 İndirimli),2,TYT,25,,,,"18, 21, 64",,,,
209610018,  Tıbbi Görüntüleme Teknikleri (Burslu),2,TYT,8,,1,,"18, 21, 64",370571,354.40137,,
209610019,  Tıbbi Görüntüleme Teknikleri (%50 İndirimli),2,TYT,54,,,,"18, 21, 64",1108308,280.13353,,
209610046,  Tıbbi Laboratuvar Teknikleri (Burslu),2,TYT,8,,1,,"18, 21, 64",433034,344.69795,,
209610047,  Tıbbi Laboratuvar Teknikleri (%50 İndirimli),2,TYT,51,,,,"18, 21, 64",1407791,259.21407,,
209610166,  Yaşlı Bakımı (Burslu),2,TYT,7,,1,,"18, 21, 64",853174,299.85309,,
209610173,  Yaşlı Bakımı (%50 İndirimli),2,TYT,42,,,,"18, 21, 64",,,,
,KAPADOKYA ÜNİVERSİTESİ (NEVŞEHİR) (Vakıf Üniversitesi) ,,,,,,,,,,,YÖKAK
,KAPADOKYA MESLEK YÜKSEKOKULU,,,,,,,,,,,
203851219,  Ağız ve Diş Sağlığı (Burslu),2,TYT,10,,1,,"18, 21, 64",445135,342.96681,,
203851809,  Ağız ve Diş Sağlığı (%25 İndirimli),2,TYT,61,,,,"18, 21, 64",1921601,223.80485,,
203851237,  Ameliyathane Hizmetleri (Burslu),2,TYT,10,,1,,"18, 21, 64",529590,331.87672,*,MEDEK
203851811,  Ameliyathane Hizmetleri (%25 İndirimli),2,TYT,61,,,,"18, 21, 64",,,*,MEDEK
203851361,  Anestezi (Ücretli),2,TYT,31,,,,"18, 64",1739177,236.61793,,
203851379,  Anestezi (Burslu),2,TYT,10,,1,,"18, 21, 64",356927,356.73612,,
203851812,  Anestezi (%25 İndirimli),2,TYT,30,,,,"18, 21, 64",1072476,282.74035,,
203851908,  Bilgisayar Programcılığı (Burslu),2,TYT,10,,2,,"18, 21, 64",692352,314.22179,*,MEDEK
203851909,  Bilgisayar Programcılığı (%50 İndirimli),2,TYT,68,,,,"18, 21, 64",,,*,MEDEK
203851910,  Bilgisayar Programcılığı (Uzaktan Öğretim) (Burslu),2,TYT,26,,4,,"7, 8, 18, 21, 64",1112568,279.82711,,
203851911,  Bilgisayar Programcılığı (Uzaktan Öğretim) (%50 İndirimli),2,TYT,170,,,,"7, 8, 18, 21, 64",2253998,193.07395,,
203800101,  Bilgisayar Teknolojisi (Burslu),2,TYT,7,,1,,"18, 21, 64, 320",1159284,276.47069,,
203800108,  Bilgisayar Teknolojisi (%50 İndirimli),2,TYT,42,,,,"18, 21, 64, 320",,,,
203851785,  Ceza İnfaz ve Güvenlik Hizmetleri (Burslu),2,TYT,10,,2,,"17, 18, 21, 64",723574,311.26503,,
203851794,  Ceza İnfaz ve Güvenlik Hizmetleri (%50 İndirimli),2,TYT,68,,,,"17, 18, 21, 64",2187065,201.78128,,
203851722,  Diş Protez Teknolojisi (Burslu),2,TYT,10,,2,,"18, 21, 64",411396,347.92868,,
203851814,  Diş Protez Teknolojisi (%25 İndirimli),2,TYT,68,,,,"18, 21, 64",1443683,256.74970,,
203851255,  Diyaliz (Burslu),2,TYT,10,,1,,"18, 21, 64",574938,326.55137,,
203851815,  Diyaliz (%50 İndirimli),2,TYT,61,,,,"18, 21, 64",,,,
203851273,  Fizyoterapi (Burslu),2,TYT,10,,1,,"18, 21, 64",596012,324.20186,,
203851820,  Fizyoterapi (%25 İndirimli),2,TYT,61,,,,"18, 21, 64",,,,
203851404,  İlk ve Acil Yardım (Ücretli),2,TYT,34,,,,"18, 64",1612406,245.25917,*,MEDEK
203851413,  İlk ve Acil Yardım (Burslu),2,TYT,10,,1,,"18, 21, 64",391213,351.04167,*,MEDEK
203851821,  İlk ve Acil Yardım (%25 İndirimli),2,TYT,27,,,,"18, 21, 64",1023695,286.37959,*,MEDEK
203851929,  İnsansız Hava Aracı Teknolojisi ve Operatörlüğü (Burslu),2,TYT,8,,1,,"18, 21, 64",417551,347.00157,,
203800115,  İnsansız Hava Aracı Teknolojisi ve Operatörlüğü (%50 İndirimli),2,TYT,51,,,,"18, 21, 64",...,----,,
203851431,  Odyometri (Burslu),2,TYT,9,,1,,"18, 21, 64",643373,319.14876,,
203851916,  Odyometri (%50 İndirimli),2,TYT,55,,,,"18, 21, 64",,,,
203851501,  Optisyenlik (Burslu),2,TYT,10,,2,,"18, 21, 64",557648,328.53842,,
203851824,  Optisyenlik (%50 İndirimli),2,TYT,68,,,,"18, 21, 64",2046821,214.36160,,
203851634,  Patoloji Laboratuvar Teknikleri (Burslu),2,TYT,10,,1,,"18, 21, 64",655742,317.87223,*,MEDEK
203851826,  Patoloji Laboratuvar Teknikleri (%50 İndirimli),2,TYT,61,,,,"18, 21, 64",,,*,MEDEK
203851883,  Radyoterapi (Burslu),2,TYT,7,,1,,"18, 21, 64",622110,321.39501,,
203851884,  Radyoterapi (%50 İndirimli),2,TYT,42,,,,"18, 21, 64",,,,
203800122,  Robotik ve Yapay Zeka (Burslu),2,TYT,7,,1,,"18, 21, 64, 320",1016169,286.94703,,
203800129,  Robotik ve Yapay Zeka (%50 İndirimli),2,TYT,42,,,,"18, 21, 64, 320",,,,
203800136,  Siber Güvenlik (Burslu),2,TYT,10,,2,,"18, 21, 64",725289,311.09838,*,MEDEK
203800143,  Siber Güvenlik (%50 İndirimli),2,TYT,68,,,,"18, 21, 64",,,*,MEDEK
203850115,  Sivil Hava Ulaştırma İşletmeciliği (Burslu),2,TYT,10,,2,,"10, 18, 21, 64",452888,341.89423,*,MEDEK
203850954,  Sivil Hava Ulaştırma İşletmeciliği (İstanbul) (Burslu),2,TYT,8,,1,,"10, 18, 21, 22, 24, 34, 64",401006,349.50199,,
203850275,  Sivil Hava Ulaştırma İşletmeciliği (%50 İndirimli),2,TYT,68,,,,"10, 18, 21, 64",1810007,231.72669,*,MEDEK
203851957,  Sivil Hava Ulaştırma İşletmeciliği (İstanbul) (%50 İndirimli),2,TYT,51,,,,"10, 18, 21, 22, 24, 34, 64",1206829,273.09407,,
203850875,  Sivil Havacılık Kabin Hizmetleri (Burslu),2,TYT,10,,2,,"10, 18, 21, 64",412794,347.70888,,
203851334,  Sivil Havacılık Kabin Hizmetleri (İstanbul) (Burslu),2,TYT,12,,2,,"10, 18, 21, 64",378864,353.03630,,
203851917,  Sivil Havacılık Kabin Hizmetleri (%50 İndirimli),2,TYT,68,,,,"10, 18, 21, 64",1380694,261.06859,,
203851352,  Sivil Havacılık Kabin Hizmetleri (İstanbul) (%25 İndirimli),2,TYT,76,,,,"10, 18, 21, 64",1223617,271.92306,,
203851307,  Tıbbi Görüntüleme Teknikleri (Ücretli),2,TYT,16,,,,"18, 64",1879306,226.87268,,
203851316,  Tıbbi Görüntüleme Teknikleri (Burslu),2,TYT,10,,1,,"18, 21, 64",423512,346.11784,,
203851829,  Tıbbi Görüntüleme Teknikleri (%25 İndirimli),2,TYT,45,,,,"18, 21, 64",1513532,252.00014,,
203851652,  Tıbbi Laboratuvar Teknikleri (Burslu),2,TYT,9,,1,,"18, 21, 64",457598,341.23729,*,MEDEK
203851830,  Tıbbi Laboratuvar Teknikleri (%50 İndirimli),2,TYT,58,,,,"18, 21, 64",1774357,234.19530,*,MEDEK
203850151,  Turist Rehberliği (Burslu),2,TYT,10,,2,,"18, 21, 64",537700,330.89280,,TUADER
203850293,  Turist Rehberliği (%50 İndirimli),2,TYT,68,,,,"18, 21, 64",1970581,220.22989,,TUADER
203851467,  Turist Rehberliği (Uzaktan Öğretim) (Burslu),2,TYT,26,,4,,"7, 18, 21, 64",255938,376.49074,,
203851767,  Turist Rehberliği (Uzaktan Öğretim) (%25 İndirimli),2,TYT,170,,,,"7, 18, 21, 64",1995294,218.36947,,
203850884,  Uçak Teknolojisi (Ücretli),2,TYT,34,,,,"10, 18, 22, 24, 34, 64",1077513,282.37244,,
203850963,  Uçak Teknolojisi (İstanbul) (Ücretli),2,TYT,24,,,,"10, 18, 22, 24, 34, 64",669757,316.46152,,
203850893,  Uçak Teknolojisi (Burslu),2,TYT,10,,2,,"10, 18, 21, 22, 24, 34, 64",206014,388.69122,,
203850972,  Uçak Teknolojisi (İstanbul) (Burslu),2,TYT,7,,1,,"10, 18, 21, 22, 24, 34, 64",128287,413.29369,,
203850918,  Uçak Teknolojisi (%25 İndirimli),2,TYT,34,,,,"10, 18, 21, 22, 24, 34, 64",742400,309.51133,,
203851194,  Uçak Teknolojisi (İstanbul) (%25 İndirimli),2,TYT,23,,,,"10, 18, 21, 22, 24, 34, 64",391791,350.94773,,
203851616,  Uçuş Harekat Yöneticiliği (İstanbul) (Burslu),2,TYT,10,,2,,"10, 18, 21, 22, 24, 34, 64",303656,366.49413,,
203851834,  Uçuş Harekat Yöneticiliği (İstanbul) (%50 İndirimli),2,TYT,68,,,,"10, 18, 21, 22, 24, 34, 64",1260865,269.32699,,
203800150,  Yapay Zeka Operatörlüğü (Burslu),2,TYT,7,,1,,"18, 21, 64, 320",1340457,263.81979,,
203800157,  Yapay Zeka Operatörlüğü (%50 İndirimli),2,TYT,42,,,,"18, 21, 64, 320",,,,
,KOCAELİ SAĞLIK VE TEKNOLOJİ ÜNİVERSİTESİ (Vakıf Üniversitesi) ,,,,,,,,,,,
,AVRUPA MESLEK YÜKSEKOKULU,,,,,,,,,,,
209710016,  Ağız ve Diş Sağlığı (Burslu),2,TYT,8,,1,,"21, 64",468422,339.74686,,
209710068,  Ağız ve Diş Sağlığı (%25 İndirimli),2,TYT,51,,,,"21, 64",2244161,194.64674,,
209710020,  Ameliyathane Hizmetleri (Burslu),2,TYT,8,,1,,"21, 64",543655,330.19523,,
209710070,  Ameliyathane Hizmetleri (%25 İndirimli),2,TYT,51,,,,"21, 64",,,,
209710024,  Anestezi (Burslu),2,TYT,10,,1,,"21, 64",406821,348.63087,,
209710072,  Anestezi (%25 İndirimli),2,TYT,61,,,,"21, 64",1583306,247.24233,,
209710074,  Bilgisayar Programcılığı (Burslu),2,TYT,8,,1,,"21, 64",407843,348.47603,,
209710075,  Bilgisayar Programcılığı (%25 İndirimli),2,TYT,51,,,,"21, 64",,,,
209710028,  Çocuk Gelişimi (Burslu),2,TYT,4,,1,,"21, 64",598572,323.92073,,
209710029,  Çocuk Gelişimi (%50 İndirimli),2,TYT,31,,,,"21, 64",1910720,224.58700,,
209710032,  Diyaliz (Burslu),2,TYT,8,,1,,"21, 64",589855,324.86930,,
209710033,  Diyaliz (%50 İndirimli),2,TYT,51,,,,"21, 64",,,,
209710076,  Eczane Hizmetleri (Burslu),2,TYT,8,,1,,"21, 64",579042,326.08061,,
209710077,  Eczane Hizmetleri (%50 İndirimli),2,TYT,51,,,,"21, 64",2298426,180.97966,,
209710034,  Fizyoterapi (Burslu),2,TYT,8,,1,,"21, 64",501081,335.44502,,
209710080,  Fizyoterapi (%25 İndirimli),2,TYT,51,,,,"21, 64",,,,
209710122,  Hibrid ve Elektrikli Taşıtlar Teknolojisi (Burslu),2,TYT,8,,1,,"21, 64",537663,330.89804,,
209710129,  Hibrid ve Elektrikli Taşıtlar Teknolojisi (%25 İndirimli),2,TYT,51,,,,"21, 64",,,,
209710038,  İlk ve Acil Yardım (Burslu),2,TYT,10,,1,,"21, 64",427037,345.58846,,MEDEK
209710083,  İlk ve Acil Yardım (%25 İndirimli),2,TYT,61,,,,"21, 64",1486560,253.84261,,MEDEK
209710042,  Odyometri (Burslu),2,TYT,8,,1,,"21, 64",551611,329.25544,,
209710043,  Odyometri (%50 İndirimli),2,TYT,51,,,,"21, 64",,,,
209710046,  Optisyenlik (Burslu),2,TYT,7,,1,,"21, 64",300189,367.17519,,
209710047,  Optisyenlik (%50 İndirimli),2,TYT,42,,,,"21, 64",1314275,265.62394,,
209710048,  Tıbbi Dokümantasyon ve Sekreterlik (Burslu),2,TYT,6,,1,,"21, 64",496336,336.05497,,
209710049,  Tıbbi Dokümantasyon ve Sekreterlik (%50 İndirimli),2,TYT,38,,,,"21, 64",1512131,252.09612,,
209710052,  Tıbbi Görüntüleme Teknikleri (Burslu),2,TYT,7,,1,,"21, 64",418941,346.79592,,
209710086,  Tıbbi Görüntüleme Teknikleri (%25 İndirimli),2,TYT,46,,,,"21, 64",1759406,235.22798,,
209710056,  Tıbbi Laboratuvar Teknikleri (Burslu),2,TYT,7,,1,,"21, 64",489406,336.95515,,
209710057,  Tıbbi Laboratuvar Teknikleri (%50 İndirimli),2,TYT,43,,,,"21, 64",1782244,233.65732,,
209710241,  Tıbbi Veri İşleme Teknikerliği (Burslu),2,TYT,5,,1,,"21, 64",540093,330.61036,,
209710248,  Tıbbi Veri İşleme Teknikerliği (%25 İndirimli),2,TYT,34,,,,"21, 64",,,,
,GEBZE ORGANİZE SANAYİ BÖLGESİ MESLEK YÜKSEKOKULU,,,,,,,,,,,
209700101,  Diş Protez Teknolojisi (Burslu),2,TYT,8,,1,,"21, 64",...,----,,
209700108,  Diş Protez Teknolojisi (%25 İndirimli),2,TYT,51,,,,"21, 64",...,----,,
209710283,  Elektrik (Burslu),2,TYT,8,,1,,"21, 64",643584,319.12784,,
209710290,  Elektrik (%25 İndirimli),2,TYT,51,,,,"21, 64",,,,
,KONYA GIDA VE TARIM ÜNİVERSİTESİ (Vakıf Üniversitesi) ,,,,,,,,,,,
,MESLEK YÜKSEKOKULU,,,,,,,,,,,
208300108,  Dijital Tarım Teknolojileri (Ücretli),2,TYT,2,,,,64,...,----,,
208300101,  Dijital Tarım Teknolojileri (Burslu),2,TYT,4,,1,,"21, 64",...,----,,
208300115,  Dijital Tarım Teknolojileri (%50 İndirimli),2,TYT,23,,,,"21, 64",...,----,,
208300129,  Gıda Kalite Kontrolü ve Analizi (Ücretli),2,TYT,2,,,,64,...,----,,
208300122,  Gıda Kalite Kontrolü ve Analizi (Burslu),2,TYT,4,,1,,"21, 64",...,----,,
208300136,  Gıda Kalite Kontrolü ve Analizi (%50 İndirimli),2,TYT,23,,,,"21, 64",...,----,,
,KTO KARATAY ÜNİVERSİTESİ (KONYA) (Vakıf Üniversitesi) ,,,,,,,,,,,YÖKAK
,KARATAY MESLEK YÜKSEKOKULU,,,,,,,,,,,
204090461,  Mahkeme Büro Hizmetleri (Ücretli),2,TYT,21,,,,"18, 64",2085733,211.20403,,
204090454,  Mahkeme Büro Hizmetleri (Burslu),2,TYT,3,,1,,"18, 21, 64",432518,344.77511,,
204090468,  Mahkeme Büro Hizmetleri (%50 İndirimli),2,TYT,4,,,,"18, 21, 64",1088284,281.58206,,
,SAĞLIK HİZMETLERİ MESLEK YÜKSEKOKULU,,,,,,,,,,,
204090755,  Ameliyathane Hizmetleri (Ücretli),2,TYT,18,,,,"18, 64",1472053,254.82386,,
204090748,  Ameliyathane Hizmetleri (Burslu),2,TYT,3,,1,,"18, 21, 64",436297,344.21262,,
204090762,  Ameliyathane Hizmetleri (%50 İndirimli),2,TYT,5,,,,"18, 21, 64",755600,308.32193,,
204050183,  Anestezi (Ücretli),2,TYT,48,,,,"18, 64",1090715,281.40516,,
204050192,  Anestezi (Burslu),2,TYT,10,,1,,"18, 21, 64",310133,365.21649,,
204050217,  Anestezi (%50 İndirimli),2,TYT,12,,,,"18, 21, 64",477170,338.59024,,
204050068,  Çocuk Gelişimi (Ücretli),2,TYT,27,,,,"18, 64",1919902,223.92345,,
204050077,  Çocuk Gelişimi (Burslu),2,TYT,8,,1,,"18, 21, 64",581779,325.77361,,
204050095,  Çocuk Gelişimi (%50 İndirimli),2,TYT,21,,,,"18, 21, 64",1374245,261.50282,,
204050102,  Diyaliz (Ücretli),2,TYT,43,,,,"18, 64",1509503,252.27873,,
204050111,  Diyaliz (Burslu),2,TYT,9,,1,,"18, 21, 64",476853,338.63178,,
204050138,  Diyaliz (%50 İndirimli),2,TYT,15,,,,"18, 21, 64",897668,296.19469,,
204050147,  Fizyoterapi (Ücretli),2,TYT,43,,,,"18, 64",1679416,240.69424,,
204050156,  Fizyoterapi (Burslu),2,TYT,9,,1,,"18, 21, 64",446018,342.83846,,
204050174,  Fizyoterapi (%50 İndirimli),2,TYT,15,,,,"18, 21, 64",900034,296.00343,,
204050226,  İlk ve Acil Yardım (Ücretli),2,TYT,43,,,,"18, 64",932191,293.44318,*,MEDEK
204050235,  İlk ve Acil Yardım (Burslu),2,TYT,9,,1,,"18, 21, 64",312239,364.81247,*,MEDEK
204050253,  İlk ve Acil Yardım (%50 İndirimli),2,TYT,15,,,,"18, 21, 64",538814,330.76507,*,MEDEK
204090139,  Optisyenlik (Ücretli),2,TYT,30,,,,"18, 64",1463383,255.41375,,
204090140,  Optisyenlik (Burslu),2,TYT,7,,1,,"18, 21, 64",279366,371.40872,,
204090141,  Optisyenlik (%50 İndirimli),2,TYT,18,,,,"18, 21, 64",844899,300.53586,,
204050262,  Tıbbi Görüntüleme Teknikleri (Ücretli),2,TYT,43,,,,"18, 64",1036471,285.42167,,
204050271,  Tıbbi Görüntüleme Teknikleri (Burslu),2,TYT,9,,1,,"18, 21, 64",292729,368.65626,,
204050298,  Tıbbi Görüntüleme Teknikleri (%50 İndirimli),2,TYT,15,,,,"18, 21, 64",534717,331.26149,,
,TİCARET VE SANAYİ MESLEK YÜKSEKOKULU,,,,,,,,,,,
204090132,  Bilgisayar Programcılığı (Ücretli),2,TYT,20,,,,"18, 64",,,*,MEDEK
204090131,  Bilgisayar Programcılığı (Burslu),2,TYT,8,,1,,"18, 21, 64",365017,355.35280,*,MEDEK
204090133,  Bilgisayar Programcılığı (%50 İndirimli),2,TYT,34,,,,"18, 21, 64",1367588,261.95495,*,MEDEK
204000101,  Bilişim Güvenliği Teknolojisi (Ücretli),2,TYT,7,,,,"18, 64",...,----,,
204090769,  Bilişim Güvenliği Teknolojisi (Burslu),2,TYT,3,,1,,"18, 21, 64",678092,315.62649,,
204000108,  Bilişim Güvenliği Teknolojisi (%50 İndirimli),2,TYT,18,,,,"18, 21, 64",...,----,,
204090114,  Dış Ticaret (Ücretli),2,TYT,25,,,,"18, 64",,,,
204090111,  Dış Ticaret (Burslu),2,TYT,7,,1,,"18, 21, 64",699695,313.52759,,
204090113,  Dış Ticaret (%50 İndirimli),2,TYT,23,,,,"18, 21, 64",1628589,244.15583,,
204090776,  E-Ticaret ve Pazarlama (Burslu),2,TYT,3,,,,"18, 21, 64",567810,327.35667,,
204090790,  E-Ticaret ve Pazarlama (%50 İndirimli),2,TYT,17,,,,"18, 21, 64",1430965,257.62739,,
204090797,  İmalat Yürütme Sistemleri Operatörlüğü (Burslu),2,TYT,3,,,,"18, 21, 64, 320",1036460,285.42239,,
204090811,  İmalat Yürütme Sistemleri Operatörlüğü (%50 İndirimli),2,TYT,17,,,,"18, 21, 64, 320",,,,
204000122,  Makine (Ücretli),2,TYT,9,,,,"18, 64",...,----,,
204000115,  Makine (Burslu),2,TYT,4,,1,,"18, 21, 64",...,----,,
204000129,  Makine (%50 İndirimli),2,TYT,16,,,,"18, 21, 64",...,----,,
204090118,  Mekatronik (Ücretli),2,TYT,18,,,,"18, 64",,,*,MEDEK
204090115,  Mekatronik (Burslu),2,TYT,6,,1,,"18, 21, 64",398473,349.89327,*,MEDEK
204090117,  Mekatronik (%50 İndirimli),2,TYT,24,,,,"18, 21, 64",1516522,251.79284,*,MEDEK
204090734,  Silah Sanayi Teknikerliği (Ücretli),2,TYT,22,,,,"18, 64",2118133,208.42189,,
204090727,  Silah Sanayi Teknikerliği (Burslu),2,TYT,4,,1,,"18, 21, 64",480262,338.17344,,
204090741,  Silah Sanayi Teknikerliği (%50 İndirimli),2,TYT,9,,,,"18, 21, 64",731047,310.55613,,
204090134,  Sivil Havacılık Kabin Hizmetleri (Ücretli),2,TYT,18,,,,"10, 18, 64",1554964,249.16222,,
204090135,  Sivil Havacılık Kabin Hizmetleri (Burslu),2,TYT,6,,1,,"10, 18, 21, 64",395699,350.32671,,
204090136,  Sivil Havacılık Kabin Hizmetleri (%50 İndirimli),2,TYT,24,,,,"10, 18, 21, 64",938869,292.91041,,
204000143,  Uçak Teknolojisi (Ücretli),2,TYT,9,,,,"10, 18, 64",...,----,,
204000136,  Uçak Teknolojisi (Burslu),2,TYT,4,,1,,"10, 18, 21, 64",...,----,,
204000150,  Uçak Teknolojisi (%50 İndirimli),2,TYT,16,,,,"10, 18, 21, 64",...,----,,
,LOKMAN HEKİM ÜNİVERSİTESİ (ANKARA) (Vakıf Üniversitesi) ,,,,,,,,,,,
,SAĞLIK HİZMETLERİ MESLEK YÜKSEKOKULU,,,,,,,,,,,
208810031,  Ağız ve Diş Sağlığı (Burslu),2,TYT,6,,1,,"18, 21, 64",384642,352.10443,,
208810032,  Ağız ve Diş Sağlığı (%25 İndirimli),2,TYT,38,,,,"18, 21, 64",1081333,282.08605,,
208810033,  Ameliyathane Hizmetleri (Burslu),2,TYT,8,,1,,"18, 21, 64",471934,339.28012,,MEDEK
208810034,  Ameliyathane Hizmetleri (%25 İndirimli),2,TYT,51,,,,"18, 21, 64",1582991,247.26049,,MEDEK
208810023,  Anestezi (Burslu),2,TYT,7,,1,,"18, 21, 64",283365,370.57628,,
208810024,  Anestezi (%25 İndirimli),2,TYT,46,,,,"18, 21, 64",784149,305.75232,,
208810035,  Diş Protez Teknolojisi (Burslu),2,TYT,5,,1,,"18, 21, 64",323478,362.70965,,
208810036,  Diş Protez Teknolojisi (%25 İndirimli),2,TYT,34,,,,"18, 21, 64",780669,306.06308,,
208810059,  Diyaliz (Burslu),2,TYT,6,,1,,"18, 21, 64",485083,337.53218,,
208810060,  Diyaliz (%25 İndirimli),2,TYT,38,,,,"18, 21, 64",1652504,242.53027,,
208810037,  Eczane Hizmetleri (Burslu),2,TYT,5,,1,,"18, 21, 64",477431,338.55725,,
208810061,  Eczane Hizmetleri (%50 İndirimli),2,TYT,34,,,,"18, 21, 64",1267082,268.89408,,
208810025,  İlk ve Acil Yardım (Burslu),2,TYT,7,,1,,"18, 21, 64",315427,364.21116,,MEDEK
208810026,  İlk ve Acil Yardım (%25 İndirimli),2,TYT,46,,,,"18, 21, 64",849490,300.15678,,MEDEK
208810080,  Optisyenlik (Burslu),2,TYT,7,,1,,"18, 21, 64",352775,357.43886,,
208810081,  Optisyenlik (%25 İndirimli),2,TYT,42,,,,"18, 21, 64",1395543,260.04819,,
208810039,  Tıbbi Görüntüleme Teknikleri (Burslu),2,TYT,7,,1,,"18, 21, 64",328230,361.82401,,
208810040,  Tıbbi Görüntüleme Teknikleri (%25 İndirimli),2,TYT,46,,,,"18, 21, 64",843857,300.62003,,
208810041,  Tıbbi Laboratuvar Teknikleri (Burslu),2,TYT,7,,1,,"18, 21, 64",399521,349.73355,,MEDEK
208810042,  Tıbbi Laboratuvar Teknikleri (%25 İndirimli),2,TYT,42,,,,"18, 21, 64",1201446,273.46683,,MEDEK
208810172,  Tıbbi Veri İşleme Teknikerliği (Burslu),2,TYT,5,,1,,"18, 21, 64",436240,344.22253,,
208810179,  Tıbbi Veri İşleme Teknikerliği (%50 İndirimli),2,TYT,34,,,,"18, 21, 64",1439407,257.04140,,
208810058,  Yaşlı Bakımı (Burslu),2,TYT,4,,1,,"18, 21, 64",623706,321.22288,,MEDEK
208810123,  Yaşlı Bakımı (%50 İndirimli),2,TYT,25,,,,"18, 21, 64",2098074,210.15061,,MEDEK
,MALTEPE ÜNİVERSİTESİ (İSTANBUL) (Vakıf Üniversitesi) ,,,,,,,,,,,YÖKAK
,MESLEK YÜKSEKOKULU,,,,,,,,,,,
204190370,  Anestezi (Ücretli),2,TYT,11,,,,"18, 64",1848128,229.06340,,
204190367,  Anestezi (Burslu),2,TYT,7,,1,,"18, 21, 64",402782,349.22629,,
204190567,  Anestezi (%25 İndirimli),2,TYT,31,,,,"18, 21, 64",2285284,186.24335,,
204190574,  Bankacılık ve Sigortacılık (Ücretli),2,TYT,3,,,,"18, 64",2029065,215.78029,,
204150322,  Bankacılık ve Sigortacılık (Burslu),2,TYT,3,,1,,"18, 21, 64",474400,338.95259,,
204150685,  Bankacılık ve Sigortacılık (%50 İndirimli),2,TYT,21,,,,"18, 21, 64",,,,
204190588,  Bilgisayar Programcılığı (Ücretli),2,TYT,8,,,,"18, 64",,,,
204150491,  Bilgisayar Programcılığı (Burslu),2,TYT,6,,1,,"18, 21, 64",240613,380.01108,,
204190595,  Bilgisayar Programcılığı (%25 İndirimli),2,TYT,30,,,,"18, 21, 64",2128897,207.48135,,
204190602,  Çocuk Gelişimi (Ücretli),2,TYT,3,,,,"18, 64",,,,
204150507,  Çocuk Gelişimi (Burslu),2,TYT,3,,1,,"18, 21, 64",645419,318.94018,,
204150067,  Çocuk Gelişimi (%50 İndirimli),2,TYT,20,,,,"18, 21, 64",,,,
204190616,  Halkla İlişkiler ve Tanıtım (Ücretli),2,TYT,5,,,,"18, 64",2307548,172.18895,,
204150516,  Halkla İlişkiler ve Tanıtım (Burslu),2,TYT,5,,1,,"18, 21, 64",593973,324.42185,,
204190399,  Halkla İlişkiler ve Tanıtım (%50 İndirimli),2,TYT,27,,,,"18, 21, 64",,,,
204151056,  İlk ve Acil Yardım (Ücretli),2,TYT,7,,,,"18, 64",1852239,228.77628,,
204151065,  İlk ve Acil Yardım (Burslu),2,TYT,4,,1,,"18, 21, 64",399549,349.72959,,
204151083,  İlk ve Acil Yardım (%25 İndirimli),2,TYT,20,,,,"18, 21, 64",1811312,231.63420,,
204191057,  Mahkeme Büro Hizmetleri (Ücretli),2,TYT,3,,,,"18, 64",,,,
204191050,  Mahkeme Büro Hizmetleri (Burslu),2,TYT,4,,1,,"18, 21, 64",614576,322.20382,,
204191064,  Mahkeme Büro Hizmetleri (%50 İndirimli),2,TYT,22,,,,"18, 21, 64",,,,
204150782,  Mimari Restorasyon (Ücretli),2,TYT,3,,,,"18, 64",2248409,193.98619,,
204150791,  Mimari Restorasyon (Burslu),2,TYT,4,,1,,"18, 21, 64",396008,350.28048,,
204150931,  Mimari Restorasyon (%50 İndirimli),2,TYT,22,,,,"18, 21, 64",,,,
204190651,  Moda Tasarımı (Ücretli),2,TYT,3,,,,"18, 64",2114888,208.71400,,
204150816,  Moda Tasarımı (Burslu),2,TYT,4,,1,,"18, 21, 64",539492,330.68450,,
204150949,  Moda Tasarımı (%50 İndirimli),2,TYT,22,,,,"18, 21, 64",,,,
204190679,  Sivil Hava Ulaştırma İşletmeciliği (Ücretli),2,TYT,5,,,,"10, 18, 64",1609032,245.48983,,
204151011,  Sivil Hava Ulaştırma İşletmeciliği (Burslu),2,TYT,4,,1,,"10, 18, 21, 64",361252,355.99473,,
204151029,  Sivil Hava Ulaştırma İşletmeciliği (%50 İndirimli),2,TYT,25,,,,"10, 18, 21, 64",1575199,247.78515,,
204150825,  Sivil Havacılık Kabin Hizmetleri (Ücretli),2,TYT,8,,,,"10, 18, 64",1660531,241.97886,,
204150834,  Sivil Havacılık Kabin Hizmetleri (Burslu),2,TYT,5,,1,,"10, 18, 21, 64",325433,362.33515,,
204190693,  Sivil Havacılık Kabin Hizmetleri (%25 İndirimli),2,TYT,26,,,,"10, 18, 21, 64",1451617,256.19858,,
204190700,  Tıbbi Görüntüleme Teknikleri (Ücretli),2,TYT,5,,,,"18, 64",1987957,218.92358,,
204150719,  Tıbbi Görüntüleme Teknikleri (Burslu),2,TYT,4,,1,,"18, 21, 64",424011,346.04213,,
204190707,  Tıbbi Görüntüleme Teknikleri (%25 İndirimli),2,TYT,22,,,,"18, 21, 64",,,,
204190714,  Turizm ve Otel İşletmeciliği (Ücretli),2,TYT,3,,,,"18, 64",,,*,TUADER
204150243,  Turizm ve Otel İşletmeciliği (Burslu),2,TYT,4,,1,,"18, 21, 64",521700,332.83591,*,TUADER
204150146,  Turizm ve Otel İşletmeciliği (%50 İndirimli),2,TYT,22,,,,"18, 21, 64",,,*,TUADER
204150843,  Uçak Teknolojisi (Ücretli),2,TYT,7,,,,"10, 18, 64",930392,293.58695,,
204150852,  Uçak Teknolojisi (Burslu),2,TYT,5,,1,,"10, 18, 21, 64",148765,405.91569,,
204150985,  Uçak Teknolojisi (%25 İndirimli),2,TYT,27,,,,"10, 18, 21, 64",798843,304.47262,,
204191095,  Yapı Yalıtım Teknolojisi (Ücretli),2,TYT,4,,,,"18, 64",,,,
204191088,  Yapı Yalıtım Teknolojisi (Burslu),2,TYT,4,,1,,"18, 21, 64",761996,307.74135,,
204191102,  Yapı Yalıtım Teknolojisi (%50 İndirimli),2,TYT,27,,,,"18, 21, 64",,,,
,MUDANYA ÜNİVERSİTESİ (BURSA) (Vakıf Üniversitesi) ,,,,,,,,,,,
,MESLEK YÜKSEKOKULU,,,,,,,,,,,
210000360,  Ağız ve Diş Sağlığı (Burslu),2,TYT,3,,1,,"18, 21, 64",367900,354.85155,,
210000367,  Ağız ve Diş Sağlığı (%50 İndirimli),2,TYT,23,,,,"18, 21, 64",1017436,286.85432,,
210000101,  Anestezi (Burslu),2,TYT,6,,1,,"18, 21, 64",336772,360.26237,,
210000115,  Anestezi (%50 İndirimli),2,TYT,38,,,,"18, 21, 64",763539,307.60354,,
210000661,  Aşçılık (Burslu),2,TYT,4,,1,,"18, 21, 64",...,----,,
210000668,  Aşçılık (%50 İndirimli),2,TYT,25,,,,"18, 21, 64",...,----,,
210000374,  Bilgisayar Programcılığı (Burslu),2,TYT,4,,1,,"18, 21, 64",344842,358.82285,,
210000381,  Bilgisayar Programcılığı (%50 İndirimli),2,TYT,25,,,,"18, 21, 64",1257211,269.58042,,
210000388,  Dış Ticaret (Burslu),2,TYT,4,,1,,"18, 21, 64",533571,331.40201,,
210000395,  Dış Ticaret (%50 İndirimli),2,TYT,25,,,,"18, 21, 64",1208384,272.98598,,
210000535,  Dijital Dönüşüm Elektroniği (Burslu),2,TYT,4,,1,,"18, 21, 64, 320",574104,326.64574,,
210000542,  Dijital Dönüşüm Elektroniği (%50 İndirimli),2,TYT,25,,,,"18, 21, 64, 320",1822768,230.84708,,
210000549,  Elektronik Haberleşme Teknolojisi (Burslu),2,TYT,4,,1,,"18, 21, 64",652669,318.18312,,
210000556,  Elektronik Haberleşme Teknolojisi (%50 İndirimli),2,TYT,25,,,,"18, 21, 64",2278184,188.19564,,
210000129,  Fizyoterapi (Burslu),2,TYT,6,,1,,"18, 21, 64",349548,357.98802,,
210000136,  Fizyoterapi (%50 İndirimli),2,TYT,38,,,,"18, 21, 64",1043445,284.90495,,
210000402,  Grafik Tasarımı (Burslu),2,TYT,4,,1,,"18, 21, 64",514037,333.79305,,
210000409,  Grafik Tasarımı (%50 İndirimli),2,TYT,25,,,,"18, 21, 64",1475230,254.60764,,
210000143,  İlk ve Acil Yardım (Burslu),2,TYT,6,,1,,"18, 21, 64",345819,358.65361,,
210000157,  İlk ve Acil Yardım (%50 İndirimli),2,TYT,38,,,,"18, 21, 64",866553,298.74066,,
210000675,  İmalat Yürütme Sistemleri Operatörlüğü (Burslu),2,TYT,5,,1,,"18, 21, 64, 320",...,----,,
210000682,  İmalat Yürütme Sistemleri Operatörlüğü (%50 İndirimli),2,TYT,34,,,,"18, 21, 64, 320",...,----,,
210000416,  Otomotiv Teknolojisi (Burslu),2,TYT,5,,1,,"21, 64",442054,343.39186,,
210000423,  Otomotiv Teknolojisi (%50 İndirimli),2,TYT,34,,,,"21, 64",1321172,265.13808,,
210000563,  Tele-Sağlık Teknikerliği (Burslu),2,TYT,7,,1,,"21, 64",402281,349.30609,,
210000570,  Tele-Sağlık Teknikerliği (%50 İndirimli),2,TYT,42,,,,"21, 64",1310532,265.88909,,
210000164,  Tıbbi Görüntüleme Teknikleri (Burslu),2,TYT,6,,1,,"21, 64",375087,353.66031,,
210000178,  Tıbbi Görüntüleme Teknikleri (%50 İndirimli),2,TYT,38,,,,"21, 64",853081,299.86114,,
,NUH NACİ YAZGAN ÜNİVERSİTESİ (KAYSERİ) (Vakıf Üniversitesi) ,,,,,,,,,,,YÖKAK
,MESLEK YÜKSEKOKULU,,,,,,,,,,,
204610485,  Ağız ve Diş Sağlığı (Ücretli),2,TYT,13,,,,"18, 64",1774875,234.16067,,
204610478,  Ağız ve Diş Sağlığı (Burslu),2,TYT,6,,1,,"18, 21, 64",403058,349.18612,,
204610492,  Ağız ve Diş Sağlığı (%25 İndirimli),2,TYT,25,,,,"18, 21, 64",1275351,268.32204,,
204610506,  Anestezi (Ücretli),2,TYT,13,,,,"18, 64",1201475,273.46383,,
204610499,  Anestezi (Burslu),2,TYT,6,,1,,"18, 21, 64",330831,361.35513,,
204610513,  Anestezi (%25 İndirimli),2,TYT,25,,,,"18, 21, 64",974170,290.15069,,
204610520,  Bilgisayar Programcılığı (Burslu),2,TYT,6,,1,,"18, 21, 64",481762,337.97367,,
204610534,  Bilgisayar Programcılığı (%25 İndirimli),2,TYT,42,,,,"18, 21, 64",1985709,219.09324,,
204610548,  Elektrik (Burslu),2,TYT,5,,1,,"18, 21, 64",729732,310.67665,,
204600122,  Elektrik (%50 İndirimli),2,TYT,37,,,,"18, 21, 64",...,----,,
204610457,  Fizyoterapi (Ücretli),2,TYT,7,,,,"18, 64",2010931,217.17703,,
204610436,  Fizyoterapi (Burslu),2,TYT,7,,1,,"18, 21, 64",408814,348.32464,,
204610443,  Fizyoterapi (%25 İndirimli),2,TYT,35,,,,"18, 21, 64",1632252,243.90711,,
204610569,  İlk ve Acil Yardım (Ücretli),2,TYT,8,,,,"18, 64",1286990,267.51407,,
204610562,  İlk ve Acil Yardım (Burslu),2,TYT,3,,1,,"18, 21, 64",322199,362.95226,,
204610576,  İlk ve Acil Yardım (%25 İndirimli),2,TYT,15,,,,"18, 21, 64",797474,304.59313,,
204600129,  İnşaat Teknolojisi (Burslu),2,TYT,4,,1,,"18, 21, 64",1355685,262.76606,,
204600136,  İnşaat Teknolojisi (%50 İndirimli),2,TYT,30,,,,"18, 21, 64",...,----,,
204610590,  Tıbbi Görüntüleme Teknikleri (Ücretli),2,TYT,6,,,,"18, 64",1511125,252.16741,,
204610583,  Tıbbi Görüntüleme Teknikleri (Burslu),2,TYT,3,,1,,"18, 21, 64",339013,359.86156,,
204610597,  Tıbbi Görüntüleme Teknikleri (%25 İndirimli),2,TYT,17,,,,"18, 21, 64",965397,290.82192,,
,OSTİM TEKNİK ÜNİVERSİTESİ (ANKARA) (Vakıf Üniversitesi) ,,,,,,,,,,,
,BİLİŞİM TEKNOLOJİLERİ MESLEK YÜKSEKOKULU,,,,,,,,,,,
209100101,  Bilgisayar Programcılığı (Burslu),2,TYT,15,,2,,"18, 21, 64",270596,373.24229,,
209100108,  Bilgisayar Programcılığı (%50 İndirimli),2,TYT,87,,,,"18, 21, 64",1146304,277.39894,,
209100115,  Bilişim Güvenliği Teknolojisi (Burslu),2,TYT,11,,1,,"18, 21, 64",286120,370.00833,,
209100122,  Bilişim Güvenliği Teknolojisi (%50 İndirimli),2,TYT,55,,,,"18, 21, 64",1404505,259.43988,,
209100129,  Dijital Oyun Teknolojileri (Burslu),2,TYT,4,,1,,"18, 21, 64, 320",...,----,,
209100136,  Dijital Oyun Teknolojileri (%50 İndirimli),2,TYT,25,,,,"18, 21, 64, 320",...,----,,
,MESLEK YÜKSEKOKULU,,,,,,,,,,,
209110045,  Biyomedikal Cihaz Teknolojisi (Burslu),2,TYT,9,,1,,"18, 21, 64",548878,329.57756,,
209110046,  Biyomedikal Cihaz Teknolojisi (%50 İndirimli),2,TYT,40,,,,"18, 21, 64",,,,
209110047,  Elektrik (Burslu),2,TYT,12,,1,,"18, 21, 64",319227,363.50085,,
209110048,  Elektrik (%50 İndirimli),2,TYT,61,,,,"18, 21, 64",1180274,274.96729,,
209110012,  Elektronik Teknolojisi (Burslu),2,TYT,11,,1,,"18, 21, 64",281520,370.95525,,
209110013,  Elektronik Teknolojisi (%50 İndirimli),2,TYT,55,,,,"18, 21, 64",1204824,273.23191,,
209110034,  E-Ticaret ve Pazarlama (Burslu),2,TYT,9,,1,,"18, 21, 64",538829,330.76369,,
209110035,  E-Ticaret ve Pazarlama (%50 İndirimli),2,TYT,40,,,,"18, 21, 64",,,,
209110049,  Hibrid ve Elektrikli Taşıtlar Teknolojisi (Burslu),2,TYT,13,,2,,"18, 21, 64",322324,362.93181,,
209110050,  Hibrid ve Elektrikli Taşıtlar Teknolojisi (%50 İndirimli),2,TYT,78,,,,"18, 21, 64",1310575,265.88552,,
209110051,  İnsansız Hava Aracı Teknolojisi ve Operatörlüğü (Burslu),2,TYT,13,,2,,"18, 21, 64",243271,379.40275,,
209110052,  İnsansız Hava Aracı Teknolojisi ve Operatörlüğü (%50 İndirimli),2,TYT,82,,,,"18, 21, 64",916006,294.71953,,
209100143,  İş Makineleri Operatörlüğü (Burslu),2,TYT,4,,1,,"18, 21, 64",...,----,,
209100150,  İş Makineleri Operatörlüğü (%50 İndirimli),2,TYT,25,,,,"18, 21, 64",...,----,,
209110010,  Lojistik (Burslu),2,TYT,9,,1,,"18, 21, 64",472692,339.18480,,
209110075,  Lojistik (%50 İndirimli),2,TYT,40,,,,"18, 21, 64",,,,
209110015,  Makine (Burslu),2,TYT,10,,1,,"18, 21, 64",261237,375.30036,,MEDEK
209110016,  Makine (%50 İndirimli),2,TYT,56,,,,"18, 21, 64",828042,301.95841,,MEDEK
209110024,  Mekatronik (Burslu),2,TYT,11,,1,,"18, 21, 64",309569,365.32571,,
209110025,  Mekatronik (%50 İndirimli),2,TYT,55,,,,"18, 21, 64",1039573,285.19184,,
209110073,  Silah Sanayi Teknikerliği (Burslu),2,TYT,10,,1,,"18, 21, 64",279666,371.34139,,
209110074,  Silah Sanayi Teknikerliği (%50 İndirimli),2,TYT,56,,,,"18, 21, 64",975601,290.04435,,
209110187,  Üretimde Kalite Kontrol (Burslu),2,TYT,8,,1,,"18, 21, 64",461852,340.65221,,
209110194,  Üretimde Kalite Kontrol (%50 İndirimli),2,TYT,44,,,,"18, 21, 64",,,,
,PİRİ REİS ÜNİVERSİTESİ (İSTANBUL) (Vakıf Üniversitesi) ,,,,,,,,,,,YÖKAK
,DENİZCİLİK MESLEK YÜKSEKOKULU,,,,,,,,,,,
204950431,  Aşçılık (İngilizce) (Ücretli),2,TYT,14,,,,"18, 22, 23, 24, 64",,,,
204950392,  Aşçılık (İngilizce) (Burslu),2,TYT,6,,1,,"18, 21, 22, 23, 24, 64",417607,346.99552,,
204950394,  Aşçılık (İngilizce) (%50 İndirimli),2,TYT,25,,,,"18, 21, 22, 23, 24, 64",1726146,237.50917,,
204950414,  Bilgisayar Programcılığı (Ücretli),2,TYT,16,,,,"18, 22, 24, 34, 64",,,,
204950244,  Bilgisayar Programcılığı (Burslu),2,TYT,8,,1,,"18, 21, 22, 24, 34, 64",307554,365.71302,,
204950262,  Bilgisayar Programcılığı (%50 İndirimli),2,TYT,33,,,,"18, 21, 22, 24, 34, 64",983809,289.41210,,
204950424,  Deniz Brokerliği (Ücretli),2,TYT,20,,,,"18, 22, 24, 34, 64",1960025,221.00693,,
204950271,  Deniz Brokerliği (Burslu),2,TYT,9,,1,,"18, 21, 22, 24, 34, 64",257452,376.16058,,
204950298,  Deniz Brokerliği (%50 İndirimli),2,TYT,33,,,,"18, 21, 22, 24, 34, 64",753795,308.48329,,
204950041,  Deniz Ulaştırma ve İşletme (Ücretli),2,TYT,25,,,,"11, 18, 22, 24, 34, 64",934848,293.23160,,
204950059,  Deniz Ulaştırma ve İşletme (Burslu),2,TYT,10,,2,,"11, 18, 21, 22, 24, 34, 64",131007,412.26819,,
204950068,  Deniz Ulaştırma ve İşletme (%50 İndirimli),2,TYT,46,,,,"11, 18, 21, 22, 24, 34, 64",487170,337.25772,,
204950438,  Deniz ve Liman İşletmeciliği (Ücretli),2,TYT,23,,,,"11, 18, 22, 24, 34, 64",1834877,230.01094,,
204950023,  Deniz ve Liman İşletmeciliği (Burslu),2,TYT,10,,1,,"11, 18, 21, 22, 24, 34, 64",267787,373.85298,,
204950032,  Deniz ve Liman İşletmeciliği (%50 İndirimli),2,TYT,35,,,,"11, 18, 21, 22, 24, 34, 64",793052,304.97642,,
204950415,  Gemi İnşaatı (Ücretli),2,TYT,28,,,,"18, 22, 24, 34, 64",1976094,219.81554,,
204950086,  Gemi İnşaatı (Burslu),2,TYT,12,,2,,"18, 21, 22, 24, 34, 64",261898,375.14707,,
204950095,  Gemi İnşaatı (%50 İndirimli),2,TYT,48,,,,"18, 21, 22, 24, 34, 64",911953,295.04809,,
204950403,  Gemi Makineleri İşletmeciliği (Ücretli),2,TYT,28,,,,"11, 18, 22, 24, 34, 64",1217402,272.35629,,
204950404,  Gemi Makineleri İşletmeciliği (Burslu),2,TYT,12,,2,,"11, 18, 21, 22, 24, 34, 64",222946,384.26963,,
204950405,  Gemi Makineleri İşletmeciliği (%50 İndirimli),2,TYT,53,,,,"11, 18, 21, 22, 24, 34, 64",594728,324.34012,,
204950543,  Hibrid ve Elektrikli Taşıtlar Teknolojisi (Ücretli),2,TYT,11,,,,"11, 18, 64",,,,
204950536,  Hibrid ve Elektrikli Taşıtlar Teknolojisi (Burslu),2,TYT,5,,1,,"11, 18, 21, 64",430598,345.06528,,
204950550,  Hibrid ve Elektrikli Taşıtlar Teknolojisi (%50 İndirimli),2,TYT,23,,,,"11, 18, 21, 64",1239086,270.84719,,
204950445,  Lojistik (Ücretli),2,TYT,15,,,,"18, 22, 24, 34, 64",,,,
204950217,  Lojistik (Burslu),2,TYT,6,,1,,"18, 21, 22, 24, 34, 64",410680,348.03514,,
204950235,  Lojistik (%50 İndirimli),2,TYT,26,,,,"18, 21, 22, 24, 34, 64",1221362,272.08117,,
204950452,  Marina ve Yat İşletmeciliği (Ücretli),2,TYT,19,,,,"11, 18, 22, 24, 34, 64",2280019,187.72358,,
204950388,  Marina ve Yat İşletmeciliği (Burslu),2,TYT,9,,1,,"11, 18, 21, 22, 24, 34, 64",398637,349.86853,,
204950390,  Marina ve Yat İşletmeciliği (%50 İndirimli),2,TYT,37,,,,"11, 18, 21, 22, 24, 34, 64",991993,288.77640,,
204950413,  Mekatronik (Ücretli),2,TYT,18,,,,"11, 18, 22, 24, 34, 64",,,,
204950147,  Mekatronik (Burslu),2,TYT,10,,1,,"11, 18, 21, 22, 24, 34, 64",322592,362.88017,,
204950156,  Mekatronik (%50 İndirimli),2,TYT,41,,,,"11, 18, 21, 22, 24, 34, 64",857296,299.50028,,
204950459,  Su Altı Teknolojisi (İngilizce) (Ücretli),2,TYT,5,,,,"18, 22, 23, 24, 57, 64",,,,
204950410,  Su Altı Teknolojisi (İngilizce) (Burslu),2,TYT,2,,,,"18, 21, 22, 23, 24, 57, 64",256680,376.32405,,
204950412,  Su Altı Teknolojisi (İngilizce) (%50 İndirimli),2,TYT,8,,,,"18, 21, 22, 23, 24, 57, 64",1168629,275.80265,,
,SANKO ÜNİVERSİTESİ (GAZİANTEP) (Vakıf Üniversitesi) ,,,,,,,,,,,YÖKAK
,SAĞLIK HİZMETLERİ MESLEK YÜKSEKOKULU,,,,,,,,,,,
207710109,  Ameliyathane Hizmetleri (Ücretli),2,TYT,21,,,,64,,,,
207710101,  Ameliyathane Hizmetleri (Burslu),2,TYT,7,,1,,"21, 64",508322,334.50766,,
207710102,  Ameliyathane Hizmetleri (%25 İndirimli),2,TYT,21,,,,"21, 64",1743433,236.32885,,
207710100,  Anestezi (Ücretli),2,TYT,21,,,,64,1576505,247.69956,,
207710110,  Anestezi (Burslu),2,TYT,7,,1,,"21, 64",272994,372.73494,,
207710111,  Anestezi (%25 İndirimli),2,TYT,21,,,,"21, 64",884273,297.28626,,
207710103,  İlk ve Acil Yardım (Ücretli),2,TYT,21,,,,64,1733062,237.03844,*,MEDEK
207710104,  İlk ve Acil Yardım (Burslu),2,TYT,7,,1,,"21, 64",344634,358.85964,*,MEDEK
207710105,  İlk ve Acil Yardım (%25 İndirimli),2,TYT,21,,,,"21, 64",1061901,283.52593,*,MEDEK
207710106,  Tıbbi Görüntüleme Teknikleri (Ücretli),2,TYT,21,,,,64,2246887,194.22563,,
207710107,  Tıbbi Görüntüleme Teknikleri (Burslu),2,TYT,7,,1,,"21, 64",302477,366.72098,,
207710108,  Tıbbi Görüntüleme Teknikleri (%25 İndirimli),2,TYT,21,,,,"21, 64",1144872,277.50715,,
,TOROS ÜNİVERSİTESİ (MERSİN) (Vakıf Üniversitesi) ,,,,,,,,,,,YÖKAK
,MESLEK YÜKSEKOKULU,,,,,,,,,,,
205550509,  Aşçılık (Burslu),2,TYT,6,,1,,"18, 21, 64",475051,338.86931,,
205590258,  Aşçılık (%25 İndirimli),2,TYT,38,,,,"18, 21, 64",,,,
205590085,  Bilgisayar Programcılığı (Ücretli),2,TYT,42,,,,"18, 64",,,,
205590086,  Bilgisayar Programcılığı (Burslu),2,TYT,7,,1,,"18, 21, 64",647998,318.66131,,
205550103,  Grafik Tasarımı (Burslu),2,TYT,4,,1,,"18, 21, 64",703851,313.14222,,
205550121,  Grafik Tasarımı (%25 İndirimli),2,TYT,30,,,,"18, 21, 64",,,,
205550148,  İnşaat Teknolojisi (Burslu),2,TYT,5,,1,,"18, 21, 64",791903,305.07465,,
205550166,  İnşaat Teknolojisi (%25 İndirimli),2,TYT,34,,,,"18, 21, 64",2166562,203.88624,,
205590209,  Mahkeme Büro Hizmetleri (Burslu),2,TYT,5,,1,,"18, 21, 64",722754,311.34351,,
205590223,  Mahkeme Büro Hizmetleri (%50 İndirimli),2,TYT,31,,,,"18, 21, 64",...,----,,
205590057,  Mekatronik (Burslu),2,TYT,7,,1,,"18, 21, 64",664379,316.99292,,
205590251,  Mekatronik (%25 İndirimli),2,TYT,42,,,,"18, 21, 64",,,,
,SAĞLIK HİZMETLERİ MESLEK YÜKSEKOKULU,,,,,,,,,,,
205590087,  Ağız ve Diş Sağlığı (Ücretli),2,TYT,57,,,,"18, 64",1756866,235.40182,,
205590088,  Ağız ve Diş Sağlığı (Burslu),2,TYT,9,,1,,"18, 21, 64",427961,345.45753,,
205590089,  Ameliyathane Hizmetleri (Ücretli),2,TYT,47,,,,"18, 64",1853112,228.71187,,
205590090,  Ameliyathane Hizmetleri (Burslu),2,TYT,7,,1,,"18, 21, 64",529297,331.91307,,
205590091,  Anestezi (Ücretli),2,TYT,48,,,,"18, 64",1186421,274.52702,,
205590092,  Anestezi (Burslu),2,TYT,7,,1,,"18, 21, 64",384761,352.08608,,
205590095,  Çocuk Gelişimi (Burslu),2,TYT,5,,1,,"18, 21, 64",749679,308.85806,,
205500101,  Çocuk Gelişimi (%25 İndirimli),2,TYT,33,,,,"18, 21, 64",...,----,,
205590097,  Diyaliz (Ücretli),2,TYT,42,,,,"18, 64",,,,
205590098,  Diyaliz (Burslu),2,TYT,7,,1,,"18, 21, 64",555940,328.74098,,
205590099,  Fizyoterapi (Ücretli),2,TYT,50,,,,"18, 64",2111140,209.04767,,
205590100,  Fizyoterapi (Burslu),2,TYT,8,,1,,"18, 21, 64",488483,337.07905,,
205590101,  İlk ve Acil Yardım (Ücretli),2,TYT,61,,,,"18, 64",1204299,273.26678,,
205590102,  İlk ve Acil Yardım (Burslu),2,TYT,10,,1,,"18, 21, 64",385652,351.94030,,
205590103,  Optisyenlik (Ücretli),2,TYT,59,,,,"18, 64",2010368,217.21766,,
205590104,  Optisyenlik (Burslu),2,TYT,9,,1,,"18, 21, 64",573511,326.71261,,
205590105,  Tıbbi Görüntüleme Teknikleri (Ücretli),2,TYT,61,,,,"18, 64",1473212,254.74824,,
205590106,  Tıbbi Görüntüleme Teknikleri (Burslu),2,TYT,10,,1,,"18, 21, 64",401004,349.50275,,
205590107,  Tıbbi Laboratuvar Teknikleri (Ücretli),2,TYT,57,,,,"18, 64",1921556,223.80837,,
205590108,  Tıbbi Laboratuvar Teknikleri (Burslu),2,TYT,9,,1,,"18, 21, 64",491069,336.74129,,
,TÜRK HAVA KURUMU ÜNİVERSİTESİ (ANKARA) (Vakıf Üniversitesi) ,,,,,,,,,,,
,ANKARA HAVACILIK MESLEK YÜKSEKOKULU,,,,,,,,,,,
205750240,  Büyük Veri Analistliği (Burslu),2,TYT,3,,,,"21, 64, 320",338140,360.02032,,
205700101,  Büyük Veri Analistliği (%50 İndirimli),2,TYT,18,,,,"21, 64, 320",...,----,,
205750205,  Hava Aracı İmalat Teknolojileri (Ücretli),2,TYT,37,,,,"64, 320",1733247,237.02627,,
205750198,  Hava Aracı İmalat Teknolojileri (Burslu),2,TYT,6,,1,,"21, 64, 320",195955,391.44287,,
205750151,  Hava Lojistiği (Ücretli),2,TYT,14,,,,64,2006709,217.49835,*,MEDEK
205750152,  Hava Lojistiği (Burslu),2,TYT,6,,1,,"21, 64",316597,363.99901,*,MEDEK
205750184,  Hava Lojistiği (%25 İndirimli),2,TYT,28,,,,"21, 64",1819369,231.08608,*,MEDEK
205750219,  Hibrid ve Elektrikli Taşıtlar Teknolojisi (Ücretli),2,TYT,11,,,,64,1931142,223.10981,,
205750212,  Hibrid ve Elektrikli Taşıtlar Teknolojisi (Burslu),2,TYT,4,,1,,"21, 64",217664,385.62104,,
205750254,  Hibrid ve Elektrikli Taşıtlar Teknolojisi (%25 İndirimli),2,TYT,17,,,,"21, 64",1347223,263.35139,,
205750128,  Sivil Hava Ulaştırma İşletmeciliği (Burslu),2,TYT,9,,1,,"10, 21, 64",278385,371.60690,*,MEDEK
205750177,  Sivil Hava Ulaştırma İşletmeciliği (%25 İndirimli),2,TYT,56,,,,"10, 21, 64",1574687,247.82032,*,MEDEK
205750058,  Sivil Havacılık Kabin Hizmetleri (Ücretli),2,TYT,58,,,,"10, 64",1284809,267.66857,,
205750067,  Sivil Havacılık Kabin Hizmetleri (Burslu),2,TYT,9,,1,,"10, 21, 64",207503,388.28963,,
205750094,  Uçak Teknolojisi (Ücretli),2,TYT,67,,,,"10, 64",731472,310.52028,,
205750101,  Uçak Teknolojisi (Burslu),2,TYT,10,,2,,"10, 21, 64",104602,422.83892,,
205750233,  Uçuş Harekat Yöneticiliği (Ücretli),2,TYT,17,,,,"10, 64",1806531,231.96650,,
205750226,  Uçuş Harekat Yöneticiliği (Burslu),2,TYT,5,,1,,"10, 21, 64",196346,391.34560,,
205700108,  Uçuş Harekat Yöneticiliği (%25 İndirimli),2,TYT,18,,,,"10, 21, 64",...,----,,
205750261,  Yapay Zeka Operatörlüğü (Burslu),2,TYT,4,,1,,"21, 64, 320",230200,382.47612,,
205700115,  Yapay Zeka Operatörlüğü (%50 İndirimli),2,TYT,29,,,,"21, 64, 320",...,----,,
,İZMİR HAVACILIK MESLEK YÜKSEKOKULU,,,,,,,,,,,
205750153,  Hava Lojistiği (Ücretli),2,TYT,10,,,,64,2270776,189.88792,,
205750154,  Hava Lojistiği (Burslu),2,TYT,6,,1,,"21, 64",479693,338.25102,,
205750167,  Hava Lojistiği (%50 İndirimli),2,TYT,25,,,,"21, 64",1535212,250.50731,,
205750155,  Sivil Hava Ulaştırma İşletmeciliği (Ücretli),2,TYT,14,,,,"10, 64",1622071,244.60457,,
205750156,  Sivil Hava Ulaştırma İşletmeciliği (Burslu),2,TYT,6,,1,,"10, 21, 64",335955,360.41497,,
205750168,  Sivil Hava Ulaştırma İşletmeciliği (%50 İndirimli),2,TYT,21,,,,"10, 21, 64",982536,289.51094,,
205750013,  Sivil Havacılık Kabin Hizmetleri (Ücretli),2,TYT,28,,,,"10, 64",1309477,265.96251,,
205750022,  Sivil Havacılık Kabin Hizmetleri (Burslu),2,TYT,7,,1,,"10, 21, 64",241255,379.86673,,
205750150,  Sivil Havacılık Kabin Hizmetleri (%50 İndirimli),2,TYT,19,,,,"10, 21, 64",655753,317.87105,,
205750031,  Uçak Teknolojisi (Ücretli),2,TYT,58,,,,"10, 64",1460017,255.63790,,
205750049,  Uçak Teknolojisi (Burslu),2,TYT,9,,1,,"10, 21, 64",152605,404.61619,,
,UFUK ÜNİVERSİTESİ (ANKARA) (Vakıf Üniversitesi) ,,,,,,,,,,,
,MESLEK YÜKSEKOKULU,,,,,,,,,,,
205850269,  Bilgisayar Programcılığı (Burslu),2,TYT,13,,2,,"18, 21, 64",372159,354.13132,,
205850278,  Bilgisayar Programcılığı (%50 İndirimli),2,TYT,83,,,,"18, 21, 64",2219846,197.98806,,
205850409,  Bilgisayar Teknolojisi (Burslu),2,TYT,6,,1,,"18, 21, 64, 320",493423,336.43782,,
205850418,  Bilgisayar Teknolojisi (%50 İndirimli),2,TYT,42,,,,"18, 21, 64, 320",,,,
205850539,  Bilişim Güvenliği Teknolojisi (Burslu),2,TYT,6,,1,,"18, 21, 64",416218,347.20049,,
205850540,  Bilişim Güvenliği Teknolojisi (%50 İndirimli),2,TYT,42,,,,"18, 21, 64",,,,
205850303,  İşletme Yönetimi (Burslu),2,TYT,5,,1,,"18, 21, 64",509420,334.37242,,
205850312,  İşletme Yönetimi (%50 İndirimli),2,TYT,34,,,,"18, 21, 64",,,,
205850605,  Mahkeme Büro Hizmetleri (Burslu),2,TYT,10,,2,,"18, 21, 64",648172,318.64316,,
205850612,  Mahkeme Büro Hizmetleri (%50 İndirimli),2,TYT,67,,,,"18, 21, 64",,,,
205850348,  Muhasebe ve Vergi Uygulamaları (Burslu),2,TYT,4,,1,,"18, 21, 64",593587,324.46517,,
205850357,  Muhasebe ve Vergi Uygulamaları (%50 İndirimli),2,TYT,30,,,,"18, 21, 64",,,,
205850445,  Sağlık Kurumları İşletmeciliği (Burslu),2,TYT,3,,,,"18, 21, 64",642139,319.27406,,
205850454,  Sağlık Kurumları İşletmeciliği (%50 İndirimli),2,TYT,20,,,,"18, 21, 64",2304534,176.38275,,
,SAĞLIK HİZMETLERİ MESLEK YÜKSEKOKULU,,,,,,,,,,,
205850215,  Ameliyathane Hizmetleri (Ücretli),2,TYT,6,,,,"18, 64",,,,
205850224,  Ameliyathane Hizmetleri (Burslu),2,TYT,6,,1,,"18, 21, 64",510536,334.23553,,
205850517,  Ameliyathane Hizmetleri (%50 İndirimli),2,TYT,32,,,,"18, 21, 64",1228470,271.58792,,
205850039,  Anestezi (Ücretli),2,TYT,17,,,,"18, 64",1507493,252.41826,,
205850048,  Anestezi (Burslu),2,TYT,6,,1,,"18, 21, 64",318150,363.70234,,
205850633,  Anestezi (%25 İndirimli),2,TYT,21,,,,"18, 21, 64",1095507,281.06181,,
205850242,  Elektronörofizyoloji (Burslu),2,TYT,5,,1,,"18, 21, 64",483572,337.73573,,
205850519,  Elektronörofizyoloji (%50 İndirimli),2,TYT,34,,,,"18, 21, 64",1365708,262.07842,,
205850057,  Fizyoterapi (Ücretli),2,TYT,9,,,,"18, 64",,,,
205850066,  Fizyoterapi (Burslu),2,TYT,6,,1,,"18, 21, 64",448310,342.52167,,
205800164,  Fizyoterapi (%50 İndirimli),2,TYT,30,,,,"18, 21, 64",...,----,,
205850136,  İlk ve Acil Yardım (Ücretli),2,TYT,10,,,,"18, 64",1552447,249.33250,,
205850145,  İlk ve Acil Yardım (Burslu),2,TYT,4,,1,,"18, 21, 64",350045,357.89839,,
205850647,  İlk ve Acil Yardım (%25 İndirimli),2,TYT,17,,,,"18, 21, 64",1132809,278.36429,,
205850384,  Patoloji Laboratuvar Teknikleri (Burslu),2,TYT,4,,1,,"18, 21, 64",499685,335.62289,,
205850521,  Patoloji Laboratuvar Teknikleri (%50 İndirimli),2,TYT,27,,,,"18, 21, 64",1319547,265.25326,,
205850172,  Tıbbi Görüntüleme Teknikleri (Ücretli),2,TYT,20,,,,"18, 64",1904492,225.04381,,
205850181,  Tıbbi Görüntüleme Teknikleri (Burslu),2,TYT,6,,1,,"18, 21, 64",360319,356.15145,,
205850654,  Tıbbi Görüntüleme Teknikleri (%25 İndirimli),2,TYT,18,,,,"18, 21, 64",1181246,274.89552,,
205850118,  Tıbbi Laboratuvar Teknikleri (Ücretli),2,TYT,7,,,,"18, 64",,,,
205850127,  Tıbbi Laboratuvar Teknikleri (Burslu),2,TYT,4,,1,,"18, 21, 64",400696,349.54764,,
205850523,  Tıbbi Laboratuvar Teknikleri (%50 İndirimli),2,TYT,22,,,,"18, 21, 64",1008858,287.49774,,
,ÜSKÜDAR ÜNİVERSİTESİ (İSTANBUL) (Vakıf Üniversitesi) ,,,,,,,,,,,YÖKAK
,SAĞLIK HİZMETLERİ MESLEK YÜKSEKOKULU,,,,,,,,,,,
206552026,  Acil Durum ve Afet Yönetimi (Burslu),2,TYT,7,,1,,"18, 21, 64",685231,314.93059,,
206552044,  Acil Durum ve Afet Yönetimi (%50 İndirimli),2,TYT,46,,,,"18, 21, 64",2227582,196.99403,,
206551919,  Ağız ve Diş Sağlığı (Ücretli),2,TYT,11,,,,"18, 64",,,,
206551928,  Ağız ve Diş Sağlığı (Burslu),2,TYT,10,,1,,"18, 21, 64",440312,343.63599,,
206551946,  Ağız ve Diş Sağlığı (%50 İndirimli),2,TYT,50,,,,"18, 21, 64",1169823,275.71282,,
206551294,  Ameliyathane Hizmetleri (Burslu),2,TYT,10,,1,,"18, 21, 64",576004,326.43176,,
206551319,  Ameliyathane Hizmetleri (%50 İndirimli),2,TYT,61,,,,"18, 21, 64",1760203,235.16983,,
206551337,  Anestezi (Ücretli),2,TYT,40,,,,"18, 64",2081375,211.56587,,
206551346,  Anestezi (Burslu),2,TYT,10,,1,,"18, 21, 64",354513,357.14243,,
206551364,  Anestezi (%50 İndirimli),2,TYT,21,,,,"18, 21, 64",814418,303.13056,,
206550269,  Biyomedikal Cihaz Teknolojisi (Burslu),2,TYT,8,,1,,"18, 21, 64",663786,317.05040,,
206552503,  Biyomedikal Cihaz Teknolojisi (%50 İndirimli),2,TYT,54,,,,"18, 21, 64",,,,
206552247,  Çevre Sağlığı (Burslu),2,TYT,8,,1,,"18, 21, 64",665491,316.88494,,
206552505,  Çevre Sağlığı (%50 İndirimli),2,TYT,54,,,,"18, 21, 64",,,,
206550021,  Çocuk Gelişimi (Burslu),2,TYT,10,,1,,"18, 21, 64",643398,319.14651,,
206550118,  Çocuk Gelişimi (%50 İndirimli),2,TYT,61,,,,"18, 21, 64",1879890,226.82757,,
206552177,  Çocuk Koruma ve Bakım Hizmetleri (Burslu),2,TYT,6,,1,,"18, 21, 64",755315,308.34540,,
206552507,  Çocuk Koruma ve Bakım Hizmetleri (%50 İndirimli),2,TYT,42,,,,"18, 21, 64",,,,
206552565,  Diş Protez Teknolojisi (Ücretli),2,TYT,31,,,,"18, 64",1826664,230.57493,,
206551991,  Diş Protez Teknolojisi (Burslu),2,TYT,10,,2,,"18, 21, 64",388187,351.52381,,
206552017,  Diş Protez Teknolojisi (%50 İndirimli),2,TYT,37,,,,"18, 21, 64",902433,295.81482,,
206550375,  Diyaliz (Burslu),2,TYT,10,,1,,"18, 21, 64",614511,322.20948,,
206550393,  Diyaliz (%50 İndirimli),2,TYT,61,,,,"18, 21, 64",2112704,208.90977,,
206551964,  Eczane Hizmetleri (Burslu),2,TYT,9,,1,,"18, 21, 64",547679,329.71822,,
206551982,  Eczane Hizmetleri (%50 İndirimli),2,TYT,58,,,,"18, 21, 64",2096757,210.26190,,
206550048,  Elektronörofizyoloji (Burslu),2,TYT,9,,2,,"18, 21, 64",620188,321.59660,,
206550136,  Elektronörofizyoloji (%50 İndirimli),2,TYT,65,,,,"18, 21, 64",,,,
206551197,  Engelli Bakımı ve Rehabilitasyon (Burslu),2,TYT,5,,1,,"18, 21, 64",764472,307.51997,,
206552509,  Engelli Bakımı ve Rehabilitasyon (%50 İndirimli),2,TYT,37,,,,"18, 21, 64",,,,
206552317,  Evde Hasta Bakımı (Burslu),2,TYT,5,,1,,"18, 21, 64",764821,307.48768,,
206552510,  Evde Hasta Bakımı (%50 İndirimli),2,TYT,37,,,,"18, 21, 64",2211561,199.01787,,
206550472,  Fizyoterapi (Burslu),2,TYT,10,,1,,"18, 21, 64",489975,336.88273,,
206550481,  Fizyoterapi (%50 İndirimli),2,TYT,61,,,,"18, 21, 64",...,----,,
206550524,  Gıda Teknolojisi (Burslu),2,TYT,7,,1,,"18, 21, 64",617508,321.88167,,
206552511,  Gıda Teknolojisi (%50 İndirimli),2,TYT,42,,,,"18, 21, 64",,,,
206550569,  İlk ve Acil Yardım (Ücretli),2,TYT,61,,,,"18, 64",1844460,229.33845,*,MEDEK
206550578,  İlk ve Acil Yardım (Burslu),2,TYT,10,,1,,"18, 21, 64",386544,351.79255,*,MEDEK
206552344,  Laboratuvar Teknolojisi (Burslu),2,TYT,6,,1,,"18, 21, 64",610076,322.68447,,
206552513,  Laboratuvar Teknolojisi (%50 İndirimli),2,TYT,42,,,,"18, 21, 64",,,,
206552405,  Nükleer Teknoloji ve Radyasyon Güvenliği (Burslu),2,TYT,5,,1,,"18, 21, 64",663286,317.10576,,
206552515,  Nükleer Teknoloji ve Radyasyon Güvenliği (%50 İndirimli),2,TYT,34,,,,"18, 21, 64",2241391,195.05526,,
206551391,  Odyometri (Burslu),2,TYT,10,,2,,"18, 21, 64",564356,327.76011,,
206551416,  Odyometri (%50 İndirimli),2,TYT,68,,,,"18, 21, 64",,,,
206552579,  Optisyenlik (Ücretli),2,TYT,12,,,,"18, 64",,,,
206550993,  Optisyenlik (Burslu),2,TYT,10,,2,,"18, 21, 64",523083,332.66510,,
206551019,  Optisyenlik (%50 İndirimli),2,TYT,56,,,,"18, 21, 64",1693894,239.70800,,
206550675,  Ortopedik Protez ve Ortez (Burslu),2,TYT,6,,1,,"18, 21, 64",682725,315.17184,,
206552516,  Ortopedik Protez ve Ortez (%50 İndirimli),2,TYT,42,,,,"18, 21, 64",,,,
206552159,  Otopsi Yardımcılığı (Burslu),2,TYT,10,,1,,"18, 21, 64",539822,330.64399,,
206552308,  Otopsi Yardımcılığı (%50 İndirimli),2,TYT,60,,,,"18, 21, 64",2297391,181.53088,,
206552062,  Patoloji Laboratuvar Teknikleri (Burslu),2,TYT,10,,1,,"18, 21, 64",614148,322.24897,,
206552089,  Patoloji Laboratuvar Teknikleri (%50 İndirimli),2,TYT,60,,,,"18, 21, 64",,,,
206552600,  Podoloji (Burslu),2,TYT,7,,1,,"18, 21, 64",603584,323.37586,,
206552607,  Podoloji (%50 İndirimli),2,TYT,42,,,,"18, 21, 64",2262684,191.52446,,
206551779,  Radyoterapi (Burslu),2,TYT,10,,2,,"18, 21, 64",640034,319.50255,,
206551797,  Radyoterapi (%50 İndirimli),2,TYT,68,,,,"18, 21, 64",,,,
206552614,  Saç Bakımı ve Güzellik Hizmetleri (Burslu),2,TYT,8,,1,,"18, 21, 64",629684,320.58694,,
206552621,  Saç Bakımı ve Güzellik Hizmetleri (%50 İndirimli),2,TYT,51,,,,"18, 21, 64",1969961,220.27705,,
206552432,  Sağlık Bilgi Sistemleri Teknikerliği (Burslu),2,TYT,6,,1,,"18, 21, 64",548488,329.62475,,
206552517,  Sağlık Bilgi Sistemleri Teknikerliği (%50 İndirimli),2,TYT,42,,,,"18, 21, 64",,,,
206550066,  Sağlık Kurumları İşletmeciliği (Burslu),2,TYT,6,,1,,"18, 21, 64",659915,317.44161,,
206550154,  Sağlık Kurumları İşletmeciliği (%50 İndirimli),2,TYT,37,,,,"18, 21, 64",,,,
206552371,  Sosyal Güvenlik (Burslu),2,TYT,5,,1,,"18, 21, 64",649684,318.48290,,
206552398,  Sosyal Güvenlik (%50 İndirimli),2,TYT,33,,,,"18, 21, 64",,,,
206550781,  Sosyal Hizmetler (Burslu),2,TYT,6,,1,,"18, 21, 64",638171,319.69677,,
206550806,  Sosyal Hizmetler (%50 İndirimli),2,TYT,38,,,,"18, 21, 64",,,,
206550084,  Tıbbi Dokümantasyon ve Sekreterlik (Burslu),2,TYT,10,,1,,"18, 21, 64",454883,341.61802,,
206550172,  Tıbbi Dokümantasyon ve Sekreterlik (%50 İndirimli),2,TYT,60,,,,"18, 21, 64",2013043,217.01854,,
206550093,  Tıbbi Görüntüleme Teknikleri (Ücretli),2,TYT,11,,,,"18, 64",,,,
206550109,  Tıbbi Görüntüleme Teknikleri (Burslu),2,TYT,10,,1,,"18, 21, 64",398482,349.89188,,
206550199,  Tıbbi Görüntüleme Teknikleri (%50 İndirimli),2,TYT,50,,,,"18, 21, 64",1097539,280.91418,,
206551822,  Tıbbi Laboratuvar Teknikleri (Burslu),2,TYT,9,,1,,"18, 21, 64",466086,340.06988,*,MEDEK
206551849,  Tıbbi Laboratuvar Teknikleri (%50 İndirimli),2,TYT,58,,,,"18, 21, 64",1255576,269.69300,*,MEDEK
206551876,  Tıbbi Tanıtım ve Pazarlama (Burslu),2,TYT,3,,1,,"18, 21, 64",687081,314.74958,,
206552518,  Tıbbi Tanıtım ve Pazarlama (%50 İndirimli),2,TYT,22,,,,"18, 21, 64",,,,
206550887,  Tıbbi ve Aromatik Bitkiler (Burslu),2,TYT,6,,1,,"18, 21, 64",400262,349.61512,,
206552519,  Tıbbi ve Aromatik Bitkiler (%50 İndirimli),2,TYT,42,,,,"18, 21, 64",,,,
206550242,  Yaşlı Bakımı (Burslu),2,TYT,5,,1,,"18, 21, 64",717049,311.87972,,
206552520,  Yaşlı Bakımı (%50 İndirimli),2,TYT,37,,,,"18, 21, 64",,,,
,YAŞAR ÜNİVERSİTESİ (İZMİR) (Vakıf Üniversitesi) ,,,,,,,,,,,YÖKAK
,MESLEK YÜKSEKOKULU,,,,,,,,,,,
206090371,  Bilgisayar Destekli Tasarım ve Animasyon (Ücretli),2,TYT,8,,,,"18, 64",1789461,233.15839,,
206090372,  Bilgisayar Destekli Tasarım ve Animasyon (Burslu),2,TYT,7,,1,,"18, 21, 64",399699,349.70999,,
206090373,  Bilgisayar Destekli Tasarım ve Animasyon (%25 İndirimli),2,TYT,37,,,,"18, 21, 64",1684067,240.37760,,
206050432,  Bilgisayar Programcılığı (Ücretli),2,TYT,27,,,,"18, 64",1385639,260.72571,,
206050441,  Bilgisayar Programcılığı (Burslu),2,TYT,12,,2,,"18, 21, 64",278637,371.55647,,
206050592,  Bilgisayar Programcılığı (%25 İndirimli),2,TYT,52,,,,"18, 21, 64",1025113,286.26926,,
206050662,  Deniz ve Liman İşletmeciliği (Ücretli),2,TYT,10,,,,"18, 64",1584121,247.18787,,
206050671,  Deniz ve Liman İşletmeciliği (Burslu),2,TYT,8,,1,,"18, 21, 64",420855,346.52159,,
206090383,  Deniz ve Liman İşletmeciliği (%50 İndirimli),2,TYT,39,,,,"18, 21, 64",1125813,278.87191,,
206050071,  Dış Ticaret (Ücretli),2,TYT,16,,,,"18, 64",1394728,260.10352,,
206050089,  Dış Ticaret (Burslu),2,TYT,11,,2,,"18, 21, 64",383363,352.31480,,
206050608,  Dış Ticaret (%25 İndirimli),2,TYT,57,,,,"18, 21, 64",1242506,270.60938,,
206050105,  Grafik Tasarımı (Ücretli),2,TYT,12,,,,"18, 64",1599899,246.10806,,
206050114,  Grafik Tasarımı (Burslu),2,TYT,9,,1,,"18, 21, 64",430201,345.12322,,
206090384,  Grafik Tasarımı (%50 İndirimli),2,TYT,44,,,,"18, 21, 64",1092535,281.27557,,
206050371,  Halkla İlişkiler ve Tanıtım (Ücretli),2,TYT,3,,,,"18, 64",1515349,251.87667,,
206050389,  Halkla İlişkiler ve Tanıtım (Burslu),2,TYT,7,,1,,"18, 21, 64",528701,331.98330,,
206050398,  Halkla İlişkiler ve Tanıtım (%50 İndirimli),2,TYT,40,,,,"18, 21, 64",1391541,260.31994,,
206050168,  Lojistik (Ücretli),2,TYT,10,,,,"18, 64",1487884,253.75314,,
206050177,  Lojistik (Burslu),2,TYT,9,,2,,"18, 21, 64",425194,345.86631,,
206050644,  Lojistik (%25 İndirimli),2,TYT,55,,,,"18, 21, 64",...,----,,
206050892,  Mimari Restorasyon (Ücretli),2,TYT,15,,,,"18, 64",1967848,220.42872,,
206050908,  Mimari Restorasyon (Burslu),2,TYT,10,,1,,"18, 21, 64",493141,336.47374,,
206050926,  Mimari Restorasyon (%25 İndirimli),2,TYT,47,,,,"18, 21, 64",1839559,229.68235,,
206050283,  Turizm ve Otel İşletmeciliği (Ücretli),2,TYT,4,,,,"18, 64",1446104,256.58899,,
206050292,  Turizm ve Otel İşletmeciliği (Burslu),2,TYT,4,,1,,"18, 21, 64",437146,344.09030,,
206050308,  Turizm ve Otel İşletmeciliği (%50 İndirimli),2,TYT,24,,,,"18, 21, 64",1101633,280.62400,,
,YÜKSEK İHTİSAS ÜNİVERSİTESİ (ANKARA) (Vakıf Üniversitesi) ,,,,,,,,,,,YÖKAK
,MESLEK YÜKSEKOKULU,,,,,,,,,,,
207950106,  Bilgisayar Programcılığı (Ücretli),2,TYT,5,,,,64,1845320,229.27675,,
207950103,  Bilgisayar Programcılığı (Burslu),2,TYT,7,,1,,"21, 64",415334,347.32900,,
207950125,  Bilgisayar Programcılığı (%50 İndirimli),2,TYT,37,,,,"21, 64",1391760,260.30589,,
207950223,  Eczane Hizmetleri (Ücretli),2,TYT,2,,,,64,1453785,256.05522,,
207950100,  Eczane Hizmetleri (Burslu),2,TYT,6,,1,,"21, 64",530070,331.81744,,
207950132,  Eczane Hizmetleri (%50 İndirimli),2,TYT,34,,,,"21, 64",1399244,259.79798,,
207950251,  Elektrik (Ücretli),2,TYT,4,,,,64,1746798,236.09970,,
207950244,  Elektrik (Burslu),2,TYT,5,,1,,"21, 64",431080,344.99540,,
207950258,  Elektrik (%50 İndirimli),2,TYT,30,,,,"21, 64",1444585,256.69080,,
207950265,  Grafik Tasarımı (Burslu),2,TYT,5,,1,,"21, 64",570592,327.03655,,
207950279,  Grafik Tasarımı (%50 İndirimli),2,TYT,34,,,,"21, 64",,,,
,SAĞLIK HİZMETLERİ MESLEK YÜKSEKOKULU,,,,,,,,,,,
207950032,  Ameliyathane Hizmetleri (Ücretli),2,TYT,4,,,,64,1651646,242.59061,,
207950041,  Ameliyathane Hizmetleri (Burslu),2,TYT,9,,1,,"21, 64",506116,334.78957,,
207950139,  Ameliyathane Hizmetleri (%50 İndirimli),2,TYT,50,,,,"21, 64",1011497,287.29733,,
207950072,  Anestezi (Ücretli),2,TYT,9,,,,64,1080625,282.13870,,
207950069,  Anestezi (Burslu),2,TYT,9,,1,,"21, 64",324443,362.52604,,
207950146,  Anestezi (%50 İndirimli),2,TYT,44,,,,"21, 64",648717,318.58538,,
207950094,  Biyomedikal Cihaz Teknolojisi (Burslu),2,TYT,5,,1,,"21, 64",588129,325.06528,,
207950095,  Biyomedikal Cihaz Teknolojisi (%50 İndirimli),2,TYT,35,,,,"21, 64",1967692,220.44068,,
207950237,  Elektronörofizyoloji (Ücretli),2,TYT,2,,,,64,1789871,233.13005,,
207950059,  Elektronörofizyoloji (Burslu),2,TYT,7,,1,,"21, 64",527178,332.16900,,
207950153,  Elektronörofizyoloji (%50 İndirimli),2,TYT,43,,,,"21, 64",1224171,271.88503,,
207950293,  Fizyoterapi (Ücretli),2,TYT,3,,,,64,1837934,229.79648,,
207950286,  Fizyoterapi (Burslu),2,TYT,3,,1,,"21, 64",519945,333.05965,,
207950300,  Fizyoterapi (%50 İndirimli),2,TYT,20,,,,"21, 64",1044011,284.86490,,
207950314,  İlk ve Acil Yardım (Ücretli),2,TYT,4,,,,64,1066376,283.19213,,
207950307,  İlk ve Acil Yardım (Burslu),2,TYT,4,,1,,"21, 64",384448,352.13691,,
207950321,  İlk ve Acil Yardım (%50 İndirimli),2,TYT,27,,,,"21, 64",686708,314.78721,,
207950097,  Optisyenlik (Burslu),2,TYT,7,,1,,"21, 64",446401,342.78387,,
207950160,  Optisyenlik (%50 İndirimli),2,TYT,45,,,,"21, 64",1143709,277.59031,,
207950335,  Tele-Sağlık Teknikerliği (Ücretli),2,TYT,10,,,,64,,,,
207950328,  Tele-Sağlık Teknikerliği (Burslu),2,TYT,7,,1,,"21, 64",437947,343.97383,,
207950342,  Tele-Sağlık Teknikerliği (%50 İndirimli),2,TYT,32,,,,"21, 64",1244872,270.44849,,
207950014,  Tıbbi Dokümantasyon ve Sekreterlik (Burslu),2,TYT,7,,1,,"21, 64",474326,338.96332,,
207950079,  Tıbbi Dokümantasyon ve Sekreterlik (%50 İndirimli),2,TYT,45,,,,"21, 64",1131697,278.44595,,
207950109,  Tıbbi Laboratuvar Teknikleri (Ücretli),2,TYT,9,,,,64,1675147,240.98052,,
207950091,  Tıbbi Laboratuvar Teknikleri (Burslu),2,TYT,9,,1,,"21, 64",434675,344.45569,,
207950167,  Tıbbi Laboratuvar Teknikleri (%50 İndirimli),2,TYT,46,,,,"21, 64",877827,297.80363,,
207950087,  Tıbbi Tanıtım ve Pazarlama (Burslu),2,TYT,4,,1,,"21, 64",692542,314.20336,,
207950088,  Tıbbi Tanıtım ve Pazarlama (%50 İndirimli),2,TYT,27,,,,"21, 64",,,,
207950356,  Tıbbi Veri İşleme Teknikerliği (Ücretli),2,TYT,4,,,,64,,,,
207950349,  Tıbbi Veri İşleme Teknikerliği (Burslu),2,TYT,5,,1,,"21, 64",455911,341.47902,,
207950363,  Tıbbi Veri İşleme Teknikerliği (%50 İndirimli),2,TYT,30,,,,"21, 64",1351909,263.02710,,
,AKDENİZ KARPAZ ÜNİVERSİTESİ (KKTC-LEFKOŞA),,,,,,,,,,,
,HAVACILIK MESLEK YÜKSEKOKULU,,,,,,,,,,,
300650233,  Sivil Hava Ulaştırma İşletmeciliği (Ücretli),2,TYT,4,,,,"10, 18, 19, 64, 132",,,,
300650209,  Sivil Hava Ulaştırma İşletmeciliği (Burslu),2,TYT,3,,,,"10, 18, 19, 21, 64, 132",904127,295.67869,,
300650210,  Sivil Hava Ulaştırma İşletmeciliği (%50 İndirimli),2,TYT,3,,,,"10, 18, 19, 21, 64, 132",1972201,220.11028,,
300650240,  Sivil Havacılık Kabin Hizmetleri (Ücretli),2,TYT,4,,,,"10, 18, 19, 64, 132",,,,
300650211,  Sivil Havacılık Kabin Hizmetleri (Burslu),2,TYT,3,,,,"10, 18, 19, 21, 64, 132",720835,311.52081,,
300650212,  Sivil Havacılık Kabin Hizmetleri (%50 İndirimli),2,TYT,3,,,,"10, 18, 19, 21, 64, 132",1388487,260.52688,,
,BAHÇEŞEHİR KIBRIS ÜNİVERSİTESİ (KKTC-LEFKOŞA),,,,,,,,,,,
,MESLEK YÜKSEKOKULU,,,,,,,,,,,
301700101,  Bilgisayar Programcılığı (İngilizce) (Burslu),2,TYT,15,,,,"18, 19, 21, 22, 23, 24, 64, 132",...,----,,
301700108,  Bilgisayar Programcılığı (İngilizce) (%50 İndirimli),2,TYT,15,,,,"18, 19, 21, 22, 23, 24, 64, 132",...,----,,
301700115,  Robotik ve Yapay Zeka (İngilizce) (Burslu),2,TYT,15,,,,"18, 19, 21, 22, 23, 24, 64, 132, 320",...,----,,
301700122,  Robotik ve Yapay Zeka (İngilizce) (%50 İndirimli),2,TYT,15,,,,"18, 19, 21, 22, 23, 24, 64, 132, 320",...,----,,
,DOĞU AKDENİZ ÜNİVERSİTESİ (KKTC-GAZİMAĞUSA),,,,,,,,,,,
,BİLGİSAYAR VE TEKNOLOJİ YÜKSEKOKULU,,,,,,,,,,,
300150209,  İnşaat Teknolojisi (Ücretli),2,TYT,7,,,,"18, 19, 64",2219285,198.06174,,
300150272,  İnşaat Teknolojisi (Burslu),2,TYT,2,,,,"18, 19, 21, 64",777875,306.31610,,
300150281,  İnşaat Teknolojisi (%50 İndirimli),2,TYT,6,,,,"18, 19, 21, 64",2066037,212.82569,,
,BİLİŞİM TEKNOLOJİLERİ MESLEK YÜKSEKOKULU,,,,,,,,,,,
300100108,  Arka-Yüz Yazılım Geliştirme (Ücretli),2,TYT,20,,,,"18, 19, 64, 320",...,----,,
300100101,  Arka-Yüz Yazılım Geliştirme (Burslu),2,TYT,6,,,,"18, 19, 21, 64, 320",...,----,,
300100115,  Arka-Yüz Yazılım Geliştirme (%50 İndirimli),2,TYT,15,,,,"18, 19, 21, 64, 320",...,----,,
300100129,  Bilgisayar Programcılığı (Ücretli),2,TYT,17,,,,"18, 19, 64",1758215,235.30911,,
300100122,  Bilgisayar Programcılığı (Burslu),2,TYT,6,,,,"18, 19, 21, 64",703788,313.14756,,
300100136,  Bilgisayar Programcılığı (%50 İndirimli),2,TYT,17,,,,"18, 19, 21, 64",2005417,217.59875,,
300100150,  Bulut Bilişim Operatörlüğü (Ücretli),2,TYT,20,,,,"18, 19, 64, 320",...,----,,
300100143,  Bulut Bilişim Operatörlüğü (Burslu),2,TYT,6,,,,"18, 19, 21, 64, 320",...,----,,
300100157,  Bulut Bilişim Operatörlüğü (%50 İndirimli),2,TYT,15,,,,"18, 19, 21, 64, 320",...,----,,
300100171,  Dijital Dönüşüm Elektroniği (Ücretli),2,TYT,20,,,,"18, 19, 64, 320",...,----,,
300100164,  Dijital Dönüşüm Elektroniği (Burslu),2,TYT,6,,,,"18, 19, 21, 64, 320",...,----,,
300100178,  Dijital Dönüşüm Elektroniği (%50 İndirimli),2,TYT,15,,,,"18, 19, 21, 64, 320",...,----,,
300100192,  Oyun Geliştirme ve Programlama (Ücretli),2,TYT,20,,,,"18, 19, 64, 320",...,----,,
300100185,  Oyun Geliştirme ve Programlama (Burslu),2,TYT,6,,,,"18, 19, 21, 64, 320",...,----,,
300100199,  Oyun Geliştirme ve Programlama (%50 İndirimli),2,TYT,15,,,,"18, 19, 21, 64, 320",...,----,,
,SAĞLIK HİZMETLERİ YÜKSEKOKULU,,,,,,,,,,,
300150712,  Ağız ve Diş Sağlığı (Ücretli),2,TYT,20,,,,"18, 19, 64",2091524,210.71419,,
300150721,  Ağız ve Diş Sağlığı (Burslu),2,TYT,6,,,,"18, 19, 21, 64",691875,314.26652,,
300150739,  Ağız ve Diş Sağlığı (%50 İndirimli),2,TYT,9,,,,"18, 19, 21, 64",1751860,235.75044,,
300150863,  Ameliyathane Hizmetleri (Ücretli),2,TYT,14,,,,"18, 19, 64",2149192,205.61569,,
300150872,  Ameliyathane Hizmetleri (Burslu),2,TYT,4,,,,"18, 19, 21, 64",729546,310.69327,,
300150881,  Ameliyathane Hizmetleri (%50 İndirimli),2,TYT,7,,,,"18, 19, 21, 64",1849536,228.96338,,
300150624,  Anestezi (Ücretli),2,TYT,26,,,,"18, 19, 64",1539717,250.19809,,
300150633,  Anestezi (Burslu),2,TYT,9,,,,"18, 19, 21, 64",548424,329.63272,,
300150642,  Anestezi (%50 İndirimli),2,TYT,25,,,,"18, 19, 21, 64",1634211,243.77410,,
300150748,  Diyaliz (Ücretli),2,TYT,13,,,,"18, 19, 64",,,,
300150757,  Diyaliz (Burslu),2,TYT,4,,,,"18, 19, 21, 64",817438,302.86325,,
300150766,  Diyaliz (%50 İndirimli),2,TYT,8,,,,"18, 19, 21, 64",,,,
300150775,  Fizyoterapi (Ücretli),2,TYT,17,,,,"18, 19, 64",,,,
300150784,  Fizyoterapi (Burslu),2,TYT,5,,,,"18, 19, 21, 64",714444,312.11846,,
300150793,  Fizyoterapi (%50 İndirimli),2,TYT,10,,,,"18, 19, 21, 64",2129673,207.41051,,
300150651,  İlk ve Acil Yardım (Ücretli),2,TYT,46,,,,"18, 19, 64",1627765,244.21483,,
300150669,  İlk ve Acil Yardım (Burslu),2,TYT,12,,,,"18, 19, 21, 64",606943,323.01622,,
300150678,  İlk ve Acil Yardım (%50 İndirimli),2,TYT,22,,,,"18, 19, 21, 64",1669485,241.36674,,
300190421,  Ortopedik Protez ve Ortez (Ücretli),2,TYT,10,,,,"18, 19, 64",,,,
300190379,  Ortopedik Protez ve Ortez (Burslu),2,TYT,4,,,,"18, 19, 21, 64",933313,293.35124,,
300190422,  Ortopedik Protez ve Ortez (%50 İndirimli),2,TYT,9,,,,"18, 19, 21, 64",,,,
300150899,  Radyoterapi (Ücretli),2,TYT,16,,,,"18, 19, 64",,,,
300150906,  Radyoterapi (Burslu),2,TYT,5,,,,"18, 19, 21, 64",795304,304.78027,,
300150915,  Radyoterapi (%50 İndirimli),2,TYT,9,,,,"18, 19, 21, 64",2262389,191.58439,,
300150809,  Tıbbi Görüntüleme Teknikleri (Ücretli),2,TYT,24,,,,"18, 19, 64",1777728,233.96676,,
300150818,  Tıbbi Görüntüleme Teknikleri (Burslu),2,TYT,7,,,,"18, 19, 21, 64",641423,319.35218,,
300150827,  Tıbbi Görüntüleme Teknikleri (%50 İndirimli),2,TYT,14,,,,"18, 19, 21, 64",1787226,233.31583,,
,TURİZM VE OTELCİLİK YÜKSEKOKULU,,,,,,,,,,,
300150484,  Aşçılık (Ücretli),2,TYT,17,,,,"18, 19, 64",,,,
300150599,  Aşçılık (Burslu),2,TYT,7,,,,"18, 19, 21, 64",880166,297.61838,,
300150606,  Aşçılık (%50 İndirimli),2,TYT,10,,,,"18, 19, 21, 64",1703505,239.05694,,
300190381,  Pastacılık ve Ekmekçilik (Ücretli),2,TYT,12,,,,"18, 19, 64",,,,
300190382,  Pastacılık ve Ekmekçilik (Burslu),2,TYT,5,,,,"18, 19, 21, 64",996629,288.42393,,
300190308,  Sivil Havacılık Kabin Hizmetleri (İngilizce) (Ücretli),2,TYT,28,,,,"10, 18, 19, 22, 23, 24, 64",1468599,255.05898,,
300190307,  Sivil Havacılık Kabin Hizmetleri (İngilizce) (Burslu),2,TYT,7,,,,"10, 18, 19, 21, 22, 23, 24, 64",560951,328.15416,,
300190503,  Sivil Havacılık Kabin Hizmetleri (İngilizce) (%50 İndirimli),2,TYT,10,,,,"10, 18, 19, 21, 22, 23, 24, 64",1420192,258.36350,,
300150139,  Turizm ve Otel İşletmeciliği (İngilizce) (Ücretli),2,TYT,15,,,,"18, 19, 22, 23, 24, 64",,,,FIBAA
300150439,  Turizm ve Otel İşletmeciliği (İngilizce) (Burslu),2,TYT,5,,,,"18, 19, 21, 22, 23, 24, 64",901140,295.91577,,FIBAA
,GİRNE AMERİKAN ÜNİVERSİTESİ (KKTC-GİRNE),,,,,,,,,,,
,MESLEK YÜKSEKOKULU,,,,,,,,,,,
300290317,  Aşçılık (Ücretli),2,TYT,7,,,,"18, 19, 64",,,,
300290314,  Aşçılık (Burslu),2,TYT,10,,,,"18, 19, 21, 64",1041667,285.03877,,
300290316,  Aşçılık (%50 İndirimli),2,TYT,13,,,,"18, 19, 21, 64",,,,
300250386,  Bankacılık ve Sigortacılık (İngilizce) (Burslu),2,TYT,15,,,,"18, 19, 21, 22, 23, 24, 64",1831367,230.25230,,
300250262,  Bankacılık ve Sigortacılık (İngilizce) (%50 İndirimli),2,TYT,10,,,,"18, 19, 21, 22, 23, 24, 64",,,,
300250395,  Bilgisayar Programcılığı (İngilizce) (Burslu),2,TYT,10,,,,"18, 19, 21, 22, 23, 24, 64",774826,306.58728,,
300250332,  Bilgisayar Programcılığı (İngilizce) (%50 İndirimli),2,TYT,15,,,,"18, 19, 21, 22, 23, 24, 64",,,,
300290380,  Deniz Brokerliği (Ücretli),2,TYT,10,,,,"18, 19, 64",,,,
300290381,  Deniz Brokerliği (Burslu),2,TYT,10,,,,"18, 19, 21, 64",1437193,257.19540,,
300290383,  Deniz Brokerliği (%50 İndirimli),2,TYT,10,,,,"18, 19, 21, 64",,,,
300290377,  Deniz Ulaştırma ve İşletme (Ücretli),2,TYT,12,,,,"11, 18, 19, 64",1929648,223.22070,,
300290376,  Deniz Ulaştırma ve İşletme (Burslu),2,TYT,12,,,,"11, 18, 19, 21, 64",587842,325.09917,,
300290379,  Deniz Ulaştırma ve İşletme (%50 İndirimli),2,TYT,23,,,,"11, 18, 19, 21, 64",1320399,265.19340,,
300290333,  İç Mekan Tasarımı (Ücretli),2,TYT,8,,,,"18, 19, 64",,,,
300290330,  İç Mekan Tasarımı (Burslu),2,TYT,11,,,,"18, 19, 21, 64",1424696,258.05897,,
300290332,  İç Mekan Tasarımı (%50 İndirimli),2,TYT,11,,,,"18, 19, 21, 64",2247819,194.07752,,
300250438,  İşletme Yönetimi (İngilizce) (Burslu),2,TYT,15,,,,"18, 19, 21, 22, 23, 24, 64",,,,
300250305,  İşletme Yönetimi (İngilizce) (%50 İndirimli),2,TYT,10,,,,"18, 19, 21, 22, 23, 24, 64",,,,
300290409,  Mekatronik (Burslu),2,TYT,15,,,,"18, 19, 21, 64",1225060,271.82495,,
300290410,  Mekatronik (%50 İndirimli),2,TYT,15,,,,"18, 19, 21, 64",,,,
300250535,  Sivil Havacılık Kabin Hizmetleri (İngilizce) (Ücretli),2,TYT,12,,,,"10, 18, 19, 22, 23, 24, 64",,,,
300250792,  Sivil Havacılık Kabin Hizmetleri (İngilizce) (Burslu),2,TYT,12,,,,"10, 18, 19, 21, 22, 23, 24, 64",688459,314.60390,,
300250562,  Sivil Havacılık Kabin Hizmetleri (İngilizce) (%50 İndirimli),2,TYT,16,,,,"10, 18, 19, 21, 22, 23, 24, 64",1541265,250.09279,,
300250465,  Turizm ve Otel İşletmeciliği (İngilizce) (Burslu),2,TYT,15,,,,"18, 19, 21, 22, 23, 24, 64",1550728,249.45047,,
300290411,  Turizm ve Otel İşletmeciliği (İngilizce) (%50 İndirimli),2,TYT,15,,,,"18, 19, 21, 22, 23, 24, 64",,,,
,SAĞLIK MESLEK YÜKSEKOKULU,,,,,,,,,,,
300290338,  Ağız ve Diş Sağlığı (Ücretli),2,TYT,6,,,,"18, 19, 64",,,,
300290339,  Ağız ve Diş Sağlığı (Burslu),2,TYT,9,,,,"18, 19, 21, 64",948932,292.10803,,
300290341,  Ağız ve Diş Sağlığı (%50 İndirimli),2,TYT,15,,,,"18, 19, 21, 64",,,,
300250605,  Ameliyathane Hizmetleri (Ücretli),2,TYT,7,,,,"18, 19, 64",,,,
300250614,  Ameliyathane Hizmetleri (Burslu),2,TYT,10,,,,"18, 19, 21, 64",955847,291.57006,,
300250817,  Ameliyathane Hizmetleri (%50 İndirimli),2,TYT,13,,,,"18, 19, 21, 64",,,,
300250623,  Anestezi (Ücretli),2,TYT,16,,,,"18, 19, 64",,,,
300250632,  Anestezi (Burslu),2,TYT,12,,,,"18, 19, 21, 64",783797,305.78279,,
300250835,  Anestezi (%50 İndirimli),2,TYT,15,,,,"18, 19, 21, 64",1688534,240.07263,,
300250483,  İlk ve Acil Yardım (Ücretli),2,TYT,17,,,,"18, 19, 64",2225618,197.25320,,
300250589,  İlk ve Acil Yardım (Burslu),2,TYT,13,,,,"18, 19, 21, 64",807684,303.70156,,
300250526,  İlk ve Acil Yardım (%50 İndirimli),2,TYT,23,,,,"18, 19, 21, 64",1750613,235.84034,,
300250659,  Radyoterapi (Burslu),2,TYT,9,,,,"18, 19, 21, 64",1116730,279.52761,,
300250853,  Radyoterapi (%50 İndirimli),2,TYT,11,,,,"18, 19, 21, 64",,,,
300250695,  Tıbbi Görüntüleme Teknikleri (Burslu),2,TYT,9,,,,"18, 19, 21, 64",817383,302.86773,,
300250914,  Tıbbi Görüntüleme Teknikleri (%50 İndirimli),2,TYT,11,,,,"18, 19, 21, 64",2115276,208.67912,,
300290384,  Tıbbi Tanıtım ve Pazarlama (Burslu),2,TYT,20,,,,"18, 19, 21, 64",1760247,235.16701,,
300290387,  Tıbbi Tanıtım ve Pazarlama (%50 İndirimli),2,TYT,10,,,,"18, 19, 21, 64",,,,
,GİRNE ÜNİVERSİTESİ (KKTC-GİRNE),,,,,,,,,,,
,DENİZCİLİK MESLEK YÜKSEKOKULU,,,,,,,,,,,
300750036,  Deniz Ulaştırma ve İşletme (İngilizce) (Burslu),2,TYT,6,,,,"11, 18, 19, 21, 22, 23, 24, 64",454379,341.68851,,
300790058,  Deniz Ulaştırma ve İşletme (İngilizce) (%50 İndirimli),2,TYT,34,,,,"11, 18, 19, 21, 22, 23, 24, 64",1708961,238.67803,,
300750018,  Deniz ve Liman İşletmeciliği (İngilizce) (Burslu),2,TYT,7,,,,"18, 19, 21, 22, 23, 24, 64",1077359,282.38446,,
300790059,  Deniz ve Liman İşletmeciliği (İngilizce) (%50 İndirimli),2,TYT,20,,,,"18, 19, 21, 22, 23, 24, 64",,,,
300790044,  Gemi Makineleri İşletmeciliği (İngilizce) (Burslu),2,TYT,5,,,,"11, 18, 19, 21, 22, 23, 24, 64",660967,317.33269,,
300790045,  Gemi Makineleri İşletmeciliği (İngilizce) (%50 İndirimli),2,TYT,31,,,,"11, 18, 19, 21, 22, 23, 24, 64",,,,
,HAVACILIK MESLEK YÜKSEKOKULU,,,,,,,,,,,
300790076,  İnsansız Hava Aracı Teknolojisi ve Operatörlüğü (Burslu),2,TYT,2,,,,"18, 19, 21, 64",498111,335.82830,,
300790083,  İnsansız Hava Aracı Teknolojisi ve Operatörlüğü (%50 İndirimli),2,TYT,13,,,,"18, 19, 21, 64",2179628,202.57373,,
300790056,  Sivil Hava Ulaştırma İşletmeciliği (Burslu),2,TYT,3,,,,"10, 18, 19, 21, 64",752847,308.57176,,
300790060,  Sivil Hava Ulaştırma İşletmeciliği (%50 İndirimli),2,TYT,17,,,,"10, 18, 19, 21, 64",2274684,189.04256,,
300790057,  Sivil Havacılık Kabin Hizmetleri (Burslu),2,TYT,3,,,,"10, 18, 19, 21, 64",658560,317.58365,,
300790097,  Sivil Havacılık Kabin Hizmetleri (%50 İndirimli),2,TYT,17,,,,"10, 18, 19, 21, 64",1735541,236.86268,,
,SAĞLIK HİZMETLERİ MESLEK YÜKSEKOKULU,,,,,,,,,,,
300750072,  Ağız ve Diş Sağlığı (Burslu),2,TYT,4,,,,"18, 19, 21, 64",948213,292.16205,,
300750081,  Ağız ve Diş Sağlığı (%50 İndirimli),2,TYT,21,,,,"18, 19, 21, 64",2235345,195.94848,,
300750099,  Anestezi (Burslu),2,TYT,5,,,,"18, 19, 21, 64",749672,308.85864,,
300750106,  Anestezi (%50 İndirimli),2,TYT,25,,,,"18, 19, 21, 64",1711709,238.49363,,
300750115,  Fizyoterapi (Burslu),2,TYT,3,,,,"18, 19, 21, 64",808914,303.59928,,
300750124,  Fizyoterapi (%50 İndirimli),2,TYT,20,,,,"18, 19, 21, 64",,,,
300750133,  İlk ve Acil Yardım (Burslu),2,TYT,8,,,,"18, 19, 21, 64",740323,309.70445,,
300750142,  İlk ve Acil Yardım (%50 İndirimli),2,TYT,42,,,,"18, 19, 21, 64",1895917,225.67097,,
300750178,  Tıbbi Görüntüleme Teknikleri (Burslu),2,TYT,3,,,,"18, 19, 21, 64",767203,307.26911,,
300750187,  Tıbbi Görüntüleme Teknikleri (%50 İndirimli),2,TYT,14,,,,"18, 19, 21, 64",,,,
,TEKNİK BİLİMLER MESLEK YÜKSEKOKULU,,,,,,,,,,,
300790052,  Bilgisayar Programcılığı (Burslu),2,TYT,5,,,,"18, 19, 21, 64",972697,290.26539,,
300790053,  Bilgisayar Programcılığı (%50 İndirimli),2,TYT,25,,,,"18, 19, 21, 64",,,,
300790054,  Çevre Koruma ve Kontrol (Burslu),2,TYT,1,,,,"18, 19, 21, 64",1370833,261.73839,,
300790055,  Çevre Koruma ve Kontrol (%50 İndirimli),2,TYT,8,,,,"18, 19, 21, 64",,,,
,TURİZM VE OTELCİLİK MESLEK YÜKSEKOKULU,,,,,,,,,,,
300790068,  Aşçılık (Burslu),2,TYT,5,,,,"18, 19, 21, 64",1264484,269.07023,,
300790069,  Aşçılık (%50 İndirimli),2,TYT,25,,,,"18, 19, 21, 64",,,,
,KIBRIS AMERİKAN ÜNİVERSİTESİ (KKTC-LEFKOŞA),,,,,,,,,,,
,MESLEK YÜKSEKOKULU,,,,,,,,,,,
300990069,  Aşçılık (Ücretli),2,TYT,13,,,,"18, 19, 64",,,,
300990044,  Aşçılık (Burslu),2,TYT,13,,,,"18, 19, 21, 64",1495120,253.26214,,
300990046,  Aşçılık (%50 İndirimli),2,TYT,13,,,,"18, 19, 21, 64",,,,
300900108,  Bilgisayar Programcılığı (İngilizce) (Ücretli),2,TYT,20,,,,"18, 19, 22, 23, 24, 64",...,----,,
300900101,  Bilgisayar Programcılığı (İngilizce) (Burslu),2,TYT,20,,,,,...,----,,
300900115,  Bilgisayar Programcılığı (İngilizce) (%50 İndirimli),2,TYT,20,,,,"18, 19, 21, 22, 23, 24, 64",...,----,,
,SAĞLIK MESLEK YÜKSEKOKULU,,,,,,,,,,,
300950016,  Anestezi (Ücretli),2,TYT,10,,,,"18, 19, 64",,,,
300950025,  Anestezi (Burslu),2,TYT,10,,,,"18, 19, 21, 64",826923,302.05575,,
300990060,  Anestezi (%50 İndirimli),2,TYT,10,,,,"18, 19, 21, 64",1914536,224.30851,,
300990061,  Eczane Hizmetleri (Ücretli),2,TYT,9,,,,"18, 19, 64, 132",,,,
300990054,  Eczane Hizmetleri (Burslu),2,TYT,8,,,,"18, 19, 21, 64, 132",1410698,259.01357,,
300990056,  Eczane Hizmetleri (%50 İndirimli),2,TYT,8,,,,"18, 19, 21, 64, 132",,,,
300950088,  Fizyoterapi (Ücretli),2,TYT,10,,,,"18, 19, 64",,,,
300950079,  Fizyoterapi (Burslu),2,TYT,10,,,,"18, 19, 21, 64",1215722,272.47006,,
300990062,  Fizyoterapi (%50 İndirimli),2,TYT,10,,,,"18, 19, 21, 64",,,,
300990063,  Sağlık Kurumları İşletmeciliği (Ücretli),2,TYT,10,,,,"18, 19, 64",,,,
300950052,  Sağlık Kurumları İşletmeciliği (Burslu),2,TYT,10,,,,"18, 19, 21, 64",1717055,238.12881,,
300990064,  Sağlık Kurumları İşletmeciliği (%50 İndirimli),2,TYT,10,,,,"18, 19, 21, 64",,,,
,KIBRIS AYDIN ÜNİVERSİTESİ (KKTC-GİRNE),,,,,,,,,,,
,MESLEK YÜKSEKOKULU,,,,,,,,,,,
302000276,  Sivil Havacılık Kabin Hizmetleri (Burslu),2,TYT,5,,,,"10, 18, 19, 21, 64",779980,306.12711,,
302000283,  Sivil Havacılık Kabin Hizmetleri (%50 İndirimli),2,TYT,31,,,,"10, 18, 19, 21, 64",2076484,211.96354,,
302000290,  Turist Rehberliği (İngilizce) (Burslu),2,TYT,5,,,,"18, 19, 21, 22, 23, 24, 64",,,,
302000297,  Turist Rehberliği (İngilizce) (%50 İndirimli),2,TYT,30,,,,"18, 19, 21, 22, 23, 24, 64",,,,
,SAĞLIK HİZMETLERİ MESLEK YÜKSEKOKULU,,,,,,,,,,,
302000108,  Fizyoterapi (Burslu),2,TYT,7,,,,"18, 19, 21, 64",1000274,288.14417,,
302000115,  Fizyoterapi (%50 İndirimli),2,TYT,42,,,,"18, 19, 21, 64",,,,
302000122,  İlk ve Acil Yardım (Burslu),2,TYT,12,,,,"18, 19, 21, 64",778950,306.21780,,
302000129,  İlk ve Acil Yardım (%50 İndirimli),2,TYT,68,,,,"18, 19, 21, 64",2045386,214.47502,,
302000136,  Optisyenlik (Burslu),2,TYT,5,,,,"18, 19, 21, 64",882246,297.44742,,
302000143,  Optisyenlik (%50 İndirimli),2,TYT,30,,,,"18, 19, 21, 64",2234318,196.09784,,
,KIBRIS SAĞLIK VE TOPLUM BİLİMLERİ ÜNİVERSİTESİ (KKTC-GÜZELYURT),,,,,,,,,,,
,SAĞLIK HİZMETLERİ MESLEK YÜKSEKOKULU,,,,,,,,,,,
301290075,  Ağız ve Diş Sağlığı (Burslu),2,TYT,6,,,,"18, 19, 21, 64",901982,295.84918,,
301290076,  Ağız ve Diş Sağlığı (%50 İndirimli),2,TYT,34,,,,"18, 19, 21, 64",2160547,204.50313,,
,LEFKE AVRUPA ÜNİVERSİTESİ (KKTC-LEFKE),,,,,,,,,,,
,MESLEK YÜKSEKOKULU,,,,,,,,,,,
300350516,  Aşçılık (Burslu),2,TYT,15,,,,"18, 19, 21, 64",1339213,263.90503,,
300350534,  Aşçılık (%50 İndirimli),2,TYT,15,,,,"18, 19, 21, 64",,,,
300350349,  Bilgisayar Programcılığı (İngilizce) (Burslu),2,TYT,15,,,,"18, 19, 21, 22, 23, 24, 64",1175498,275.30528,,
300350182,  Bilgisayar Programcılığı (İngilizce) (%50 İndirimli),2,TYT,15,,,,"18, 19, 21, 22, 23, 24, 64",1994416,218.43704,,
300390348,  Bilişim Güvenliği Teknolojisi (İngilizce) (Burslu),2,TYT,10,,,,"18, 19, 21, 22, 23, 24, 64",1606700,245.64834,,
300390355,  Bilişim Güvenliği Teknolojisi (İngilizce) (%50 İndirimli),2,TYT,10,,,,"18, 19, 21, 22, 23, 24, 64",,,,
300300101,  Büyük Veri Analistliği (İngilizce) (Burslu),2,TYT,30,,,,"18, 19, 21, 22, 23, 24, 64, 320",...,----,,
300300108,  Büyük Veri Analistliği (İngilizce) (%50 İndirimli),2,TYT,30,,,,"18, 19, 21, 22, 23, 24, 64, 320",...,----,,
300390334,  Çevre Koruma ve Kontrol (İngilizce) (Burslu),2,TYT,7,,,,"18, 19, 21, 22, 23, 24, 64",1950351,221.70770,,
300390341,  Çevre Koruma ve Kontrol (İngilizce) (%50 İndirimli),2,TYT,8,,,,"18, 19, 21, 22, 23, 24, 64",,,,
300390635,  E-Ticaret ve Pazarlama (İngilizce) (Burslu),2,TYT,10,,,,"18, 19, 21, 22, 23, 24, 64",,,,
300300115,  E-Ticaret ve Pazarlama (İngilizce) (%50 İndirimli),2,TYT,10,,,,"18, 19, 21, 22, 23, 24, 64",...,----,,
300350376,  İnşaat Teknolojisi (İngilizce) (Burslu),2,TYT,15,,,,"18, 19, 21, 22, 23, 24, 64",1919435,223.95815,,
300350207,  İnşaat Teknolojisi (İngilizce) (%50 İndirimli),2,TYT,15,,,,"18, 19, 21, 22, 23, 24, 64",,,,
300390642,  Mimari Restorasyon (İngilizce) (Burslu),2,TYT,20,,,,"18, 19, 21, 22, 23, 24, 64",,,,
300390649,  Mimari Restorasyon (İngilizce) (%50 İndirimli),2,TYT,20,,,,"18, 19, 21, 22, 23, 24, 64",,,,
300390362,  Pastacılık ve Ekmekçilik (Burslu),2,TYT,7,,,,"18, 19, 21, 64",1534843,250.53156,,
300390369,  Pastacılık ve Ekmekçilik (%50 İndirimli),2,TYT,8,,,,"18, 19, 21, 64",,,,
300300122,  Robotik ve Yapay Zeka (İngilizce) (Burslu),2,TYT,30,,,,"18, 19, 21, 22, 23, 24, 64, 320",...,----,,
300300129,  Robotik ve Yapay Zeka (İngilizce) (%50 İndirimli),2,TYT,30,,,,"18, 19, 21, 22, 23, 24, 64, 320",...,----,,
300390656,  Sivil Havacılık Kabin Hizmetleri (İngilizce) (Burslu),2,TYT,10,,,,"10, 18, 19, 21, 22, 23, 24, 64",922110,294.24572,,
300300136,  Sivil Havacılık Kabin Hizmetleri (İngilizce) (%50 İndirimli),2,TYT,10,,,,"10, 18, 19, 21, 22, 23, 24, 64",...,----,,
300390663,  Turizm ve Otel İşletmeciliği (Burslu),2,TYT,20,,,,"18, 19, 21, 64",1859485,228.27051,,
300390670,  Turizm ve Otel İşletmeciliği (%50 İndirimli),2,TYT,20,,,,"18, 19, 21, 64",,,,
,SAĞLIK HİZMETLERİ MESLEK YÜKSEKOKULU,,,,,,,,,,,
300350807,  Ağız ve Diş Sağlığı (Burslu),2,TYT,40,,,,"18, 19, 21, 64",931093,293.53297,,
300350816,  Ağız ve Diş Sağlığı (%50 İndirimli),2,TYT,40,,,,"18, 19, 21, 64",1547414,249.67380,,
300350552,  Ameliyathane Hizmetleri (Burslu),2,TYT,30,,,,"18, 19, 21, 64",1065989,283.22165,,
300350561,  Ameliyathane Hizmetleri (%50 İndirimli),2,TYT,30,,,,"18, 19, 21, 64",1796517,232.67149,,
300350588,  Anestezi (Burslu),2,TYT,40,,,,"18, 19, 21, 64",715853,311.98497,,
300350597,  Anestezi (%50 İndirimli),2,TYT,40,,,,"18, 19, 21, 64",1207461,273.04951,,
300350613,  Çocuk Gelişimi (Burslu),2,TYT,15,,,,"18, 19, 21, 64",1465737,255.25460,,
300350622,  Çocuk Gelişimi (%50 İndirimli),2,TYT,15,,,,"18, 19, 21, 64",,,,
300350834,  Diş Protez Teknolojisi (Burslu),2,TYT,25,,,,"18, 19, 21, 64",662402,317.18940,,
300351198,  Diş Protez Teknolojisi (%50 İndirimli),2,TYT,25,,,,"18, 19, 21, 64",1159401,276.46049,,
300350649,  Diyaliz (Burslu),2,TYT,25,,,,"18, 19, 21, 64",1071066,282.84198,,
300350658,  Diyaliz (%50 İndirimli),2,TYT,25,,,,"18, 19, 21, 64",2109057,209.22065,,
300351223,  Eczane Hizmetleri (Burslu),2,TYT,17,,,,"18, 19, 21, 64",1315168,265.56049,,
300351232,  Eczane Hizmetleri (%50 İndirimli),2,TYT,18,,,,"18, 19, 21, 64",,,,
300350861,  Elektronörofizyoloji (Burslu),2,TYT,17,,,,"18, 19, 21, 64",1293234,267.07506,,
300350879,  Elektronörofizyoloji (%50 İndirimli),2,TYT,18,,,,"18, 19, 21, 64",,,,
300350419,  Fizyoterapi (Burslu),2,TYT,30,,,,"18, 19, 21, 64",1113615,279.75014,,
300351108,  Fizyoterapi (%50 İndirimli),2,TYT,30,,,,"18, 19, 21, 64",1943001,222.24724,,
300350437,  İlk ve Acil Yardım (Burslu),2,TYT,16,,,,"18, 19, 21, 64",633020,320.23312,,
300351117,  İlk ve Acil Yardım (%50 İndirimli),2,TYT,64,,,,"18, 19, 21, 64",1194611,273.94429,,
300350897,  Odyometri (Burslu),2,TYT,20,,,,"18, 19, 21, 64",1359274,262.52562,,
300350904,  Odyometri (%50 İndirimli),2,TYT,20,,,,"18, 19, 21, 64",,,,
300350701,  Optisyenlik (Burslu),2,TYT,22,,,,"18, 19, 21, 64",1147575,277.30950,,
300350719,  Optisyenlik (%50 İndirimli),2,TYT,23,,,,"18, 19, 21, 64",1792768,232.93007,,
300351002,  Ortopedik Protez ve Ortez (Burslu),2,TYT,22,,,,"18, 19, 21, 64",1503879,252.66314,,
300390291,  Ortopedik Protez ve Ortez (%50 İndirimli),2,TYT,23,,,,"18, 19, 21, 64",,,,
300350922,  Patoloji Laboratuvar Teknikleri (Burslu),2,TYT,15,,,,"18, 19, 21, 64",1138313,277.97412,,
300350931,  Patoloji Laboratuvar Teknikleri (%50 İndirimli),2,TYT,15,,,,"18, 19, 21, 64",2120780,208.19646,,
300350737,  Radyoterapi (Burslu),2,TYT,25,,,,"18, 19, 21, 64",1256579,269.62692,,
300350746,  Radyoterapi (%50 İndirimli),2,TYT,25,,,,"18, 19, 21, 64",2291416,184.15200,,
300350455,  Tıbbi Dokümantasyon ve Sekreterlik (Burslu),2,TYT,17,,,,"18, 19, 21, 64",983294,289.45048,,
300350507,  Tıbbi Dokümantasyon ve Sekreterlik (%50 İndirimli),2,TYT,18,,,,"18, 19, 21, 64",1876715,227.05172,,
300350764,  Tıbbi Görüntüleme Teknikleri (Burslu),2,TYT,40,,,,"18, 19, 21, 64",815764,303.00890,,
300350773,  Tıbbi Görüntüleme Teknikleri (%50 İndirimli),2,TYT,40,,,,"18, 19, 21, 64",1402773,259.55754,,
300350473,  Tıbbi Laboratuvar Teknikleri (Burslu),2,TYT,22,,,,"18, 19, 21, 64",890622,296.76728,,
300351162,  Tıbbi Laboratuvar Teknikleri (%50 İndirimli),2,TYT,23,,,,"18, 19, 21, 64",1609470,245.45971,,
,ULUSLARARASI FİNAL ÜNİVERSİTESİ (KKTC-GİRNE),,,,,,,,,,,
,MESLEK YÜKSEKOKULU,,,,,,,,,,,
301390073,  Aşçılık (Burslu),2,TYT,3,,,,"18, 19, 21, 64",963011,291.00423,,
301390074,  Aşçılık (%50 İndirimli),2,TYT,17,,,,"18, 19, 21, 64",,,,
301390158,  Bilgisayar Programcılığı (İngilizce) (Burslu),2,TYT,7,,,,"18, 19, 21, 22, 23, 24, 64",1198744,273.65652,,
301390165,  Bilgisayar Programcılığı (İngilizce) (%50 İndirimli),2,TYT,28,,,,"18, 19, 21, 22, 23, 24, 64",,,,
,ULUSLARARASI KIBRIS ÜNİVERSİTESİ (KKTC-LEFKOŞA),,,,,,,,,,,
,MESLEK YÜKSEKOKULU,,,,,,,,,,,
300450312,  Bilgisayar Programcılığı (İngilizce) (Burslu),2,TYT,5,,,,"18, 19, 21, 22, 23, 24, 64",860386,299.24170,,
300490487,  Bilgisayar Programcılığı (İngilizce) (%50 İndirimli),2,TYT,25,,,,"18, 19, 21, 22, 23, 24, 64",,,,
,SAĞLIK BİLİMLERİ MESLEK YÜKSEKOKULU,,,,,,,,,,,
300450348,  Anestezi (Ücretli),2,TYT,9,,,,"18, 19, 64",1815801,231.32648,,
300450357,  Anestezi (Burslu),2,TYT,8,,,,"18, 19, 21, 64",734584,310.23697,,
300450436,  Anestezi (%50 İndirimli),2,TYT,38,,,,"18, 19, 21, 64",1658516,242.11998,,
300490447,  Çocuk Gelişimi (Burslu),2,TYT,5,,,,"18, 19, 21, 64",1414163,258.78042,,
300490473,  Çocuk Gelişimi (%50 İndirimli),2,TYT,15,,,,"18, 19, 21, 64",2272829,189.45567,,
300450515,  İlk ve Acil Yardım (Ücretli),2,TYT,39,,,,"18, 19, 64",1977159,219.73398,,
300450524,  İlk ve Acil Yardım (Burslu),2,TYT,12,,,,"18, 19, 21, 64",734467,310.24853,,
300450542,  İlk ve Acil Yardım (%50 İndirimli),2,TYT,29,,,,"18, 19, 21, 64",1459539,255.67037,,
,YAKIN DOĞU ÜNİVERSİTESİ (KKTC-LEFKOŞA),,,,,,,,,,,
,MESLEK YÜKSEKOKULU,,,,,,,,,,,
300551027,  Alternatif Enerji Kaynakları Teknolojisi (Burslu),2,TYT,3,,,,"18, 19, 21, 64",1534314,250.56783,,
300590395,  Alternatif Enerji Kaynakları Teknolojisi (%50 İndirimli),2,TYT,7,,,,"18, 19, 21, 64",,,,
300550868,  Bankacılık ve Sigortacılık (Burslu),2,TYT,6,,,,"18, 19, 21, 64",1375247,261.43270,,
300590396,  Bankacılık ve Sigortacılık (%50 İndirimli),2,TYT,19,,,,"18, 19, 21, 64",2243667,194.71441,,
300550577,  Bankacılık ve Sigortacılık (İngilizce) (Burslu),2,TYT,3,,,,"18, 19, 21, 22, 23, 24, 64",1477343,254.46916,,
300590397,  Bankacılık ve Sigortacılık (İngilizce) (%50 İndirimli),2,TYT,7,,,,"18, 19, 21, 22, 23, 24, 64",,,,
300551045,  Bilgisayar Destekli Tasarım ve Animasyon (Burslu),2,TYT,3,,,,"18, 19, 21, 64",1308134,266.05566,,
300590398,  Bilgisayar Destekli Tasarım ve Animasyon (%50 İndirimli),2,TYT,7,,,,"18, 19, 21, 64",,,,
300550929,  Bilgisayar Programcılığı (Burslu),2,TYT,12,,,,"18, 19, 21, 64",951527,291.90132,,
300590399,  Bilgisayar Programcılığı (%50 İndirimli),2,TYT,28,,,,"18, 19, 21, 64",,,,
300551063,  Dış Ticaret (Burslu),2,TYT,3,,,,"18, 19, 21, 64",1055690,283.99080,,
300590400,  Dış Ticaret (%50 İndirimli),2,TYT,7,,,,"18, 19, 21, 64",1857655,228.39274,,
300550629,  Elektronik Teknolojisi (İngilizce) (Burslu),2,TYT,3,,,,"18, 19, 21, 22, 23, 24, 64",1264408,269.07627,,
300590401,  Elektronik Teknolojisi (İngilizce) (%50 İndirimli),2,TYT,7,,,,"18, 19, 21, 22, 23, 24, 64",,,,
300551081,  Fotoğrafçılık ve Kameramanlık (Burslu),2,TYT,3,,,,"18, 19, 21, 64",1624121,244.46750,,
300590402,  Fotoğrafçılık ve Kameramanlık (%50 İndirimli),2,TYT,7,,,,"18, 19, 21, 64",,,,
300551124,  Grafik Tasarımı (Burslu),2,TYT,12,,,,"18, 19, 21, 64",1358312,262.59062,,
300590403,  Grafik Tasarımı (%50 İndirimli),2,TYT,12,,,,"18, 19, 21, 64",,,,
300550638,  İnşaat Teknolojisi (Burslu),2,TYT,12,,,,"18, 19, 21, 64",1687819,240.12148,,
300590404,  İnşaat Teknolojisi (%50 İndirimli),2,TYT,12,,,,"18, 19, 21, 64",,,,
300550656,  İnşaat Teknolojisi (İngilizce) (Burslu),2,TYT,12,,,,"18, 19, 21, 22, 23, 24, 64",1886819,226.32840,,
300590405,  İnşaat Teknolojisi (İngilizce) (%50 İndirimli),2,TYT,8,,,,"18, 19, 21, 22, 23, 24, 64",,,,
300551142,  Mimari Restorasyon (Burslu),2,TYT,6,,,,"18, 19, 21, 64",1489651,253.63134,,
300590406,  Mimari Restorasyon (%50 İndirimli),2,TYT,9,,,,"18, 19, 21, 64",,,,
300550692,  Otomotiv Teknolojisi (Burslu),2,TYT,8,,,,"18, 19, 21, 64",1298787,266.69464,,
300590407,  Otomotiv Teknolojisi (%50 İndirimli),2,TYT,12,,,,"18, 19, 21, 64",,,,
300550965,  Radyo ve Televizyon Teknolojisi (Burslu),2,TYT,2,,,,"18, 19, 21, 64",1130893,278.50744,,
300590408,  Radyo ve Televizyon Teknolojisi (%50 İndirimli),2,TYT,3,,,,"18, 19, 21, 64",2301361,179.07957,,
300551309,  Saç Bakımı ve Güzellik Hizmetleri (Burslu),2,TYT,5,,,,"18, 19, 21, 64",1037976,285.30759,,
300590409,  Saç Bakımı ve Güzellik Hizmetleri (%50 İndirimli),2,TYT,19,,,,"18, 19, 21, 64",,,,
300550726,  Turizm ve Otel İşletmeciliği (İngilizce) (Burslu),2,TYT,10,,,,"18, 19, 21, 22, 23, 24, 64",1384610,260.79717,,
300590410,  Turizm ve Otel İşletmeciliği (İngilizce) (%50 İndirimli),2,TYT,10,,,,"18, 19, 21, 22, 23, 24, 64",,,,
,SAĞLIK HİZMETLERİ MESLEK YÜKSEKOKULU,,,,,,,,,,,
300550753,  Ağız ve Diş Sağlığı (Burslu),2,TYT,7,,,,"18, 19, 21, 64",909368,295.25901,,
300550435,  Ağız ve Diş Sağlığı (%50 İndirimli),2,TYT,27,,,,"18, 19, 21, 64",1987032,218.99259,,
300590344,  Ağız ve Diş Sağlığı (İngilizce) (Burslu),2,TYT,10,,,,"18, 19, 21, 22, 23, 24, 64",1116368,279.55161,,
300590345,  Ağız ve Diş Sağlığı (İngilizce) (%50 İndirimli),2,TYT,15,,,,"18, 19, 21, 22, 23, 24, 64",,,,
300550762,  Ameliyathane Hizmetleri (Burslu),2,TYT,9,,,,"18, 19, 21, 64",1030735,285.84744,,
300550408,  Ameliyathane Hizmetleri (%50 İndirimli),2,TYT,31,,,,"18, 19, 21, 64",2278109,188.21227,,
300550771,  Anestezi (Burslu),2,TYT,12,,,,"18, 19, 21, 64",692390,314.21845,,
300550356,  Anestezi (%50 İndirimli),2,TYT,54,,,,"18, 19, 21, 64",1675087,240.98445,,
300550947,  Biyomedikal Cihaz Teknolojisi (Burslu),2,TYT,13,,,,"18, 19, 21, 64",1607002,245.62755,,
300590412,  Biyomedikal Cihaz Teknolojisi (%50 İndirimli),2,TYT,9,,,,"18, 19, 21, 64",,,,
300550789,  Çocuk Gelişimi (Burslu),2,TYT,15,,,,"18, 19, 21, 64",1482671,254.09814,,
300590421,  Çocuk Gelişimi (%50 İndirimli),2,TYT,15,,,,"18, 19, 21, 64",,,,
300550886,  Diyaliz (Burslu),2,TYT,20,,,,"18, 19, 21, 64",1176096,275.26550,,
300550895,  Diyaliz (%50 İndirimli),2,TYT,25,,,,"18, 19, 21, 64",,,,
300550798,  Eczane Hizmetleri (Burslu),2,TYT,10,,,,"18, 19, 21, 64",1119807,279.30343,,
300590413,  Eczane Hizmetleri (%50 İndirimli),2,TYT,10,,,,"18, 19, 21, 64",,,,
300551187,  Elektronörofizyoloji (Burslu),2,TYT,20,,,,"18, 19, 21, 64",1612515,245.25155,,
300551196,  Elektronörofizyoloji (%50 İndirimli),2,TYT,12,,,,"18, 19, 21, 64",,,,
300551203,  Fizyoterapi (Burslu),2,TYT,20,,,,"18, 19, 21, 64",1033895,285.61492,,
300551212,  Fizyoterapi (%50 İndirimli),2,TYT,30,,,,"18, 19, 21, 64",,,,
300550805,  İlk ve Acil Yardım (Burslu),2,TYT,12,,,,"18, 19, 21, 64",682949,315.14936,,
300550347,  İlk ve Acil Yardım (%50 İndirimli),2,TYT,68,,,,"18, 19, 21, 64",1579251,247.51200,,
300590342,  İlk ve Acil Yardım (İngilizce) (Burslu),2,TYT,15,,,,"18, 19, 21, 22, 23, 24, 64",908588,295.32163,,
300590343,  İlk ve Acil Yardım (İngilizce) (%50 İndirimli),2,TYT,25,,,,"18, 19, 21, 22, 23, 24, 64",,,,
300551221,  Laborant ve Veteriner Sağlık (Burslu),2,TYT,11,,,,"18, 19, 21, 64",1316853,265.43971,,
300590415,  Laborant ve Veteriner Sağlık (%50 İndirimli),2,TYT,39,,,,"18, 19, 21, 64",2274316,189.12023,,
300550814,  Odyometri (Burslu),2,TYT,20,,,,"18, 19, 21, 64",1343003,263.64409,,
300550329,  Odyometri (%50 İndirimli),2,TYT,22,,,,"18, 19, 21, 64",,,,
300551284,  Patoloji Laboratuvar Teknikleri (Burslu),2,TYT,25,,,,"18, 19, 21, 64",1295282,266.93754,,
300590416,  Patoloji Laboratuvar Teknikleri (%50 İndirimli),2,TYT,17,,,,"18, 19, 21, 64",,,,
300550902,  Radyoterapi (Burslu),2,TYT,25,,,,"18, 19, 21, 64",1362510,262.29540,,
300590417,  Radyoterapi (%50 İndirimli),2,TYT,15,,,,"18, 19, 21, 64",,,,
300550823,  Tıbbi Dokümantasyon ve Sekreterlik (Burslu),2,TYT,6,,,,"18, 19, 21, 64",996399,288.44242,,
300590418,  Tıbbi Dokümantasyon ve Sekreterlik (%50 İndirimli),2,TYT,29,,,,"18, 19, 21, 64",2294729,182.79789,,
300550983,  Tıbbi Görüntüleme Teknikleri (Burslu),2,TYT,11,,,,"18, 19, 21, 64",736560,310.05589,,
300550992,  Tıbbi Görüntüleme Teknikleri (%50 İndirimli),2,TYT,44,,,,"18, 19, 21, 64",1977908,219.67845,,
300550841,  Tıbbi Laboratuvar Teknikleri (Burslu),2,TYT,9,,,,"18, 19, 21, 64",853638,299.81823,,
300550417,  Tıbbi Laboratuvar Teknikleri (%50 İndirimli),2,TYT,41,,,,"18, 19, 21, 64",,,,
300550859,  Yaşlı Bakımı (Burslu),2,TYT,8,,,,"18, 19, 21, 64",1345584,263.46217,,
300590419,  Yaşlı Bakımı (%50 İndirimli),2,TYT,7,,,,"18, 19, 21, 64",,,,
,TURİZM VE OTEL İŞLETMECİLİĞİ MESLEK YÜKSEKOKULU,,,,,,,,,,,
300551009,  Aşçılık (Burslu),2,TYT,17,,,,"18, 19, 21, 64",1341217,263.76802,,
300590420,  Aşçılık (%50 İndirimli),2,TYT,25,,,,"18, 19, 21, 64",,,,
